ISO-10303-21;
HEADER;
FILE_DESCRIPTION (( 'STEP AP214' ),
    '1' );
FILE_NAME ('ABLS7M2-16.000MHZ-D2Y-T.STEP',
    '2021-08-24T08:22:11',
    ( '' ),
    ( '' ),
    'SwSTEP 2.0',
    'SolidWorks 2018',
    '' );
FILE_SCHEMA (( 'AUTOMOTIVE_DESIGN' ));
ENDSEC;

DATA;
#1 = DIRECTION ( 'NONE',  ( -0.0000000000000000000, 1.000000000000000000, -0.0000000000000000000 ) ) ;
#2 = SURFACE_SIDE_STYLE ('',( #64 ) ) ;
#3 = PRESENTATION_STYLE_ASSIGNMENT (( #1953 ) ) ;
#4 = VECTOR ( 'NONE', #760, 1000.000000000000000 ) ;
#5 = CIRCLE ( 'NONE', #485, 1.250000000000000222 ) ;
#6 = VECTOR ( 'NONE', #734, 1000.000000000000000 ) ;
#7 = EDGE_CURVE ( 'NONE', #1295, #480, #1445, .T. ) ;
#8 = MECHANICAL_DESIGN_GEOMETRIC_PRESENTATION_REPRESENTATION (  '', ( #1879 ), #2163 ) ;
#9 = ORIENTED_EDGE ( 'NONE', *, *, #985, .F. ) ;
#10 = LINE ( 'NONE', #610, #1831 ) ;
#11 = ORIENTED_EDGE ( 'NONE', *, *, #354, .T. ) ;
#12 = SURFACE_STYLE_USAGE ( .BOTH. , #704 ) ;
#13 = DIRECTION ( 'NONE',  ( 0.0000000000000000000, -0.0000000000000000000, 1.000000000000000000 ) ) ;
#14 = CARTESIAN_POINT ( 'NONE',  ( -1.400000000000000133, 0.5500000000000000444, -1.649999999999999911 ) ) ;
#15 = AXIS2_PLACEMENT_3D ( 'NONE', #251, #1129, #782 ) ;
#16 = ORIENTED_EDGE ( 'NONE', *, *, #1604, .F. ) ;
#17 = MECHANICAL_DESIGN_GEOMETRIC_PRESENTATION_REPRESENTATION (  '', ( #2042 ), #1110 ) ;
#18 = ADVANCED_FACE ( 'NONE', ( #992 ), #632, .F. ) ;
#19 =( NAMED_UNIT ( * ) SI_UNIT ( $, .STERADIAN. ) SOLID_ANGLE_UNIT ( ) );
#20 = AXIS2_PLACEMENT_3D ( 'NONE', #509, #1359, #2073 ) ;
#21 = ORIENTED_EDGE ( 'NONE', *, *, #1630, .F. ) ;
#22 = COLOUR_RGB ( '',0.2509803921568627416, 0.2509803921568627416, 0.2509803921568627416 ) ;
#23 =( NAMED_UNIT ( * ) PLANE_ANGLE_UNIT ( ) SI_UNIT ( $, .RADIAN. ) );
#24 = DIRECTION ( 'NONE',  ( 0.0000000000000000000, 1.000000000000000000, 0.0000000000000000000 ) ) ;
#25 = UNCERTAINTY_MEASURE_WITH_UNIT (LENGTH_MEASURE( 1.000000000000000082E-05 ), #1574, 'distance_accuracy_value', 'NONE');
#26 = STYLED_ITEM ( 'NONE', ( #1518 ), #1914 ) ;
#27 = ORIENTED_EDGE ( 'NONE', *, *, #1406, .F. ) ;
#28 = EDGE_CURVE ( 'NONE', #2207, #1035, #1903, .T. ) ;
#29 = EDGE_CURVE ( 'NONE', #208, #534, #275, .T. ) ;
#30 = DIRECTION ( 'NONE',  ( 0.0000000000000000000, -0.0000000000000000000, 1.000000000000000000 ) ) ;
#31 = FILL_AREA_STYLE ('',( #210 ) ) ;
#32 = PRESENTATION_LAYER_ASSIGNMENT (  '', '', ( #1409 ) ) ;
#33 = ORIENTED_EDGE ( 'NONE', *, *, #371, .T. ) ;
#34 = ORIENTED_EDGE ( 'NONE', *, *, #719, .F. ) ;
#35 = CIRCLE ( 'NONE', #1567, 0.2000000000000000944 ) ;
#36 = LINE ( 'NONE', #1050, #1401 ) ;
#37 = VECTOR ( 'NONE', #397, 1000.000000000000000 ) ;
#38 = CARTESIAN_POINT ( 'NONE',  ( 0.0000000000000000000, 0.2000000000000000111, 0.0000000000000000000 ) ) ;
#39 = FILL_AREA_STYLE_COLOUR ( '', #2108 ) ;
#40 = ADVANCED_FACE ( 'NONE', ( #1851 ), #1790, .F. ) ;
#41 = AXIS2_PLACEMENT_3D ( 'NONE', #452, #797, #1306 ) ;
#42 = VECTOR ( 'NONE', #428, 1000.000000000000000 ) ;
#43 = ORIENTED_EDGE ( 'NONE', *, *, #214, .T. ) ;
#44 = CARTESIAN_POINT ( 'NONE',  ( 1.399999999999999911, 1.700000000000000178, -2.464095846557964399E-16 ) ) ;
#45 = ORIENTED_EDGE ( 'NONE', *, *, #1183, .F. ) ;
#46 = EDGE_CURVE ( 'NONE', #529, #506, #1671, .T. ) ;
#47 = FILL_AREA_STYLE ('',( #743 ) ) ;
#48 = ORIENTED_EDGE ( 'NONE', *, *, #1459, .F. ) ;
#49 = VECTOR ( 'NONE', #477, 1000.000000000000000 ) ;
#50 = COLOUR_RGB ( '',1.000000000000000000, 1.000000000000000000, 1.000000000000000000 ) ;
#51 = DIRECTION ( 'NONE',  ( -1.000000000000000000, 0.0000000000000000000, 0.0000000000000000000 ) ) ;
#52 = DIRECTION ( 'NONE',  ( 0.0000000000000000000, -0.0000000000000000000, 1.000000000000000000 ) ) ;
#53 = VECTOR ( 'NONE', #1907, 1000.000000000000000 ) ;
#54 = FILL_AREA_STYLE ('',( #923 ) ) ;
#55 = UNCERTAINTY_MEASURE_WITH_UNIT (LENGTH_MEASURE( 1.000000000000000082E-05 ), #2104, 'distance_accuracy_value', 'NONE');
#56 = EDGE_CURVE ( 'NONE', #1055, #208, #322, .T. ) ;
#57 = ORIENTED_EDGE ( 'NONE', *, *, #1185, .F. ) ;
#58 = AXIS2_PLACEMENT_3D ( 'NONE', #693, #315, #1517 ) ;
#59 = DIRECTION ( 'NONE',  ( 0.0000000000000000000, 0.0000000000000000000, 1.000000000000000000 ) ) ;
#60 =( GEOMETRIC_REPRESENTATION_CONTEXT ( 3 ) GLOBAL_UNCERTAINTY_ASSIGNED_CONTEXT ( ( #1162 ) ) GLOBAL_UNIT_ASSIGNED_CONTEXT ( ( #1354, #2224, #1340 ) ) REPRESENTATION_CONTEXT ( 'NONE', 'WORKASPACE' ) );
#61 = CARTESIAN_POINT ( 'NONE',  ( 3.500000000000000000, 0.0000000000000000000, 2.049999999999999822 ) ) ;
#62 = AXIS2_PLACEMENT_3D ( 'NONE', #2238, #492, #1027 ) ;
#63 = SURFACE_STYLE_USAGE ( .BOTH. , #1257 ) ;
#64 = SURFACE_STYLE_FILL_AREA ( #31 ) ;
#65 = FILL_AREA_STYLE ('',( #613 ) ) ;
#66 = SURFACE_STYLE_USAGE ( .BOTH. , #1084 ) ;
#67 =( GEOMETRIC_REPRESENTATION_CONTEXT ( 3 ) GLOBAL_UNCERTAINTY_ASSIGNED_CONTEXT ( ( #2156 ) ) GLOBAL_UNIT_ASSIGNED_CONTEXT ( ( #672, #1336, #1508 ) ) REPRESENTATION_CONTEXT ( 'NONE', 'WORKASPACE' ) );
#68 = FACE_OUTER_BOUND ( 'NONE', #113, .T. ) ;
#69 = VECTOR ( 'NONE', #710, 1000.000000000000000 ) ;
#70 = VECTOR ( 'NONE', #406, 1000.000000000000000 ) ;
#71 = CARTESIAN_POINT ( 'NONE',  ( -1.399999999999999689, 0.5500000000000000444, 4.303954078654577520E-16 ) ) ;
#72 = ORIENTED_EDGE ( 'NONE', *, *, #1119, .T. ) ;
#73 = DIRECTION ( 'NONE',  ( 0.0000000000000000000, -0.0000000000000000000, -1.000000000000000000 ) ) ;
#74 = STYLED_ITEM ( 'NONE', ( #415 ), #1908 ) ;
#75 = PRESENTATION_STYLE_ASSIGNMENT (( #1510 ) ) ;
#76 = ORIENTED_EDGE ( 'NONE', *, *, #1183, .T. ) ;
#77 = SURFACE_STYLE_USAGE ( .BOTH. , #239 ) ;
#78 =( NAMED_UNIT ( * ) SI_UNIT ( $, .STERADIAN. ) SOLID_ANGLE_UNIT ( ) );
#79 = CIRCLE ( 'NONE', #2002, 0.5000000000000000000 ) ;
#80 = CARTESIAN_POINT ( 'NONE',  ( 1.400000000000000355, 0.5500000000000000444, 1.899999999999999689 ) ) ;
#81 = DIRECTION ( 'NONE',  ( 0.0000000000000000000, 0.0000000000000000000, -1.000000000000000000 ) ) ;
#82 = TOROIDAL_SURFACE ( 'NONE', #2237, 1.649999999999999911, 0.2000000000000000111 ) ;
#83 = DIRECTION ( 'NONE',  ( -0.0000000000000000000, -1.000000000000000000, -0.0000000000000000000 ) ) ;
#84 = ORIENTED_EDGE ( 'NONE', *, *, #2121, .T. ) ;
#85 = SHAPE_DEFINITION_REPRESENTATION ( #1022, #1202 ) ;
#86 = SURFACE_STYLE_USAGE ( .BOTH. , #940 ) ;
#87 = DIRECTION ( 'NONE',  ( 0.0000000000000000000, -1.000000000000000000, 0.0000000000000000000 ) ) ;
#88 = ORIENTED_EDGE ( 'NONE', *, *, #91, .F. ) ;
#89 = PRESENTATION_STYLE_ASSIGNMENT (( #683 ) ) ;
#90 = FILL_AREA_STYLE_COLOUR ( '', #770 ) ;
#91 = EDGE_CURVE ( 'NONE', #451, #480, #1494, .T. ) ;
#92 =( GEOMETRIC_REPRESENTATION_CONTEXT ( 3 ) GLOBAL_UNCERTAINTY_ASSIGNED_CONTEXT ( ( #192 ) ) GLOBAL_UNIT_ASSIGNED_CONTEXT ( ( #1013, #999, #2067 ) ) REPRESENTATION_CONTEXT ( 'NONE', 'WORKASPACE' ) );
#93 = FILL_AREA_STYLE_COLOUR ( '', #888 ) ;
#94 = CYLINDRICAL_SURFACE ( 'NONE', #1677, 0.2000000000000000944 ) ;
#95 = FILL_AREA_STYLE ('',( #950 ) ) ;
#96 = FILL_AREA_STYLE ('',( #39 ) ) ;
#97 = STYLED_ITEM ( 'NONE', ( #998 ), #821 ) ;
#98 = LINE ( 'NONE', #1122, #1499 ) ;
#99 = ORIENTED_EDGE ( 'NONE', *, *, #1767, .T. ) ;
#100 = UNCERTAINTY_MEASURE_WITH_UNIT (LENGTH_MEASURE( 1.000000000000000082E-05 ), #906, 'distance_accuracy_value', 'NONE');
#101 = PLANE ( 'NONE',  #1111 ) ;
#102 = CARTESIAN_POINT ( 'NONE',  ( 1.399999999999999689, 0.5500000000000000444, -1.900000000000000133 ) ) ;
#103 =( GEOMETRIC_REPRESENTATION_CONTEXT ( 3 ) GLOBAL_UNCERTAINTY_ASSIGNED_CONTEXT ( ( #1414 ) ) GLOBAL_UNIT_ASSIGNED_CONTEXT ( ( #723, #1418, #933 ) ) REPRESENTATION_CONTEXT ( 'NONE', 'WORKASPACE' ) );
#104 = EDGE_LOOP ( 'NONE', ( #1682, #204, #2160, #1513 ) ) ;
#105 = PRODUCT_DEFINITION ( 'UNKNOWN', '', #779, #155 ) ;
#106 = ORIENTED_EDGE ( 'NONE', *, *, #228, .T. ) ;
#107 = EDGE_CURVE ( 'NONE', #1236, #2075, #2217, .T. ) ;
#108 = PRESENTATION_STYLE_ASSIGNMENT (( #1699 ) ) ;
#109 = AXIS2_PLACEMENT_3D ( 'NONE', #1385, #1588, #1239 ) ;
#110 = FILL_AREA_STYLE_COLOUR ( '', #1450 ) ;
#111 = VECTOR ( 'NONE', #459, 1000.000000000000000 ) ;
#112 = CARTESIAN_POINT ( 'NONE',  ( -3.000000000000000444, 0.0000000000000000000, 1.550000000000000488 ) ) ;
#113 = EDGE_LOOP ( 'NONE', ( #1413, #48, #622, #294 ) ) ;
#114 =( NAMED_UNIT ( * ) PLANE_ANGLE_UNIT ( ) SI_UNIT ( $, .RADIAN. ) );
#115 = PRESENTATION_LAYER_ASSIGNMENT (  '', '', ( #26 ) ) ;
#116 = DIRECTION ( 'NONE',  ( 0.0000000000000000000, 0.0000000000000000000, -1.000000000000000000 ) ) ;
#117 = EDGE_CURVE ( 'NONE', #2102, #1928, #168, .T. ) ;
#118 = CARTESIAN_POINT ( 'NONE',  ( -3.799999999999999378, 0.2000000000000000111, -0.3000000000000001554 ) ) ;
#119 = VECTOR ( 'NONE', #1809, 1000.000000000000000 ) ;
#120 = SURFACE_STYLE_FILL_AREA ( #395 ) ;
#121 = SURFACE_STYLE_FILL_AREA ( #1461 ) ;
#122 = SURFACE_SIDE_STYLE ('',( #535 ) ) ;
#123 = ORIENTED_EDGE ( 'NONE', *, *, #1159, .F. ) ;
#124 = UNCERTAINTY_MEASURE_WITH_UNIT (LENGTH_MEASURE( 1.000000000000000082E-05 ), #2081, 'distance_accuracy_value', 'NONE');
#125 = ORIENTED_EDGE ( 'NONE', *, *, #1910, .F. ) ;
#126 = COLOUR_RGB ( '',0.2509803921568627416, 0.2509803921568627416, 0.2509803921568627416 ) ;
#127 = DIRECTION ( 'NONE',  ( 0.0000000000000000000, -1.000000000000000000, 0.0000000000000000000 ) ) ;
#128 = ORIENTED_EDGE ( 'NONE', *, *, #720, .F. ) ;
#129 = AXIS2_PLACEMENT_3D ( 'NONE', #1849, #1720, #636 ) ;
#130 = DIRECTION ( 'NONE',  ( 0.0000000000000000000, 0.0000000000000000000, -1.000000000000000000 ) ) ;
#131 = CARTESIAN_POINT ( 'NONE',  ( -1.399999999999999911, 0.7500000000000000000, 1.450000000000000844 ) ) ;
#132 = VECTOR ( 'NONE', #2206, 1000.000000000000000 ) ;
#133 = PRESENTATION_LAYER_ASSIGNMENT (  '', '', ( #2041 ) ) ;
#134 = COLOUR_RGB ( '',1.000000000000000000, 1.000000000000000000, 1.000000000000000000 ) ;
#135 =( GEOMETRIC_REPRESENTATION_CONTEXT ( 3 ) GLOBAL_UNCERTAINTY_ASSIGNED_CONTEXT ( ( #1071 ) ) GLOBAL_UNIT_ASSIGNED_CONTEXT ( ( #1484, #2030, #789 ) ) REPRESENTATION_CONTEXT ( 'NONE', 'WORKASPACE' ) );
#136 = DIRECTION ( 'NONE',  ( 0.0000000000000000000, 0.0000000000000000000, 1.000000000000000000 ) ) ;
#137 = VECTOR ( 'NONE', #1088, 1000.000000000000000 ) ;
#138 = EDGE_LOOP ( 'NONE', ( #803, #1488, #1985, #1023, #76, #1207, #1478, #1652 ) ) ;
#139 = CARTESIAN_POINT ( 'NONE',  ( -1.399999999999999911, 0.5000000000000000000, 0.0000000000000000000 ) ) ;
#140 = ORIENTED_EDGE ( 'NONE', *, *, #1532, .F. ) ;
#141 = LINE ( 'NONE', #378, #582 ) ;
#142 = SURFACE_STYLE_USAGE ( .BOTH. , #1003 ) ;
#143 = PRESENTATION_LAYER_ASSIGNMENT (  '', '', ( #185 ) ) ;
#144 = PRESENTATION_STYLE_ASSIGNMENT (( #1170 ) ) ;
#145 = SURFACE_STYLE_USAGE ( .BOTH. , #1168 ) ;
#146 = FACE_OUTER_BOUND ( 'NONE', #2146, .T. ) ;
#147 = EDGE_CURVE ( 'NONE', #421, #392, #2047, .T. ) ;
#148 = EDGE_CURVE ( 'NONE', #392, #667, #838, .T. ) ;
#149 = STYLED_ITEM ( 'NONE', ( #433 ), #320 ) ;
#150 = VECTOR ( 'NONE', #2144, 1000.000000000000000 ) ;
#151 = ORIENTED_EDGE ( 'NONE', *, *, #1001, .F. ) ;
#152 = ORIENTED_EDGE ( 'NONE', *, *, #2198, .T. ) ;
#153 = DIRECTION ( 'NONE',  ( -0.0000000000000000000, -0.0000000000000000000, -1.000000000000000000 ) ) ;
#154 = DIRECTION ( 'NONE',  ( 1.000000000000000000, 0.0000000000000000000, 0.0000000000000000000 ) ) ;
#155 = PRODUCT_DEFINITION_CONTEXT ( 'detailed design', #486, 'design' ) ;
#156 = ORIENTED_EDGE ( 'NONE', *, *, #1268, .F. ) ;
#157 = EDGE_LOOP ( 'NONE', ( #648, #818, #1339, #1357 ) ) ;
#158 = AXIS2_PLACEMENT_3D ( 'NONE', #1416, #733, #30 ) ;
#159 = CARTESIAN_POINT ( 'NONE',  ( -1.399999999999999689, 1.700000000000000178, 4.303954078654577520E-16 ) ) ;
#160 =( NAMED_UNIT ( * ) PLANE_ANGLE_UNIT ( ) SI_UNIT ( $, .RADIAN. ) );
#161 = SURFACE_STYLE_USAGE ( .BOTH. , #1030 ) ;
#162 = CARTESIAN_POINT ( 'NONE',  ( -1.400000000000000133, 1.900000000000000133, -1.449999999999999956 ) ) ;
#163 = ADVANCED_FACE ( 'NONE', ( #2107 ), #1692, .T. ) ;
#164 = CIRCLE ( 'NONE', #796, 1.899999999999999911 ) ;
#165 = CARTESIAN_POINT ( 'NONE',  ( -3.000000000000000000, 0.0000000000000000000, -1.549999999999998934 ) ) ;
#166 = ORIENTED_EDGE ( 'NONE', *, *, #264, .F. ) ;
#167 = DIRECTION ( 'NONE',  ( 0.0000000000000000000, -1.000000000000000000, 0.0000000000000000000 ) ) ;
#168 = LINE ( 'NONE', #254, #1739 ) ;
#169 = STYLED_ITEM ( 'NONE', ( #75 ), #18 ) ;
#170 = SURFACE_STYLE_FILL_AREA ( #575 ) ;
#171 = SURFACE_STYLE_FILL_AREA ( #1901 ) ;
#172 = AXIS2_PLACEMENT_3D ( 'NONE', #1678, #116, #284 ) ;
#173 = DIRECTION ( 'NONE',  ( 1.000000000000000000, 0.0000000000000000000, -7.744301232039319147E-17 ) ) ;
#174 = PLANE ( 'NONE',  #1912 ) ;
#175 = STYLED_ITEM ( 'NONE', ( #445 ), #1540 ) ;
#176 =( GEOMETRIC_REPRESENTATION_CONTEXT ( 3 ) GLOBAL_UNCERTAINTY_ASSIGNED_CONTEXT ( ( #2221 ) ) GLOBAL_UNIT_ASSIGNED_CONTEXT ( ( #212, #389, #1391 ) ) REPRESENTATION_CONTEXT ( 'NONE', 'WORKASPACE' ) );
#177 = ADVANCED_FACE ( 'NONE', ( #1192 ), #1988, .T. ) ;
#178 = ORIENTED_EDGE ( 'NONE', *, *, #1765, .T. ) ;
#179 = MECHANICAL_DESIGN_GEOMETRIC_PRESENTATION_REPRESENTATION (  '', ( #1867 ), #2125 ) ;
#180 = ORIENTED_EDGE ( 'NONE', *, *, #28, .T. ) ;
#181 = CARTESIAN_POINT ( 'NONE',  ( 3.799999999999999378, 0.0000000000000000000, -0.3000000000000001554 ) ) ;
#182 = FILL_AREA_STYLE_COLOUR ( '', #2020 ) ;
#183 = ORIENTED_EDGE ( 'NONE', *, *, #463, .F. ) ;
#184 =( NAMED_UNIT ( * ) SI_UNIT ( $, .STERADIAN. ) SOLID_ANGLE_UNIT ( ) );
#185 = STYLED_ITEM ( 'NONE', ( #3 ), #2087 ) ;
#186 = ADVANCED_FACE ( 'NONE', ( #2077 ), #1118, .F. ) ;
#187 = PRODUCT_DEFINITION_SHAPE ( 'NONE', 'NONE',  #105 ) ;
#188 = SURFACE_STYLE_USAGE ( .BOTH. , #374 ) ;
#189 = LINE ( 'NONE', #219, #1957 ) ;
#190 = VERTEX_POINT ( 'NONE', #191 ) ;
#191 = CARTESIAN_POINT ( 'NONE',  ( -3.500000000000000444, 0.2000000000000000111, -0.5000000000000000000 ) ) ;
#192 = UNCERTAINTY_MEASURE_WITH_UNIT (LENGTH_MEASURE( 1.000000000000000082E-05 ), #1013, 'distance_accuracy_value', 'NONE');
#193 = ORIENTED_EDGE ( 'NONE', *, *, #1159, .T. ) ;
#194 = FILL_AREA_STYLE ('',( #839 ) ) ;
#195 = CARTESIAN_POINT ( 'NONE',  ( 1.400000000000000133, 0.5500000000000000444, 1.650000000000000355 ) ) ;
#196 = DIRECTION ( 'NONE',  ( 1.000000000000000000, 0.0000000000000000000, 2.356961244533705666E-17 ) ) ;
#197 = LINE ( 'NONE', #2192, #1991 ) ;
#198 = ADVANCED_FACE ( 'NONE', ( #548 ), #878, .F. ) ;
#199 = ORIENTED_EDGE ( 'NONE', *, *, #2208, .F. ) ;
#200 = FILL_AREA_STYLE_COLOUR ( '', #2242 ) ;
#201 = DIRECTION ( 'NONE',  ( 0.0000000000000000000, 0.0000000000000000000, -1.000000000000000000 ) ) ;
#202 = DIRECTION ( 'NONE',  ( -0.0000000000000000000, 1.000000000000000000, -0.0000000000000000000 ) ) ;
#203 = EDGE_CURVE ( 'NONE', #1835, #1217, #1852, .T. ) ;
#204 = ORIENTED_EDGE ( 'NONE', *, *, #1995, .T. ) ;
#205 = PRESENTATION_LAYER_ASSIGNMENT (  '', '', ( #1867 ) ) ;
#206 = ORIENTED_EDGE ( 'NONE', *, *, #2184, .T. ) ;
#207 = ADVANCED_FACE ( 'NONE', ( #1400 ), #2109, .T. ) ;
#208 = VERTEX_POINT ( 'NONE', #465 ) ;
#209 = DIRECTION ( 'NONE',  ( 0.0000000000000000000, -0.0000000000000000000, 1.000000000000000000 ) ) ;
#210 = FILL_AREA_STYLE_COLOUR ( '', #517 ) ;
#211 = SURFACE_STYLE_FILL_AREA ( #312 ) ;
#212 =( LENGTH_UNIT ( ) NAMED_UNIT ( * ) SI_UNIT ( .MILLI., .METRE. ) );
#213 =( LENGTH_UNIT ( ) NAMED_UNIT ( * ) SI_UNIT ( .MILLI., .METRE. ) );
#214 = EDGE_CURVE ( 'NONE', #1944, #2233, #1581, .T. ) ;
#215 =( NAMED_UNIT ( * ) PLANE_ANGLE_UNIT ( ) SI_UNIT ( $, .RADIAN. ) );
#216 = FILL_AREA_STYLE ('',( #1621 ) ) ;
#217 =( GEOMETRIC_REPRESENTATION_CONTEXT ( 3 ) GLOBAL_UNCERTAINTY_ASSIGNED_CONTEXT ( ( #1732 ) ) GLOBAL_UNIT_ASSIGNED_CONTEXT ( ( #1153, #834, #625 ) ) REPRESENTATION_CONTEXT ( 'NONE', 'WORKASPACE' ) );
#218 = ORIENTED_EDGE ( 'NONE', *, *, #46, .F. ) ;
#219 = CARTESIAN_POINT ( 'NONE',  ( 3.799999999999999378, 0.0000000000000000000, -0.3000000000000001554 ) ) ;
#220 = SURFACE_SIDE_STYLE ('',( #223 ) ) ;
#221 = PRESENTATION_STYLE_ASSIGNMENT (( #1489 ) ) ;
#222 = LINE ( 'NONE', #1423, #1097 ) ;
#223 = SURFACE_STYLE_FILL_AREA ( #381 ) ;
#224 = PLANE ( 'NONE',  #158 ) ;
#225 = COLOUR_RGB ( '',0.2509803921568627416, 0.2509803921568627416, 0.2509803921568627416 ) ;
#226 = CARTESIAN_POINT ( 'NONE',  ( 1.399999999999999689, 0.5500000000000000444, -1.650000000000000133 ) ) ;
#227 =( GEOMETRIC_REPRESENTATION_CONTEXT ( 3 ) GLOBAL_UNCERTAINTY_ASSIGNED_CONTEXT ( ( #2005 ) ) GLOBAL_UNIT_ASSIGNED_CONTEXT ( ( #946, #766, #1133 ) ) REPRESENTATION_CONTEXT ( 'NONE', 'WORKASPACE' ) );
#228 = EDGE_CURVE ( 'NONE', #1082, #2207, #1070, .T. ) ;
#229 = UNCERTAINTY_MEASURE_WITH_UNIT (LENGTH_MEASURE( 1.000000000000000082E-05 ), #2022, 'distance_accuracy_value', 'NONE');
#230 = CARTESIAN_POINT ( 'NONE',  ( -3.500000000000000000, 0.0000000000000000000, 1.550000000000000488 ) ) ;
#231 = ORIENTED_EDGE ( 'NONE', *, *, #1230, .T. ) ;
#232 = SURFACE_SIDE_STYLE ('',( #2199 ) ) ;
#233 = VERTEX_POINT ( 'NONE', #855 ) ;
#234 =( NAMED_UNIT ( * ) PLANE_ANGLE_UNIT ( ) SI_UNIT ( $, .RADIAN. ) );
#235 = DIRECTION ( 'NONE',  ( 0.0000000000000000000, -1.000000000000000000, 0.0000000000000000000 ) ) ;
#236 =( LENGTH_UNIT ( ) NAMED_UNIT ( * ) SI_UNIT ( .MILLI., .METRE. ) );
#237 = ORIENTED_EDGE ( 'NONE', *, *, #616, .T. ) ;
#238 = PRESENTATION_STYLE_ASSIGNMENT (( #776 ) ) ;
#239 = SURFACE_SIDE_STYLE ('',( #121 ) ) ;
#240 = CARTESIAN_POINT ( 'NONE',  ( -1.199999999999999512, -0.0000000000000000000, -0.5000000000000000000 ) ) ;
#241 = DIRECTION ( 'NONE',  ( -1.000000000000000000, 0.0000000000000000000, 2.299822790120767265E-16 ) ) ;
#242 = SURFACE_STYLE_FILL_AREA ( #1634 ) ;
#243 = DIRECTION ( 'NONE',  ( 1.239088197126291063E-16, -0.0000000000000000000, 1.000000000000000000 ) ) ;
#244 = PRESENTATION_LAYER_ASSIGNMENT (  '', '', ( #169 ) ) ;
#245 = STYLED_ITEM ( 'NONE', ( #250 ), #1337 ) ;
#246 = ORIENTED_EDGE ( 'NONE', *, *, #1403, .F. ) ;
#247 = PRESENTATION_LAYER_ASSIGNMENT (  '', '', ( #1364 ) ) ;
#248 = CARTESIAN_POINT ( 'NONE',  ( 3.000000000000000000, 0.5000000000000000000, 1.549999999999999822 ) ) ;
#249 =( NAMED_UNIT ( * ) SI_UNIT ( $, .STERADIAN. ) SOLID_ANGLE_UNIT ( ) );
#250 = PRESENTATION_STYLE_ASSIGNMENT (( #1080 ) ) ;
#251 = CARTESIAN_POINT ( 'NONE',  ( 1.399999999999999911, 1.700000000000000178, -2.464095846557964399E-16 ) ) ;
#252 = STYLED_ITEM ( 'NONE', ( #108 ), #877 ) ;
#253 = VECTOR ( 'NONE', #1297, 1000.000000000000000 ) ;
#254 = CARTESIAN_POINT ( 'NONE',  ( -3.799999999999999378, 0.0000000000000000000, -0.3000000000000001554 ) ) ;
#255 = ORIENTED_EDGE ( 'NONE', *, *, #2037, .T. ) ;
#256 = CARTESIAN_POINT ( 'NONE',  ( -3.500000000000000000, 0.0000000000000000000, -1.549999999999998934 ) ) ;
#257 = DIRECTION ( 'NONE',  ( -1.000000000000000000, 0.0000000000000000000, 9.856383386231860060E-17 ) ) ;
#258 = CARTESIAN_POINT ( 'NONE',  ( 3.299999999999999822, 0.5500000000000000444, 1.899999999999999245 ) ) ;
#259 =( LENGTH_UNIT ( ) NAMED_UNIT ( * ) SI_UNIT ( .MILLI., .METRE. ) );
#260 =( GEOMETRIC_REPRESENTATION_CONTEXT ( 3 ) GLOBAL_UNCERTAINTY_ASSIGNED_CONTEXT ( ( #976 ) ) GLOBAL_UNIT_ASSIGNED_CONTEXT ( ( #1805, #2187, #1294 ) ) REPRESENTATION_CONTEXT ( 'NONE', 'WORKASPACE' ) );
#261 = DIRECTION ( 'NONE',  ( -0.0000000000000000000, -1.000000000000000000, -0.0000000000000000000 ) ) ;
#262 = EDGE_CURVE ( 'NONE', #667, #1063, #5, .T. ) ;
#263 = UNCERTAINTY_MEASURE_WITH_UNIT (LENGTH_MEASURE( 1.000000000000000082E-05 ), #1220, 'distance_accuracy_value', 'NONE');
#264 = EDGE_CURVE ( 'NONE', #434, #1260, #609, .T. ) ;
#265 = PRESENTATION_LAYER_ASSIGNMENT (  '', '', ( #2168 ) ) ;
#266 = EDGE_LOOP ( 'NONE', ( #1353, #1425, #1204, #892 ) ) ;
#267 = DIRECTION ( 'NONE',  ( -0.0000000000000000000, -1.000000000000000000, -0.0000000000000000000 ) ) ;
#268 = CARTESIAN_POINT ( 'NONE',  ( -3.000000000000000444, 0.5000000000000000000, -2.049999999999998934 ) ) ;
#269 = CARTESIAN_POINT ( 'NONE',  ( 3.500000000000000000, 0.5000000000000000000, 1.549999999999999822 ) ) ;
#270 =( NAMED_UNIT ( * ) PLANE_ANGLE_UNIT ( ) SI_UNIT ( $, .RADIAN. ) );
#271 = MECHANICAL_DESIGN_GEOMETRIC_PRESENTATION_REPRESENTATION (  '', ( #185 ), #1501 ) ;
#272 = SURFACE_SIDE_STYLE ('',( #1551 ) ) ;
#273 = ORIENTED_EDGE ( 'NONE', *, *, #657, .F. ) ;
#274 = FACE_OUTER_BOUND ( 'NONE', #1140, .T. ) ;
#275 = LINE ( 'NONE', #118, #2138 ) ;
#276 =( LENGTH_UNIT ( ) NAMED_UNIT ( * ) SI_UNIT ( .MILLI., .METRE. ) );
#277 = DIRECTION ( 'NONE',  ( 0.0000000000000000000, 1.000000000000000000, 0.0000000000000000000 ) ) ;
#278 = LINE ( 'NONE', #911, #325 ) ;
#279 =( LENGTH_UNIT ( ) NAMED_UNIT ( * ) SI_UNIT ( .MILLI., .METRE. ) );
#280 = COLOUR_RGB ( '',1.000000000000000000, 1.000000000000000000, 1.000000000000000000 ) ;
#281 = DIRECTION ( 'NONE',  ( 0.0000000000000000000, 0.0000000000000000000, -1.000000000000000000 ) ) ;
#282 = CARTESIAN_POINT ( 'NONE',  ( 1.400000000000000133, 1.700000000000000178, 1.250000000000000222 ) ) ;
#283 =( GEOMETRIC_REPRESENTATION_CONTEXT ( 3 ) GLOBAL_UNCERTAINTY_ASSIGNED_CONTEXT ( ( #2048 ) ) GLOBAL_UNIT_ASSIGNED_CONTEXT ( ( #1919, #943, #2162 ) ) REPRESENTATION_CONTEXT ( 'NONE', 'WORKASPACE' ) );
#284 = DIRECTION ( 'NONE',  ( -1.000000000000000000, 0.0000000000000000000, -0.0000000000000000000 ) ) ;
#285 = STYLED_ITEM ( 'NONE', ( #1224 ), #1066 ) ;
#286 = ORIENTED_EDGE ( 'NONE', *, *, #964, .F. ) ;
#287 = DIRECTION ( 'NONE',  ( -0.0000000000000000000, -0.0000000000000000000, -1.000000000000000000 ) ) ;
#288 = VERTEX_POINT ( 'NONE', #1735 ) ;
#289 = PRESENTATION_LAYER_ASSIGNMENT (  '', '', ( #175 ) ) ;
#290 =( GEOMETRIC_REPRESENTATION_CONTEXT ( 3 ) GLOBAL_UNCERTAINTY_ASSIGNED_CONTEXT ( ( #1977 ) ) GLOBAL_UNIT_ASSIGNED_CONTEXT ( ( #414, #949, #606 ) ) REPRESENTATION_CONTEXT ( 'NONE', 'WORKASPACE' ) );
#291 = PRESENTATION_LAYER_ASSIGNMENT (  '', '', ( #252 ) ) ;
#292 = CARTESIAN_POINT ( 'NONE',  ( 1.399999999999999911, 0.7500000000000000000, -2.464095846557964399E-16 ) ) ;
#293 = COLOUR_RGB ( '',0.2509803921568627416, 0.2509803921568627416, 0.2509803921568627416 ) ;
#294 = ORIENTED_EDGE ( 'NONE', *, *, #56, .F. ) ;
#295 = FILL_AREA_STYLE ('',( #491 ) ) ;
#296 = AXIS2_PLACEMENT_3D ( 'NONE', #394, #1986, #420 ) ;
#297 =( LENGTH_UNIT ( ) NAMED_UNIT ( * ) SI_UNIT ( .MILLI., .METRE. ) );
#298 = LINE ( 'NONE', #2001, #253 ) ;
#299 = LINE ( 'NONE', #401, #713 ) ;
#300 = CARTESIAN_POINT ( 'NONE',  ( -1.199999999999999734, 0.0000000000000000000, -0.3000000000000001554 ) ) ;
#301 = CARTESIAN_POINT ( 'NONE',  ( 1.399999999999999911, 0.5500000000000000444, -2.464095846557964399E-16 ) ) ;
#302 = ORIENTED_EDGE ( 'NONE', *, *, #1813, .T. ) ;
#303 = ORIENTED_EDGE ( 'NONE', *, *, #619, .T. ) ;
#304 =( LENGTH_UNIT ( ) NAMED_UNIT ( * ) SI_UNIT ( .MILLI., .METRE. ) );
#305 = ORIENTED_EDGE ( 'NONE', *, *, #1910, .T. ) ;
#306 = MANIFOLD_SOLID_BREP ( 'Boss-Extrude4[2]', #1405 ) ;
#307 = SURFACE_SIDE_STYLE ('',( #902 ) ) ;
#308 = ADVANCED_FACE ( 'NONE', ( #522 ), #1663, .T. ) ;
#309 = STYLED_ITEM ( 'NONE', ( #841 ), #1751 ) ;
#310 = COLOUR_RGB ( '',0.2509803921568627416, 0.2509803921568627416, 0.2509803921568627416 ) ;
#311 = PRESENTATION_LAYER_ASSIGNMENT (  '', '', ( #752 ) ) ;
#312 = FILL_AREA_STYLE ('',( #972 ) ) ;
#313 = FILL_AREA_STYLE_COLOUR ( '', #1271 ) ;
#314 = CARTESIAN_POINT ( 'NONE',  ( 1.199999999999999734, 0.0000000000000000000, -0.3000000000000001554 ) ) ;
#315 = DIRECTION ( 'NONE',  ( 0.0000000000000000000, 0.0000000000000000000, 1.000000000000000000 ) ) ;
#316 = VERTEX_POINT ( 'NONE', #1565 ) ;
#317 = FACE_OUTER_BOUND ( 'NONE', #739, .T. ) ;
#318 = DIRECTION ( 'NONE',  ( 0.0000000000000000000, 0.0000000000000000000, 1.000000000000000000 ) ) ;
#319 = MECHANICAL_DESIGN_GEOMETRIC_PRESENTATION_REPRESENTATION (  '', ( #1439 ), #1862 ) ;
#320 = ADVANCED_FACE ( 'NONE', ( #1392 ), #1844, .T. ) ;
#321 = FACE_OUTER_BOUND ( 'NONE', #1115, .T. ) ;
#322 = LINE ( 'NONE', #1637, #1612 ) ;
#323 = DIRECTION ( 'NONE',  ( 0.0000000000000000000, 1.000000000000000000, 0.0000000000000000000 ) ) ;
#324 =( NAMED_UNIT ( * ) SI_UNIT ( $, .STERADIAN. ) SOLID_ANGLE_UNIT ( ) );
#325 = VECTOR ( 'NONE', #919, 1000.000000000000000 ) ;
#326 = EDGE_CURVE ( 'NONE', #853, #1053, #1817, .T. ) ;
#327 = FILL_AREA_STYLE_COLOUR ( '', #639 ) ;
#328 = AXIS2_PLACEMENT_3D ( 'NONE', #1550, #532, #512 ) ;
#329 =( NAMED_UNIT ( * ) SI_UNIT ( $, .STERADIAN. ) SOLID_ANGLE_UNIT ( ) );
#330 = SURFACE_STYLE_USAGE ( .BOTH. , #1037 ) ;
#331 = FILL_AREA_STYLE ('',( #1188 ) ) ;
#332 = EDGE_LOOP ( 'NONE', ( #2004, #2182, #1164, #1824 ) ) ;
#333 = FILL_AREA_STYLE_COLOUR ( '', #2220 ) ;
#334 = FILL_AREA_STYLE ('',( #1361 ) ) ;
#335 = DIRECTION ( 'NONE',  ( 0.0000000000000000000, 0.0000000000000000000, 1.000000000000000000 ) ) ;
#336 = ORIENTED_EDGE ( 'NONE', *, *, #1078, .F. ) ;
#337 = ORIENTED_EDGE ( 'NONE', *, *, #1485, .F. ) ;
#338 = MECHANICAL_DESIGN_GEOMETRIC_PRESENTATION_REPRESENTATION (  '', ( #74 ), #1542 ) ;
#339 = FACE_OUTER_BOUND ( 'NONE', #1017, .T. ) ;
#340 = EDGE_CURVE ( 'NONE', #365, #624, #1367, .T. ) ;
#341 = DIRECTION ( 'NONE',  ( 0.0000000000000000000, 0.0000000000000000000, 1.000000000000000000 ) ) ;
#342 = SURFACE_SIDE_STYLE ('',( #1905 ) ) ;
#343 = CIRCLE ( 'NONE', #453, 0.5000000000000000000 ) ;
#344 =( NAMED_UNIT ( * ) SI_UNIT ( $, .STERADIAN. ) SOLID_ANGLE_UNIT ( ) );
#345 = FILL_AREA_STYLE_COLOUR ( '', #928 ) ;
#346 = ORIENTED_EDGE ( 'NONE', *, *, #1079, .T. ) ;
#347 = DIRECTION ( 'NONE',  ( 0.0000000000000000000, 0.0000000000000000000, 1.000000000000000000 ) ) ;
#348 = SURFACE_STYLE_USAGE ( .BOTH. , #2256 ) ;
#349 = ADVANCED_FACE ( 'NONE', ( #1059 ), #1184, .T. ) ;
#350 = LINE ( 'NONE', #2263, #1638 ) ;
#351 = VECTOR ( 'NONE', #261, 1000.000000000000000 ) ;
#352 = UNCERTAINTY_MEASURE_WITH_UNIT (LENGTH_MEASURE( 1.000000000000000082E-05 ), #1874, 'distance_accuracy_value', 'NONE');
#353 = LINE ( 'NONE', #1407, #1741 ) ;
#354 = EDGE_CURVE ( 'NONE', #392, #448, #1421, .T. ) ;
#355 = FACE_OUTER_BOUND ( 'NONE', #376, .T. ) ;
#356 = AXIS2_PLACEMENT_3D ( 'NONE', #1586, #1383, #13 ) ;
#357 = LINE ( 'NONE', #570, #662 ) ;
#358 = PLANE ( 'NONE',  #2024 ) ;
#359 = SURFACE_STYLE_USAGE ( .BOTH. , #2112 ) ;
#360 = DIRECTION ( 'NONE',  ( -0.0000000000000000000, -1.000000000000000000, -0.0000000000000000000 ) ) ;
#361 = AXIS2_PLACEMENT_3D ( 'NONE', #1926, #699, #891 ) ;
#362 = SURFACE_SIDE_STYLE ('',( #1043 ) ) ;
#363 = ORIENTED_EDGE ( 'NONE', *, *, #925, .T. ) ;
#364 = ORIENTED_EDGE ( 'NONE', *, *, #1781, .T. ) ;
#365 = VERTEX_POINT ( 'NONE', #1946 ) ;
#366 = ADVANCED_FACE ( 'NONE', ( #918 ), #1191, .F. ) ;
#367 = PLANE ( 'NONE',  #356 ) ;
#368 = ORIENTED_EDGE ( 'NONE', *, *, #449, .F. ) ;
#369 = CIRCLE ( 'NONE', #1172, 0.5000000000000000000 ) ;
#370 = COLOUR_RGB ( '',1.000000000000000000, 1.000000000000000000, 1.000000000000000000 ) ;
#371 = EDGE_CURVE ( 'NONE', #365, #1380, #189, .T. ) ;
#372 = EDGE_CURVE ( 'NONE', #1380, #970, #1482, .T. ) ;
#373 = DIRECTION ( 'NONE',  ( 0.0000000000000000000, 0.0000000000000000000, 1.000000000000000000 ) ) ;
#374 = SURFACE_SIDE_STYLE ('',( #2040 ) ) ;
#375 = ORIENTED_EDGE ( 'NONE', *, *, #854, .F. ) ;
#376 = EDGE_LOOP ( 'NONE', ( #1597, #1351, #1394, #2131 ) ) ;
#377 = COLOUR_RGB ( '',0.2509803921568627416, 0.2509803921568627416, 0.2509803921568627416 ) ;
#378 = CARTESIAN_POINT ( 'NONE',  ( -1.199999999999999512, 0.2000000000000000111, 0.5000000000000001110 ) ) ;
#379 = CARTESIAN_POINT ( 'NONE',  ( 1.199999999999999512, 0.2000000000000000111, -0.5000000000000000000 ) ) ;
#380 = CIRCLE ( 'NONE', #2010, 1.899999999999999911 ) ;
#381 = FILL_AREA_STYLE ('',( #899 ) ) ;
#382 = UNCERTAINTY_MEASURE_WITH_UNIT (LENGTH_MEASURE( 1.000000000000000082E-05 ), #2229, 'distance_accuracy_value', 'NONE');
#383 = MECHANICAL_DESIGN_GEOMETRIC_PRESENTATION_REPRESENTATION (  '', ( #418 ), #260 ) ;
#384 = CIRCLE ( 'NONE', #805, 1.649999999999999911 ) ;
#385 = EDGE_CURVE ( 'NONE', #1689, #566, #1338, .T. ) ;
#386 = LINE ( 'NONE', #2170, #765 ) ;
#387 = CARTESIAN_POINT ( 'NONE',  ( -1.199999999999999512, 0.2000000000000000111, -0.5000000000000000000 ) ) ;
#388 = CARTESIAN_POINT ( 'NONE',  ( -3.799999999999999378, 0.0000000000000000000, 0.2999999999999998224 ) ) ;
#389 =( NAMED_UNIT ( * ) PLANE_ANGLE_UNIT ( ) SI_UNIT ( $, .RADIAN. ) );
#390 = SURFACE_STYLE_USAGE ( .BOTH. , #1448 ) ;
#391 = FILL_AREA_STYLE_COLOUR ( '', #758 ) ;
#392 = VERTEX_POINT ( 'NONE', #1244 ) ;
#393 = ORIENTED_EDGE ( 'NONE', *, *, #1584, .F. ) ;
#394 = CARTESIAN_POINT ( 'NONE',  ( 1.399999999999999911, 0.5500000000000000444, -2.464095846557964399E-16 ) ) ;
#395 = FILL_AREA_STYLE ('',( #1094 ) ) ;
#396 = FILL_AREA_STYLE ('',( #1987 ) ) ;
#397 = DIRECTION ( 'NONE',  ( -0.0000000000000000000, -1.000000000000000000, -0.0000000000000000000 ) ) ;
#398 = AXIS2_PLACEMENT_3D ( 'NONE', #917, #1261, #1428 ) ;
#399 = CARTESIAN_POINT ( 'NONE',  ( 1.399999999999999689, 0.7500000000000000000, -1.649999999999999911 ) ) ;
#400 = MECHANICAL_DESIGN_GEOMETRIC_PRESENTATION_REPRESENTATION (  '', ( #245 ), #516 ) ;
#401 = CARTESIAN_POINT ( 'NONE',  ( 3.500000000000000000, 0.5000000000000000000, -2.049999999999999822 ) ) ;
#402 = PRESENTATION_LAYER_ASSIGNMENT (  '', '', ( #746 ) ) ;
#403 = DIRECTION ( 'NONE',  ( 0.0000000000000000000, 0.0000000000000000000, -1.000000000000000000 ) ) ;
#404 = EDGE_LOOP ( 'NONE', ( #652, #166, #140, #1606, #1307, #1128, #802, #1116, #1624, #2055, #2060, #1205, #1284, #1829, #156, #193 ) ) ;
#405 = DIRECTION ( 'NONE',  ( 0.0000000000000000000, 1.000000000000000000, 0.0000000000000000000 ) ) ;
#406 = DIRECTION ( 'NONE',  ( -1.000000000000000000, 0.0000000000000000000, 0.0000000000000000000 ) ) ;
#407 = MECHANICAL_DESIGN_GEOMETRIC_PRESENTATION_REPRESENTATION (  '', ( #252 ), #608 ) ;
#408 = ORIENTED_EDGE ( 'NONE', *, *, #2261, .T. ) ;
#409 = DIRECTION ( 'NONE',  ( -0.0000000000000000000, -0.0000000000000000000, -1.000000000000000000 ) ) ;
#410 = SURFACE_STYLE_FILL_AREA ( #334 ) ;
#411 = SURFACE_STYLE_FILL_AREA ( #795 ) ;
#412 = CARTESIAN_POINT ( 'NONE',  ( 1.400000000000000355, 0.5500000000000000444, 1.899999999999999689 ) ) ;
#413 = CARTESIAN_POINT ( 'NONE',  ( -3.500000000000000000, 0.5000000000000000000, 2.050000000000000711 ) ) ;
#414 =( LENGTH_UNIT ( ) NAMED_UNIT ( * ) SI_UNIT ( .MILLI., .METRE. ) );
#415 = PRESENTATION_STYLE_ASSIGNMENT (( #12 ) ) ;
#416 =( NAMED_UNIT ( * ) PLANE_ANGLE_UNIT ( ) SI_UNIT ( $, .RADIAN. ) );
#417 = CARTESIAN_POINT ( 'NONE',  ( -1.199999999999999512, 0.2000000000000000111, -0.5000000000000000000 ) ) ;
#418 = STYLED_ITEM ( 'NONE', ( #1648 ), #2241 ) ;
#419 = PRESENTATION_STYLE_ASSIGNMENT (( #1535 ) ) ;
#420 = DIRECTION ( 'NONE',  ( 0.0000000000000000000, 0.0000000000000000000, -1.000000000000000000 ) ) ;
#421 = VERTEX_POINT ( 'NONE', #2137 ) ;
#422 =( NAMED_UNIT ( * ) SI_UNIT ( $, .STERADIAN. ) SOLID_ANGLE_UNIT ( ) );
#423 = CARTESIAN_POINT ( 'NONE',  ( 3.799999999999999378, 0.0000000000000000000, 0.2999999999999998224 ) ) ;
#424 = DIRECTION ( 'NONE',  ( 0.0000000000000000000, -1.000000000000000000, 0.0000000000000000000 ) ) ;
#425 = DIRECTION ( 'NONE',  ( 0.0000000000000000000, 0.0000000000000000000, -1.000000000000000000 ) ) ;
#426 = EDGE_LOOP ( 'NONE', ( #218, #553, #2223, #773 ) ) ;
#427 = UNCERTAINTY_MEASURE_WITH_UNIT (LENGTH_MEASURE( 1.000000000000000082E-05 ), #1446, 'distance_accuracy_value', 'NONE');
#428 = DIRECTION ( 'NONE',  ( 0.0000000000000000000, 1.000000000000000000, -0.0000000000000000000 ) ) ;
#429 = FILL_AREA_STYLE ('',( #1462 ) ) ;
#430 = DIRECTION ( 'NONE',  ( 0.0000000000000000000, 1.000000000000000000, 0.0000000000000000000 ) ) ;
#431 = LINE ( 'NONE', #1417, #889 ) ;
#432 = CARTESIAN_POINT ( 'NONE',  ( 1.400000000000000133, 1.900000000000000133, 1.250000000000000222 ) ) ;
#433 = PRESENTATION_STYLE_ASSIGNMENT (( #348 ) ) ;
#434 = VERTEX_POINT ( 'NONE', #1251 ) ;
#435 = ORIENTED_EDGE ( 'NONE', *, *, #1197, .F. ) ;
#436 = DIRECTION ( 'NONE',  ( 0.0000000000000000000, -1.000000000000000000, 0.0000000000000000000 ) ) ;
#437 =( GEOMETRIC_REPRESENTATION_CONTEXT ( 3 ) GLOBAL_UNCERTAINTY_ASSIGNED_CONTEXT ( ( #100 ) ) GLOBAL_UNIT_ASSIGNED_CONTEXT ( ( #906, #1543, #680 ) ) REPRESENTATION_CONTEXT ( 'NONE', 'WORKASPACE' ) );
#438 = FILL_AREA_STYLE ('',( #110 ) ) ;
#439 = SURFACE_STYLE_FILL_AREA ( #216 ) ;
#440 =( NAMED_UNIT ( * ) PLANE_ANGLE_UNIT ( ) SI_UNIT ( $, .RADIAN. ) );
#441 = FACE_OUTER_BOUND ( 'NONE', #1529, .T. ) ;
#442 = ORIENTED_EDGE ( 'NONE', *, *, #697, .F. ) ;
#443 = LINE ( 'NONE', #883, #2244 ) ;
#444 = PLANE ( 'NONE',  #41 ) ;
#445 = PRESENTATION_STYLE_ASSIGNMENT (( #1263 ) ) ;
#446 = CARTESIAN_POINT ( 'NONE',  ( -3.799999999999999378, 0.0000000000000000000, -0.3000000000000001554 ) ) ;
#447 = MECHANICAL_DESIGN_GEOMETRIC_PRESENTATION_REPRESENTATION (  '', ( #1060 ), #708 ) ;
#448 = VERTEX_POINT ( 'NONE', #1398 ) ;
#449 = EDGE_CURVE ( 'NONE', #1571, #503, #164, .T. ) ;
#450 = PRESENTATION_LAYER_ASSIGNMENT (  '', '', ( #2042 ) ) ;
#451 = VERTEX_POINT ( 'NONE', #573 ) ;
#452 = CARTESIAN_POINT ( 'NONE',  ( 1.199999999999999734, 0.0000000000000000000, -0.3000000000000001554 ) ) ;
#453 = AXIS2_PLACEMENT_3D ( 'NONE', #781, #1308, #1821 ) ;
#454 = CARTESIAN_POINT ( 'NONE',  ( 3.299999999999999822, 0.5500000000000000444, -1.900000000000000355 ) ) ;
#455 = ORIENTED_EDGE ( 'NONE', *, *, #1311, .T. ) ;
#456 = CARTESIAN_POINT ( 'NONE',  ( 3.500000000000000444, 0.2000000000000000111, 0.5000000000000000000 ) ) ;
#457 = UNCERTAINTY_MEASURE_WITH_UNIT (LENGTH_MEASURE( 1.000000000000000082E-05 ), #472, 'distance_accuracy_value', 'NONE');
#458 = VECTOR ( 'NONE', #2154, 1000.000000000000000 ) ;
#459 = DIRECTION ( 'NONE',  ( -0.0000000000000000000, -0.0000000000000000000, 1.000000000000000000 ) ) ;
#460 = AXIS2_PLACEMENT_3D ( 'NONE', #594, #1794, #1650 ) ;
#461 = FILL_AREA_STYLE_COLOUR ( '', #1343 ) ;
#462 = EDGE_LOOP ( 'NONE', ( #1804, #1595, #1911, #514 ) ) ;
#463 = EDGE_CURVE ( 'NONE', #233, #529, #703, .T. ) ;
#464 = ORIENTED_EDGE ( 'NONE', *, *, #484, .T. ) ;
#465 = CARTESIAN_POINT ( 'NONE',  ( -3.799999999999999378, 0.2000000000000000111, 0.2999999999999998224 ) ) ;
#466 = VECTOR ( 'NONE', #1745, 1000.000000000000000 ) ;
#467 = COLOUR_RGB ( '',1.000000000000000000, 1.000000000000000000, 1.000000000000000000 ) ;
#468 = COLOUR_RGB ( '',0.7921568627450980005, 0.8196078431372548767, 0.9333333333333333481 ) ;
#469 = SURFACE_SIDE_STYLE ('',( #1180 ) ) ;
#470 = ORIENTED_EDGE ( 'NONE', *, *, #1403, .T. ) ;
#471 = PRESENTATION_LAYER_ASSIGNMENT (  '', '', ( #245 ) ) ;
#472 =( LENGTH_UNIT ( ) NAMED_UNIT ( * ) SI_UNIT ( .MILLI., .METRE. ) );
#473 = VERTEX_POINT ( 'NONE', #1233 ) ;
#474 = AXIS2_PLACEMENT_3D ( 'NONE', #1466, #424, #771 ) ;
#475 = PRESENTATION_STYLE_ASSIGNMENT (( #330 ) ) ;
#476 = AXIS2_PLACEMENT_3D ( 'NONE', #282, #1681, #1477 ) ;
#477 = DIRECTION ( 'NONE',  ( -1.000000000000000000, 0.0000000000000000000, 9.856383386231860060E-17 ) ) ;
#478 = DIRECTION ( 'NONE',  ( -0.0000000000000000000, -1.000000000000000000, -0.0000000000000000000 ) ) ;
#479 = LINE ( 'NONE', #258, #1454 ) ;
#480 = VERTEX_POINT ( 'NONE', #1610 ) ;
#481 = DIRECTION ( 'NONE',  ( -0.0000000000000000000, -0.0000000000000000000, -1.000000000000000000 ) ) ;
#482 = ORIENTED_EDGE ( 'NONE', *, *, #1704, .F. ) ;
#483 = EDGE_CURVE ( 'NONE', #1698, #1474, #1983, .T. ) ;
#484 = EDGE_CURVE ( 'NONE', #1592, #853, #431, .T. ) ;
#485 = AXIS2_PLACEMENT_3D ( 'NONE', #1806, #1893, #2248 ) ;
#486 = APPLICATION_CONTEXT ( 'automotive_design' ) ;
#487 =( LENGTH_UNIT ( ) NAMED_UNIT ( * ) SI_UNIT ( .MILLI., .METRE. ) );
#488 = CIRCLE ( 'NONE', #1562, 0.5000000000000000000 ) ;
#489 = FACE_OUTER_BOUND ( 'NONE', #404, .T. ) ;
#490 = UNCERTAINTY_MEASURE_WITH_UNIT (LENGTH_MEASURE( 1.000000000000000082E-05 ), #1424, 'distance_accuracy_value', 'NONE');
#491 = FILL_AREA_STYLE_COLOUR ( '', #1332 ) ;
#492 = DIRECTION ( 'NONE',  ( 0.0000000000000000000, -1.000000000000000000, 0.0000000000000000000 ) ) ;
#493 = ORIENTED_EDGE ( 'NONE', *, *, #1532, .T. ) ;
#494 = VECTOR ( 'NONE', #1175, 1000.000000000000000 ) ;
#495 = CARTESIAN_POINT ( 'NONE',  ( 0.0000000000000000000, 0.0000000000000000000, 0.0000000000000000000 ) ) ;
#496 = DIRECTION ( 'NONE',  ( 0.0000000000000000000, 1.000000000000000000, 0.0000000000000000000 ) ) ;
#497 = LINE ( 'NONE', #412, #1469 ) ;
#498 = ORIENTED_EDGE ( 'NONE', *, *, #2013, .F. ) ;
#499 = EDGE_LOOP ( 'NONE', ( #618, #1913, #88, #1658 ) ) ;
#500 =( GEOMETRIC_REPRESENTATION_CONTEXT ( 3 ) GLOBAL_UNCERTAINTY_ASSIGNED_CONTEXT ( ( #1644 ) ) GLOBAL_UNIT_ASSIGNED_CONTEXT ( ( #1360, #1057, #1379 ) ) REPRESENTATION_CONTEXT ( 'NONE', 'WORKASPACE' ) );
#501 = CARTESIAN_POINT ( 'NONE',  ( 3.799999999999999378, 0.0000000000000000000, 0.2999999999999998224 ) ) ;
#502 = CARTESIAN_POINT ( 'NONE',  ( 3.799999999999999378, 0.2000000000000000111, 0.2999999999999998224 ) ) ;
#503 = VERTEX_POINT ( 'NONE', #885 ) ;
#504 = EDGE_CURVE ( 'NONE', #1063, #1174, #1684, .T. ) ;
#505 = DIRECTION ( 'NONE',  ( 0.0000000000000000000, -0.0000000000000000000, -1.000000000000000000 ) ) ;
#506 = VERTEX_POINT ( 'NONE', #875 ) ;
#507 = CARTESIAN_POINT ( 'NONE',  ( -1.199999999999999512, 0.0000000000000000000, 0.5000000000000001110 ) ) ;
#508 = APPLICATION_CONTEXT ( 'automotive_design' ) ;
#509 = CARTESIAN_POINT ( 'NONE',  ( 1.400000000000000133, 0.7500000000000000000, 1.650000000000000355 ) ) ;
#510 = SURFACE_SIDE_STYLE ('',( #1719 ) ) ;
#511 =( NAMED_UNIT ( * ) SI_UNIT ( $, .STERADIAN. ) SOLID_ANGLE_UNIT ( ) );
#512 = DIRECTION ( 'NONE',  ( 0.0000000000000000000, 0.0000000000000000000, -1.000000000000000000 ) ) ;
#513 = DIRECTION ( 'NONE',  ( 0.0000000000000000000, 0.0000000000000000000, 1.000000000000000000 ) ) ;
#514 = ORIENTED_EDGE ( 'NONE', *, *, #1883, .T. ) ;
#515 = EDGE_CURVE ( 'NONE', #1645, #774, #1784, .T. ) ;
#516 =( GEOMETRIC_REPRESENTATION_CONTEXT ( 3 ) GLOBAL_UNCERTAINTY_ASSIGNED_CONTEXT ( ( #55 ) ) GLOBAL_UNIT_ASSIGNED_CONTEXT ( ( #2104, #1397, #1242 ) ) REPRESENTATION_CONTEXT ( 'NONE', 'WORKASPACE' ) );
#517 = COLOUR_RGB ( '',1.000000000000000000, 1.000000000000000000, 1.000000000000000000 ) ;
#518 = SURFACE_STYLE_USAGE ( .BOTH. , #1744 ) ;
#519 = DIRECTION ( 'NONE',  ( -9.130123557772670060E-16, 0.0000000000000000000, 1.000000000000000000 ) ) ;
#520 = FILL_AREA_STYLE_COLOUR ( '', #543 ) ;
#521 = LINE ( 'NONE', #1486, #1467 ) ;
#522 = FACE_OUTER_BOUND ( 'NONE', #426, .T. ) ;
#523 =( GEOMETRIC_REPRESENTATION_CONTEXT ( 3 ) GLOBAL_UNCERTAINTY_ASSIGNED_CONTEXT ( ( #490 ) ) GLOBAL_UNIT_ASSIGNED_CONTEXT ( ( #1424, #1288, #422 ) ) REPRESENTATION_CONTEXT ( 'NONE', 'WORKASPACE' ) );
#524 = AXIS2_PLACEMENT_3D ( 'NONE', #931, #1969, #241 ) ;
#525 = LINE ( 'NONE', #817, #69 ) ;
#526 = UNCERTAINTY_MEASURE_WITH_UNIT (LENGTH_MEASURE( 1.000000000000000082E-05 ), #571, 'distance_accuracy_value', 'NONE');
#527 = AXIS2_PLACEMENT_3D ( 'NONE', #159, #823, #318 ) ;
#528 = LINE ( 'NONE', #1435, #70 ) ;
#529 = VERTEX_POINT ( 'NONE', #2120 ) ;
#530 = PLANE ( 'NONE',  #1700 ) ;
#531 = CARTESIAN_POINT ( 'NONE',  ( 3.799999999999999378, 0.0000000000000000000, -0.3000000000000001554 ) ) ;
#532 = DIRECTION ( 'NONE',  ( 0.0000000000000000000, -1.000000000000000000, 0.0000000000000000000 ) ) ;
#533 = SURFACE_STYLE_USAGE ( .BOTH. , #1566 ) ;
#534 = VERTEX_POINT ( 'NONE', #2105 ) ;
#535 = SURFACE_STYLE_FILL_AREA ( #1328 ) ;
#536 = VERTEX_POINT ( 'NONE', #14 ) ;
#537 = PRESENTATION_LAYER_ASSIGNMENT (  '', '', ( #418 ) ) ;
#538 = EDGE_CURVE ( 'NONE', #2233, #434, #653, .T. ) ;
#539 = DIRECTION ( 'NONE',  ( 1.000000000000000000, -0.0000000000000000000, -0.0000000000000000000 ) ) ;
#540 = CARTESIAN_POINT ( 'NONE',  ( -1.399999999999999911, 0.7500000000000004441, 1.450000000000000844 ) ) ;
#541 = VECTOR ( 'NONE', #563, 1000.000000000000000 ) ;
#542 =( NAMED_UNIT ( * ) PLANE_ANGLE_UNIT ( ) SI_UNIT ( $, .RADIAN. ) );
#543 = COLOUR_RGB ( '',1.000000000000000000, 1.000000000000000000, 1.000000000000000000 ) ;
#544 = ORIENTED_EDGE ( 'NONE', *, *, #1078, .T. ) ;
#545 = DIRECTION ( 'NONE',  ( -0.0000000000000000000, -1.000000000000000000, -0.0000000000000000000 ) ) ;
#546 = DIRECTION ( 'NONE',  ( -0.0000000000000000000, 1.000000000000000000, -0.0000000000000000000 ) ) ;
#547 = PRESENTATION_STYLE_ASSIGNMENT (( #161 ) ) ;
#548 = FACE_OUTER_BOUND ( 'NONE', #1105, .T. ) ;
#549 = PRODUCT_DEFINITION_FORMATION_WITH_SPECIFIED_SOURCE ( 'ANY', '', #960, .NOT_KNOWN. ) ;
#550 = COLOUR_RGB ( '',1.000000000000000000, 1.000000000000000000, 1.000000000000000000 ) ;
#551 =( NAMED_UNIT ( * ) PLANE_ANGLE_UNIT ( ) SI_UNIT ( $, .RADIAN. ) );
#552 = DIRECTION ( 'NONE',  ( 1.000000000000000000, -0.0000000000000000000, -2.299822790120767265E-16 ) ) ;
#553 = ORIENTED_EDGE ( 'NONE', *, *, #1311, .F. ) ;
#554 = CARTESIAN_POINT ( 'NONE',  ( 3.799999999999999378, 0.2000000000000000111, -0.3000000000000001554 ) ) ;
#555 = FACE_OUTER_BOUND ( 'NONE', #2149, .T. ) ;
#556 = PRESENTATION_STYLE_ASSIGNMENT (( #1958 ) ) ;
#557 = UNCERTAINTY_MEASURE_WITH_UNIT (LENGTH_MEASURE( 1.000000000000000082E-05 ), #2143, 'distance_accuracy_value', 'NONE');
#558 = ORIENTED_EDGE ( 'NONE', *, *, #1704, .T. ) ;
#559 = PRESENTATION_LAYER_ASSIGNMENT (  '', '', ( #650 ) ) ;
#560 = ORIENTED_EDGE ( 'NONE', *, *, #2054, .F. ) ;
#561 = CARTESIAN_POINT ( 'NONE',  ( 1.199999999999999512, 0.0000000000000000000, 0.5000000000000001110 ) ) ;
#562 = ORIENTED_EDGE ( 'NONE', *, *, #483, .F. ) ;
#563 = DIRECTION ( 'NONE',  ( 0.0000000000000000000, 0.0000000000000000000, -1.000000000000000000 ) ) ;
#564 = DIRECTION ( 'NONE',  ( 0.0000000000000000000, -1.000000000000000000, 0.0000000000000000000 ) ) ;
#565 = ADVANCED_FACE ( 'NONE', ( #677 ), #1807, .F. ) ;
#566 = VERTEX_POINT ( 'NONE', #1927 ) ;
#567 = STYLED_ITEM ( 'NONE', ( #547 ), #1240 ) ;
#568 = LINE ( 'NONE', #2189, #111 ) ;
#569 = EDGE_CURVE ( 'NONE', #1698, #744, #750, .T. ) ;
#570 = CARTESIAN_POINT ( 'NONE',  ( 3.799999999999999378, 0.2000000000000000111, 0.2999999999999998224 ) ) ;
#571 =( LENGTH_UNIT ( ) NAMED_UNIT ( * ) SI_UNIT ( .MILLI., .METRE. ) );
#572 = AXIS2_PLACEMENT_3D ( 'NONE', #1208, #1537, #1721 ) ;
#573 = CARTESIAN_POINT ( 'NONE',  ( 1.400000000000000133, 1.700000000000000178, 1.450000000000000178 ) ) ;
#574 = SURFACE_STYLE_FILL_AREA ( #1727 ) ;
#575 = FILL_AREA_STYLE ('',( #1427 ) ) ;
#576 =( GEOMETRIC_REPRESENTATION_CONTEXT ( 3 ) GLOBAL_UNCERTAINTY_ASSIGNED_CONTEXT ( ( #1897 ) ) GLOBAL_UNIT_ASSIGNED_CONTEXT ( ( #1839, #270, #1141 ) ) REPRESENTATION_CONTEXT ( 'NONE', 'WORKASPACE' ) );
#577 = CARTESIAN_POINT ( 'NONE',  ( -1.399999999999999689, 1.700000000000000178, 4.303954078654577520E-16 ) ) ;
#578 = ORIENTED_EDGE ( 'NONE', *, *, #515, .F. ) ;
#579 = DIRECTION ( 'NONE',  ( -1.000000000000000000, 0.0000000000000000000, 1.239088197126290817E-16 ) ) ;
#580 = SURFACE_SIDE_STYLE ('',( #439 ) ) ;
#581 = CARTESIAN_POINT ( 'NONE',  ( -3.500000000000000000, 0.0000000000000000000, -0.5000000000000000000 ) ) ;
#582 = VECTOR ( 'NONE', #1740, 1000.000000000000000 ) ;
#583 = DIRECTION ( 'NONE',  ( -1.000000000000000000, 0.0000000000000000000, 7.744301232039319147E-17 ) ) ;
#584 = CARTESIAN_POINT ( 'NONE',  ( -1.400000000000000133, 0.5500000000000000444, -1.899999999999999911 ) ) ;
#585 = EDGE_CURVE ( 'NONE', #316, #667, #1859, .T. ) ;
#586 = CARTESIAN_POINT ( 'NONE',  ( -1.399999999999999911, 0.7500000000000000000, 1.650000000000000799 ) ) ;
#587 = CARTESIAN_POINT ( 'NONE',  ( -1.199999999999999734, 0.2000000000000000111, -0.3000000000000001554 ) ) ;
#588 = LINE ( 'NONE', #269, #879 ) ;
#589 = CARTESIAN_POINT ( 'NONE',  ( 1.199999999999999734, 0.0000000000000000000, 0.2999999999999998224 ) ) ;
#590 = ORIENTED_EDGE ( 'NONE', *, *, #1334, .F. ) ;
#591 = CARTESIAN_POINT ( 'NONE',  ( 3.500000000000000000, 0.5000000000000000000, -2.049999999999999822 ) ) ;
#592 = EDGE_LOOP ( 'NONE', ( #1061, #1234, #1460, #464 ) ) ;
#593 = ORIENTED_EDGE ( 'NONE', *, *, #1459, .T. ) ;
#594 = CARTESIAN_POINT ( 'NONE',  ( -3.000000000000000444, 0.5000000000000000000, 1.550000000000000488 ) ) ;
#595 =( LENGTH_UNIT ( ) NAMED_UNIT ( * ) SI_UNIT ( .MILLI., .METRE. ) );
#596 = CYLINDRICAL_SURFACE ( 'NONE', #799, 1.899999999999999911 ) ;
#597 = DIRECTION ( 'NONE',  ( 0.0000000000000000000, 0.0000000000000000000, 1.000000000000000000 ) ) ;
#598 = CARTESIAN_POINT ( 'NONE',  ( -3.500000000000000000, 0.1999999999999999833, 2.050000000000000711 ) ) ;
#599 = LINE ( 'NONE', #2214, #132 ) ;
#600 = STYLED_ITEM ( 'NONE', ( #1607 ), #1368 ) ;
#601 = UNCERTAINTY_MEASURE_WITH_UNIT (LENGTH_MEASURE( 1.000000000000000082E-05 ), #1010, 'distance_accuracy_value', 'NONE');
#602 = VECTOR ( 'NONE', #1596, 1000.000000000000000 ) ;
#603 = CARTESIAN_POINT ( 'NONE',  ( -1.399999999999999911, 1.700000000000000178, 1.250000000000000666 ) ) ;
#604 = AXIS2_PLACEMENT_3D ( 'NONE', #1291, #1982, #1655 ) ;
#605 = EDGE_LOOP ( 'NONE', ( #1625, #2267, #1500, #1032, #993, #910, #1975, #1759 ) ) ;
#606 =( NAMED_UNIT ( * ) SI_UNIT ( $, .STERADIAN. ) SOLID_ANGLE_UNIT ( ) );
#607 = DIRECTION ( 'NONE',  ( 0.0000000000000000000, 1.000000000000000000, 0.0000000000000000000 ) ) ;
#608 =( GEOMETRIC_REPRESENTATION_CONTEXT ( 3 ) GLOBAL_UNCERTAINTY_ASSIGNED_CONTEXT ( ( #785 ) ) GLOBAL_UNIT_ASSIGNED_CONTEXT ( ( #304, #2228, #1860 ) ) REPRESENTATION_CONTEXT ( 'NONE', 'WORKASPACE' ) );
#609 = LINE ( 'NONE', #507, #1639 ) ;
#610 = CARTESIAN_POINT ( 'NONE',  ( -1.199999999999999512, 0.2000000000000000111, -0.5000000000000000000 ) ) ;
#611 = DIRECTION ( 'NONE',  ( 0.0000000000000000000, 0.0000000000000000000, -1.000000000000000000 ) ) ;
#612 =( LENGTH_UNIT ( ) NAMED_UNIT ( * ) SI_UNIT ( .MILLI., .METRE. ) );
#613 = FILL_AREA_STYLE_COLOUR ( '', #786 ) ;
#614 = COLOUR_RGB ( '',0.2509803921568627416, 0.2509803921568627416, 0.2509803921568627416 ) ;
#615 = CARTESIAN_POINT ( 'NONE',  ( 1.199999999999999512, 0.2000000000000000111, -0.5000000000000000000 ) ) ;
#616 = EDGE_CURVE ( 'NONE', #1312, #1689, #479, .T. ) ;
#617 = COLOUR_RGB ( '',0.7921568627450980005, 0.8196078431372548767, 0.9333333333333333481 ) ;
#618 = ORIENTED_EDGE ( 'NONE', *, *, #1048, .T. ) ;
#619 = EDGE_CURVE ( 'NONE', #1004, #1055, #2100, .T. ) ;
#620 =( GEOMETRIC_REPRESENTATION_CONTEXT ( 3 ) GLOBAL_UNCERTAINTY_ASSIGNED_CONTEXT ( ( #894 ) ) GLOBAL_UNIT_ASSIGNED_CONTEXT ( ( #2090, #1884, #1355 ) ) REPRESENTATION_CONTEXT ( 'NONE', 'WORKASPACE' ) );
#621 = DIRECTION ( 'NONE',  ( -1.000000000000000000, 0.0000000000000000000, 0.0000000000000000000 ) ) ;
#622 = ORIENTED_EDGE ( 'NONE', *, *, #29, .F. ) ;
#623 = DIRECTION ( 'NONE',  ( -0.0000000000000000000, -1.000000000000000000, -0.0000000000000000000 ) ) ;
#624 = VERTEX_POINT ( 'NONE', #423 ) ;
#625 =( NAMED_UNIT ( * ) SI_UNIT ( $, .STERADIAN. ) SOLID_ANGLE_UNIT ( ) );
#626 = EDGE_LOOP ( 'NONE', ( #2265, #558, #2043, #938 ) ) ;
#627 = SURFACE_SIDE_STYLE ('',( #1840 ) ) ;
#628 = AXIS2_PLACEMENT_3D ( 'NONE', #603, #621, #1631 ) ;
#629 = CARTESIAN_POINT ( 'NONE',  ( 3.500000000000000000, 0.5000000000000000000, 2.049999999999999822 ) ) ;
#630 = COLOUR_RGB ( '',0.2509803921568627416, 0.2509803921568627416, 0.2509803921568627416 ) ;
#631 = EDGE_CURVE ( 'NONE', #1174, #316, #1058, .T. ) ;
#632 = PLANE ( 'NONE',  #1841 ) ;
#633 = UNCERTAINTY_MEASURE_WITH_UNIT (LENGTH_MEASURE( 1.000000000000000082E-05 ), #1906, 'distance_accuracy_value', 'NONE');
#634 = VERTEX_POINT ( 'NONE', #1434 ) ;
#635 = CARTESIAN_POINT ( 'NONE',  ( -3.500000000000000000, 0.5000000000000000000, -1.549999999999998934 ) ) ;
#636 = DIRECTION ( 'NONE',  ( 0.0000000000000000000, 0.0000000000000000000, 1.000000000000000000 ) ) ;
#637 = COLOUR_RGB ( '',1.000000000000000000, 1.000000000000000000, 1.000000000000000000 ) ;
#638 = VECTOR ( 'NONE', #1254, 1000.000000000000000 ) ;
#639 = COLOUR_RGB ( '',0.2509803921568627416, 0.2509803921568627416, 0.2509803921568627416 ) ;
#640 = LINE ( 'NONE', #1509, #1853 ) ;
#641 = LINE ( 'NONE', #388, #1971 ) ;
#642 = AXIS2_PLACEMENT_3D ( 'NONE', #399, #1629, #935 ) ;
#643 = SURFACE_STYLE_USAGE ( .BOTH. , #342 ) ;
#644 = UNCERTAINTY_MEASURE_WITH_UNIT (LENGTH_MEASURE( 1.000000000000000082E-05 ), #1366, 'distance_accuracy_value', 'NONE');
#645 = PRESENTATION_STYLE_ASSIGNMENT (( #982 ) ) ;
#646 = VERTEX_POINT ( 'NONE', #1270 ) ;
#647 = STYLED_ITEM ( 'NONE', ( #729 ), #1412 ) ;
#648 = ORIENTED_EDGE ( 'NONE', *, *, #631, .T. ) ;
#649 = AXIS2_PLACEMENT_3D ( 'NONE', #716, #2113, #196 ) ;
#650 = STYLED_ITEM ( 'NONE', ( #1754 ), #862 ) ;
#651 = FILL_AREA_STYLE ('',( #1694 ) ) ;
#652 = ORIENTED_EDGE ( 'NONE', *, *, #2027, .F. ) ;
#653 = LINE ( 'NONE', #1222, #1812 ) ;
#654 =( NAMED_UNIT ( * ) SI_UNIT ( $, .STERADIAN. ) SOLID_ANGLE_UNIT ( ) );
#655 = STYLED_ITEM ( 'NONE', ( #645 ), #2266 ) ;
#656 = EDGE_LOOP ( 'NONE', ( #337, #1778, #123, #2251 ) ) ;
#657 = EDGE_CURVE ( 'NONE', #2000, #1217, #1756, .T. ) ;
#658 = ORIENTED_EDGE ( 'NONE', *, *, #1781, .F. ) ;
#659 = SURFACE_STYLE_FILL_AREA ( #331 ) ;
#660 = SURFACE_SIDE_STYLE ('',( #811 ) ) ;
#661 = PLANE ( 'NONE',  #2211 ) ;
#662 = VECTOR ( 'NONE', #51, 1000.000000000000000 ) ;
#663 = PRESENTATION_STYLE_ASSIGNMENT (( #1770 ) ) ;
#664 = ADVANCED_FACE ( 'NONE', ( #1335 ), #1775, .F. ) ;
#665 = UNCERTAINTY_MEASURE_WITH_UNIT (LENGTH_MEASURE( 1.000000000000000082E-05 ), #213, 'distance_accuracy_value', 'NONE');
#666 = DIRECTION ( 'NONE',  ( -0.0000000000000000000, -0.0000000000000000000, -1.000000000000000000 ) ) ;
#667 = VERTEX_POINT ( 'NONE', #1095 ) ;
#668 = SURFACE_SIDE_STYLE ('',( #2140 ) ) ;
#669 = ORIENTED_EDGE ( 'NONE', *, *, #745, .F. ) ;
#670 = MECHANICAL_DESIGN_GEOMETRIC_PRESENTATION_REPRESENTATION (  '', ( #746 ), #523 ) ;
#671 = ORIENTED_EDGE ( 'NONE', *, *, #2234, .F. ) ;
#672 =( LENGTH_UNIT ( ) NAMED_UNIT ( * ) SI_UNIT ( .MILLI., .METRE. ) );
#673 = SURFACE_STYLE_FILL_AREA ( #651 ) ;
#674 = ADVANCED_FACE ( 'NONE', ( #778, #1136 ), #1453, .T. ) ;
#675 = DIRECTION ( 'NONE',  ( 0.0000000000000000000, 0.0000000000000000000, 1.000000000000000000 ) ) ;
#676 = SURFACE_STYLE_USAGE ( .BOTH. , #690 ) ;
#677 = FACE_OUTER_BOUND ( 'NONE', #857, .T. ) ;
#678 =( NAMED_UNIT ( * ) SI_UNIT ( $, .STERADIAN. ) SOLID_ANGLE_UNIT ( ) );
#679 = DIRECTION ( 'NONE',  ( 0.0000000000000000000, 0.0000000000000000000, -1.000000000000000000 ) ) ;
#680 =( NAMED_UNIT ( * ) SI_UNIT ( $, .STERADIAN. ) SOLID_ANGLE_UNIT ( ) );
#681 = VERTEX_POINT ( 'NONE', #581 ) ;
#682 = SURFACE_SIDE_STYLE ('',( #1793 ) ) ;
#683 = SURFACE_STYLE_USAGE ( .BOTH. , #2099 ) ;
#684 = MECHANICAL_DESIGN_GEOMETRIC_PRESENTATION_REPRESENTATION (  '', ( #149 ), #835 ) ;
#685 = DIRECTION ( 'NONE',  ( 1.000000000000000000, 0.0000000000000000000, 0.0000000000000000000 ) ) ;
#686 = DIRECTION ( 'NONE',  ( 1.000000000000000000, 0.0000000000000000000, 0.0000000000000000000 ) ) ;
#687 = COLOUR_RGB ( '',1.000000000000000000, 1.000000000000000000, 1.000000000000000000 ) ;
#688 =( GEOMETRIC_REPRESENTATION_CONTEXT ( 3 ) GLOBAL_UNCERTAINTY_ASSIGNED_CONTEXT ( ( #926 ) ) GLOBAL_UNIT_ASSIGNED_CONTEXT ( ( #1524, #2066, #809 ) ) REPRESENTATION_CONTEXT ( 'NONE', 'WORKASPACE' ) );
#689 = LINE ( 'NONE', #2152, #638 ) ;
#690 = SURFACE_SIDE_STYLE ('',( #410 ) ) ;
#691 = DIRECTION ( 'NONE',  ( -0.0000000000000000000, -1.000000000000000000, -0.0000000000000000000 ) ) ;
#692 = FACE_OUTER_BOUND ( 'NONE', #1189, .T. ) ;
#693 = CARTESIAN_POINT ( 'NONE',  ( 0.0000000000000000000, 0.0000000000000000000, 0.0000000000000000000 ) ) ;
#694 = SURFACE_STYLE_FILL_AREA ( #1483 ) ;
#695 = ADVANCED_FACE ( 'NONE', ( #916 ), #82, .F. ) ;
#696 = ORIENTED_EDGE ( 'NONE', *, *, #1530, .T. ) ;
#697 = EDGE_CURVE ( 'NONE', #1928, #646, #1314, .T. ) ;
#698 = PLANE ( 'NONE',  #1628 ) ;
#699 = DIRECTION ( 'NONE',  ( 0.0000000000000000000, 0.0000000000000000000, -1.000000000000000000 ) ) ;
#700 = ORIENTED_EDGE ( 'NONE', *, *, #616, .F. ) ;
#701 = FACE_OUTER_BOUND ( 'NONE', #1959, .T. ) ;
#702 = SURFACE_STYLE_FILL_AREA ( #1669 ) ;
#703 = LINE ( 'NONE', #1602, #541 ) ;
#704 = SURFACE_SIDE_STYLE ('',( #813 ) ) ;
#705 = CARTESIAN_POINT ( 'NONE',  ( 3.500000000000000000, 0.0000000000000000000, 2.049999999999999822 ) ) ;
#706 = CARTESIAN_POINT ( 'NONE',  ( 1.400000000000000133, 1.900000000000000133, 1.250000000000000222 ) ) ;
#707 = DIRECTION ( 'NONE',  ( 0.0000000000000000000, -1.000000000000000000, 0.0000000000000000000 ) ) ;
#708 =( GEOMETRIC_REPRESENTATION_CONTEXT ( 3 ) GLOBAL_UNCERTAINTY_ASSIGNED_CONTEXT ( ( #1025 ) ) GLOBAL_UNIT_ASSIGNED_CONTEXT ( ( #1536, #2240, #324 ) ) REPRESENTATION_CONTEXT ( 'NONE', 'WORKASPACE' ) );
#709 = SURFACE_STYLE_FILL_AREA ( #978 ) ;
#710 = DIRECTION ( 'NONE',  ( -0.0000000000000000000, 1.000000000000000000, -0.0000000000000000000 ) ) ;
#711 = DIRECTION ( 'NONE',  ( -0.0000000000000000000, -1.000000000000000000, -0.0000000000000000000 ) ) ;
#712 = MECHANICAL_DESIGN_GEOMETRIC_PRESENTATION_REPRESENTATION (  '', ( #869 ), #1795 ) ;
#713 = VECTOR ( 'NONE', #579, 1000.000000000000000 ) ;
#714 = FILL_AREA_STYLE ('',( #1386 ) ) ;
#715 = VECTOR ( 'NONE', #1989, 1000.000000000000000 ) ;
#716 = CARTESIAN_POINT ( 'NONE',  ( -1.199999999999999512, 0.2000000000000000111, 0.5000000000000001110 ) ) ;
#717 = ORIENTED_EDGE ( 'NONE', *, *, #1048, .F. ) ;
#718 = ORIENTED_EDGE ( 'NONE', *, *, #1197, .T. ) ;
#719 = EDGE_CURVE ( 'NONE', #1341, #2000, #1362, .T. ) ;
#720 = EDGE_CURVE ( 'NONE', #774, #2136, #980, .T. ) ;
#721 = CARTESIAN_POINT ( 'NONE',  ( -1.199999999999999512, -0.0000000000000000000, -0.5000000000000000000 ) ) ;
#722 = PRESENTATION_LAYER_ASSIGNMENT (  '', '', ( #149 ) ) ;
#723 =( LENGTH_UNIT ( ) NAMED_UNIT ( * ) SI_UNIT ( .MILLI., .METRE. ) );
#724 = ADVANCED_FACE ( 'NONE', ( #2036 ), #101, .F. ) ;
#725 = CARTESIAN_POINT ( 'NONE',  ( 3.000000000000000000, 0.5000000000000000000, 1.549999999999999822 ) ) ;
#726 =( NAMED_UNIT ( * ) PLANE_ANGLE_UNIT ( ) SI_UNIT ( $, .RADIAN. ) );
#727 = ORIENTED_EDGE ( 'NONE', *, *, #385, .F. ) ;
#728 =( NAMED_UNIT ( * ) SI_UNIT ( $, .STERADIAN. ) SOLID_ANGLE_UNIT ( ) );
#729 = PRESENTATION_STYLE_ASSIGNMENT (( #2167 ) ) ;
#730 =( GEOMETRIC_REPRESENTATION_CONTEXT ( 3 ) GLOBAL_UNCERTAINTY_ASSIGNED_CONTEXT ( ( #229 ) ) GLOBAL_UNIT_ASSIGNED_CONTEXT ( ( #2022, #971, #2205 ) ) REPRESENTATION_CONTEXT ( 'NONE', 'WORKASPACE' ) );
#731 = EDGE_CURVE ( 'NONE', #1053, #1380, #599, .T. ) ;
#732 = VECTOR ( 'NONE', #895, 1000.000000000000000 ) ;
#733 = DIRECTION ( 'NONE',  ( 0.0000000000000000000, 1.000000000000000000, 0.0000000000000000000 ) ) ;
#734 = DIRECTION ( 'NONE',  ( 0.0000000000000000000, 0.0000000000000000000, 1.000000000000000000 ) ) ;
#735 = FILL_AREA_STYLE ('',( #1576 ) ) ;
#736 = PRESENTATION_STYLE_ASSIGNMENT (( #1212 ) ) ;
#737 = CARTESIAN_POINT ( 'NONE',  ( -1.399999999999999911, 1.900000000000000133, 1.450000000000000844 ) ) ;
#738 = DIRECTION ( 'NONE',  ( 0.0000000000000000000, 0.0000000000000000000, 1.000000000000000000 ) ) ;
#739 = EDGE_LOOP ( 'NONE', ( #578, #498, #1473, #128 ) ) ;
#740 = DIRECTION ( 'NONE',  ( 0.0000000000000000000, 1.000000000000000000, 0.0000000000000000000 ) ) ;
#741 = ORIENTED_EDGE ( 'NONE', *, *, #538, .T. ) ;
#742 = DIRECTION ( 'NONE',  ( 1.000000000000000000, -0.0000000000000000000, -2.299822790120767265E-16 ) ) ;
#743 = FILL_AREA_STYLE_COLOUR ( '', #22 ) ;
#744 = VERTEX_POINT ( 'NONE', #1676 ) ;
#745 = EDGE_CURVE ( 'NONE', #1174, #451, #1924, .T. ) ;
#746 = STYLED_ITEM ( 'NONE', ( #556 ), #1555 ) ;
#747 = CARTESIAN_POINT ( 'NONE',  ( 3.000000000000000000, 0.5000000000000000000, -2.049999999999999822 ) ) ;
#748 =( GEOMETRIC_REPRESENTATION_CONTEXT ( 3 ) GLOBAL_UNCERTAINTY_ASSIGNED_CONTEXT ( ( #1833 ) ) GLOBAL_UNIT_ASSIGNED_CONTEXT ( ( #850, #1015, #678 ) ) REPRESENTATION_CONTEXT ( 'NONE', 'WORKASPACE' ) );
#749 = CARTESIAN_POINT ( 'NONE',  ( 1.178480622266853141E-17, 0.0000000000000000000, 0.5000000000000001110 ) ) ;
#750 = LINE ( 'NONE', #1783, #1000 ) ;
#751 = DIRECTION ( 'NONE',  ( -0.0000000000000000000, -0.0000000000000000000, 1.000000000000000000 ) ) ;
#752 = STYLED_ITEM ( 'NONE', ( #1780 ), #890 ) ;
#753 = ORIENTED_EDGE ( 'NONE', *, *, #449, .T. ) ;
#754 = UNCERTAINTY_MEASURE_WITH_UNIT (LENGTH_MEASURE( 1.000000000000000082E-05 ), #297, 'distance_accuracy_value', 'NONE');
#755 = EDGE_LOOP ( 'NONE', ( #1832, #829, #590, #302 ) ) ;
#756 = CARTESIAN_POINT ( 'NONE',  ( 1.399999999999999689, 1.900000000000000133, -1.450000000000000178 ) ) ;
#757 = DIRECTION ( 'NONE',  ( -0.0000000000000000000, 1.000000000000000000, 0.0000000000000000000 ) ) ;
#758 = COLOUR_RGB ( '',1.000000000000000000, 1.000000000000000000, 1.000000000000000000 ) ;
#759 = CARTESIAN_POINT ( 'NONE',  ( -3.500000000000000000, 0.0000000000000000000, 2.050000000000000711 ) ) ;
#760 = DIRECTION ( 'NONE',  ( 1.000000000000000000, -0.0000000000000000000, -1.239088197126290817E-16 ) ) ;
#761 = PRESENTATION_LAYER_ASSIGNMENT (  '', '', ( #655 ) ) ;
#762 = DIRECTION ( 'NONE',  ( 0.0000000000000000000, 0.0000000000000000000, 1.000000000000000000 ) ) ;
#763 = LINE ( 'NONE', #929, #732 ) ;
#764 = EDGE_CURVE ( 'NONE', #634, #1939, #343, .T. ) ;
#765 = VECTOR ( 'NONE', #235, 1000.000000000000000 ) ;
#766 =( NAMED_UNIT ( * ) PLANE_ANGLE_UNIT ( ) SI_UNIT ( $, .RADIAN. ) );
#767 = DIRECTION ( 'NONE',  ( 0.0000000000000000000, 1.000000000000000000, -0.0000000000000000000 ) ) ;
#768 = DIRECTION ( 'NONE',  ( -0.0000000000000000000, -1.000000000000000000, -0.0000000000000000000 ) ) ;
#769 = VERTEX_POINT ( 'NONE', #1998 ) ;
#770 = COLOUR_RGB ( '',0.2509803921568627416, 0.2509803921568627416, 0.2509803921568627416 ) ;
#771 = DIRECTION ( 'NONE',  ( 0.0000000000000000000, 0.0000000000000000000, -1.000000000000000000 ) ) ;
#772 = CARTESIAN_POINT ( 'NONE',  ( 1.399999999999999689, 0.7500000000000004441, -1.450000000000000178 ) ) ;
#773 = ORIENTED_EDGE ( 'NONE', *, *, #1530, .F. ) ;
#774 = VERTEX_POINT ( 'NONE', #2016 ) ;
#775 = SURFACE_SIDE_STYLE ('',( #1618 ) ) ;
#776 = SURFACE_STYLE_USAGE ( .BOTH. , #804 ) ;
#777 = CARTESIAN_POINT ( 'NONE',  ( -1.199999999999999734, 0.0000000000000000000, -0.3000000000000001554 ) ) ;
#778 = FACE_BOUND ( 'NONE', #2255, .T. ) ;
#779 = PRODUCT_DEFINITION_FORMATION_WITH_SPECIFIED_SOURCE ( 'ANY', '', #1143, .NOT_KNOWN. ) ;
#780 =( GEOMETRIC_REPRESENTATION_CONTEXT ( 3 ) GLOBAL_UNCERTAINTY_ASSIGNED_CONTEXT ( ( #526 ) ) GLOBAL_UNIT_ASSIGNED_CONTEXT ( ( #571, #1443, #78 ) ) REPRESENTATION_CONTEXT ( 'NONE', 'WORKASPACE' ) );
#781 = CARTESIAN_POINT ( 'NONE',  ( 3.000000000000000000, 0.0000000000000000000, -1.549999999999999822 ) ) ;
#782 = DIRECTION ( 'NONE',  ( 0.0000000000000000000, 0.0000000000000000000, 1.000000000000000000 ) ) ;
#783 = STYLED_ITEM ( 'NONE', ( #886 ), #1011 ) ;
#784 = CLOSED_SHELL ( 'NONE', ( #1412, #18, #1066, #1011, #674, #1942, #1599, #2241, #308, #1555, #565, #1751, #1337, #900, #2132, #177, #320, #1590, #724, #207, #1908, #349, #1914, #1540, #877, #163, #1056, #695, #186, #40, #664, #890, #1368, #1077, #1240, #366, #1038, #1742 ) ) ;
#785 = UNCERTAINTY_MEASURE_WITH_UNIT (LENGTH_MEASURE( 1.000000000000000082E-05 ), #304, 'distance_accuracy_value', 'NONE');
#786 = COLOUR_RGB ( '',0.2509803921568627416, 0.2509803921568627416, 0.2509803921568627416 ) ;
#787 = LINE ( 'NONE', #598, #1120 ) ;
#788 = PRESENTATION_STYLE_ASSIGNMENT (( #533 ) ) ;
#789 =( NAMED_UNIT ( * ) SI_UNIT ( $, .STERADIAN. ) SOLID_ANGLE_UNIT ( ) );
#790 =( LENGTH_UNIT ( ) NAMED_UNIT ( * ) SI_UNIT ( .MILLI., .METRE. ) );
#791 = PRESENTATION_LAYER_ASSIGNMENT (  '', '', ( #567 ) ) ;
#792 = DIRECTION ( 'NONE',  ( 1.000000000000000000, 0.0000000000000000000, -1.548860246407863583E-16 ) ) ;
#793 = VECTOR ( 'NONE', #1626, 1000.000000000000000 ) ;
#794 = FACE_OUTER_BOUND ( 'NONE', #1076, .T. ) ;
#795 = FILL_AREA_STYLE ('',( #345 ) ) ;
#796 = AXIS2_PLACEMENT_3D ( 'NONE', #1746, #1936, #1083 ) ;
#797 = DIRECTION ( 'NONE',  ( 1.000000000000000000, 0.0000000000000000000, -0.0000000000000000000 ) ) ;
#798 = ORIENTED_EDGE ( 'NONE', *, *, #846, .F. ) ;
#799 = AXIS2_PLACEMENT_3D ( 'NONE', #1712, #127, #1878 ) ;
#800 = DIRECTION ( 'NONE',  ( 1.000000000000000000, 0.0000000000000000000, 0.0000000000000000000 ) ) ;
#801 = CARTESIAN_POINT ( 'NONE',  ( 0.0000000000000000000, 0.2000000000000000111, 0.0000000000000000000 ) ) ;
#802 = ORIENTED_EDGE ( 'NONE', *, *, #2184, .F. ) ;
#803 = ORIENTED_EDGE ( 'NONE', *, *, #2054, .T. ) ;
#804 = SURFACE_SIDE_STYLE ('',( #702 ) ) ;
#805 = AXIS2_PLACEMENT_3D ( 'NONE', #301, #478, #2117 ) ;
#806 = CARTESIAN_POINT ( 'NONE',  ( -1.400000000000000133, 0.5000000000000000000, -1.899999999999999911 ) ) ;
#807 = EDGE_CURVE ( 'NONE', #448, #1295, #2259, .T. ) ;
#808 = ORIENTED_EDGE ( 'NONE', *, *, #1630, .T. ) ;
#809 =( NAMED_UNIT ( * ) SI_UNIT ( $, .STERADIAN. ) SOLID_ANGLE_UNIT ( ) );
#810 = FACE_OUTER_BOUND ( 'NONE', #967, .T. ) ;
#811 = SURFACE_STYLE_FILL_AREA ( #845 ) ;
#812 = VECTOR ( 'NONE', #1490, 1000.000000000000000 ) ;
#813 = SURFACE_STYLE_FILL_AREA ( #1752 ) ;
#814 = VECTOR ( 'NONE', #1632, 1000.000000000000000 ) ;
#815 = VECTOR ( 'NONE', #751, 1000.000000000000000 ) ;
#816 = PRESENTATION_LAYER_ASSIGNMENT (  '', '', ( #1731 ) ) ;
#817 = CARTESIAN_POINT ( 'NONE',  ( -3.799999999999999378, 0.0000000000000000000, 0.2999999999999998224 ) ) ;
#818 = ORIENTED_EDGE ( 'NONE', *, *, #585, .T. ) ;
#819 = AXIS2_PLACEMENT_3D ( 'NONE', #413, #1269, #1601 ) ;
#820 = ORIENTED_EDGE ( 'NONE', *, *, #1503, .T. ) ;
#821 = MANIFOLD_SOLID_BREP ( 'Cut-Extrude1', #784 ) ;
#822 = STYLED_ITEM ( 'NONE', ( #1316 ), #674 ) ;
#823 = DIRECTION ( 'NONE',  ( 0.0000000000000000000, 1.000000000000000000, 0.0000000000000000000 ) ) ;
#824 = SURFACE_STYLE_USAGE ( .BOTH. , #660 ) ;
#825 = ORIENTED_EDGE ( 'NONE', *, *, #697, .T. ) ;
#826 = DIRECTION ( 'NONE',  ( -0.0000000000000000000, -1.000000000000000000, -0.0000000000000000000 ) ) ;
#827 = ORIENTED_EDGE ( 'NONE', *, *, #1378, .T. ) ;
#828 = SURFACE_STYLE_USAGE ( .BOTH. , #1326 ) ;
#829 = ORIENTED_EDGE ( 'NONE', *, *, #371, .F. ) ;
#830 = CARTESIAN_POINT ( 'NONE',  ( -1.400000000000000133, 0.7500000000000000000, -1.649999999999999911 ) ) ;
#831 = EDGE_CURVE ( 'NONE', #774, #1951, #568, .T. ) ;
#832 = FILL_AREA_STYLE_COLOUR ( '', #1603 ) ;
#833 = EDGE_CURVE ( 'NONE', #2000, #744, #1419, .T. ) ;
#834 =( NAMED_UNIT ( * ) PLANE_ANGLE_UNIT ( ) SI_UNIT ( $, .RADIAN. ) );
#835 =( GEOMETRIC_REPRESENTATION_CONTEXT ( 3 ) GLOBAL_UNCERTAINTY_ASSIGNED_CONTEXT ( ( #352 ) ) GLOBAL_UNIT_ASSIGNED_CONTEXT ( ( #1874, #1374, #344 ) ) REPRESENTATION_CONTEXT ( 'NONE', 'WORKASPACE' ) );
#836 =( NAMED_UNIT ( * ) PLANE_ANGLE_UNIT ( ) SI_UNIT ( $, .RADIAN. ) );
#837 = FILL_AREA_STYLE_COLOUR ( '', #370 ) ;
#838 = CIRCLE ( 'NONE', #398, 0.2000000000000000944 ) ;
#839 = FILL_AREA_STYLE_COLOUR ( '', #1147 ) ;
#840 = FILL_AREA_STYLE_COLOUR ( '', #630 ) ;
#841 = PRESENTATION_STYLE_ASSIGNMENT (( #1327 ) ) ;
#842 = LINE ( 'NONE', #920, #150 ) ;
#843 = PRESENTATION_STYLE_ASSIGNMENT (( #145 ) ) ;
#844 =( LENGTH_UNIT ( ) NAMED_UNIT ( * ) SI_UNIT ( .MILLI., .METRE. ) );
#845 = FILL_AREA_STYLE ('',( #313 ) ) ;
#846 = EDGE_CURVE ( 'NONE', #646, #1747, #912, .T. ) ;
#847 = ORIENTED_EDGE ( 'NONE', *, *, #354, .F. ) ;
#848 = DIRECTION ( 'NONE',  ( 1.000000000000000000, 0.0000000000000000000, 0.0000000000000000000 ) ) ;
#849 = PLANE ( 'NONE',  #129 ) ;
#850 =( LENGTH_UNIT ( ) NAMED_UNIT ( * ) SI_UNIT ( .MILLI., .METRE. ) );
#851 = PRODUCT_RELATED_PRODUCT_CATEGORY ( 'part', '', ( #960 ) ) ;
#852 = SURFACE_STYLE_USAGE ( .BOTH. , #307 ) ;
#853 = VERTEX_POINT ( 'NONE', #1019 ) ;
#854 = EDGE_CURVE ( 'NONE', #1082, #2075, #977, .T. ) ;
#855 = CARTESIAN_POINT ( 'NONE',  ( 3.500000000000000000, 0.5000000000000000000, 1.549999999999999822 ) ) ;
#856 = UNCERTAINTY_MEASURE_WITH_UNIT (LENGTH_MEASURE( 1.000000000000000082E-05 ), #859, 'distance_accuracy_value', 'NONE');
#857 = EDGE_LOOP ( 'NONE', ( #470, #1978, #700, #808 ) ) ;
#858 = DIRECTION ( 'NONE',  ( -1.000000000000000000, 0.0000000000000000000, 1.548860246407863583E-16 ) ) ;
#859 =( LENGTH_UNIT ( ) NAMED_UNIT ( * ) SI_UNIT ( .MILLI., .METRE. ) );
#860 = SURFACE_STYLE_USAGE ( .BOTH. , #2063 ) ;
#861 = CARTESIAN_POINT ( 'NONE',  ( -1.199999999999999512, 0.2000000000000000111, -0.5000000000000000000 ) ) ;
#862 = ADVANCED_FACE ( 'NONE', ( #1956 ), #1329, .F. ) ;
#863 = MECHANICAL_DESIGN_GEOMETRIC_PRESENTATION_REPRESENTATION (  '', ( #169 ), #1614 ) ;
#864 = AXIS2_PLACEMENT_3D ( 'NONE', #1776, #564, #73 ) ;
#865 = ORIENTED_EDGE ( 'NONE', *, *, #2150, .T. ) ;
#866 =( LENGTH_UNIT ( ) NAMED_UNIT ( * ) SI_UNIT ( .MILLI., .METRE. ) );
#867 = CARTESIAN_POINT ( 'NONE',  ( 3.299999999999999822, 0.5000000000000000000, 1.899999999999999245 ) ) ;
#868 = FILL_AREA_STYLE_COLOUR ( '', #468 ) ;
#869 = STYLED_ITEM ( 'NONE', ( #904 ), #1710 ) ;
#870 = AXIS2_PLACEMENT_3D ( 'NONE', #922, #430, #1123 ) ;
#871 = AXIS2_PLACEMENT_3D ( 'NONE', #1960, #405, #52 ) ;
#872 = COLOUR_RGB ( '',1.000000000000000000, 1.000000000000000000, 1.000000000000000000 ) ;
#873 = CARTESIAN_POINT ( 'NONE',  ( 3.799999999999999378, 0.0000000000000000000, 0.2999999999999998224 ) ) ;
#874 = CARTESIAN_POINT ( 'NONE',  ( -3.000000000000000444, 0.5000000000000000000, 2.050000000000000711 ) ) ;
#875 = CARTESIAN_POINT ( 'NONE',  ( 3.000000000000000000, 0.5000000000000000000, -2.049999999999999822 ) ) ;
#876 = COLOUR_RGB ( '',1.000000000000000000, 1.000000000000000000, 1.000000000000000000 ) ;
#877 = ADVANCED_FACE ( 'NONE', ( #1890 ), #2230, .T. ) ;
#878 = PLANE ( 'NONE',  #1568 ) ;
#879 = VECTOR ( 'NONE', #436, 1000.000000000000000 ) ;
#880 = ORIENTED_EDGE ( 'NONE', *, *, #1717, .F. ) ;
#881 = MECHANICAL_DESIGN_GEOMETRIC_PRESENTATION_REPRESENTATION (  '', ( #655 ), #1931 ) ;
#882 = EDGE_CURVE ( 'NONE', #1592, #769, #2257, .T. ) ;
#883 = CARTESIAN_POINT ( 'NONE',  ( -1.199999999999999734, 0.0000000000000000000, -0.3000000000000001554 ) ) ;
#884 = EDGE_LOOP ( 'NONE', ( #1449, #1917, #125, #9 ) ) ;
#885 = CARTESIAN_POINT ( 'NONE',  ( -3.299999999999999822, 0.5000000000000000000, 0.0000000000000000000 ) ) ;
#886 = PRESENTATION_STYLE_ASSIGNMENT (( #390 ) ) ;
#887 = SURFACE_STYLE_USAGE ( .BOTH. , #362 ) ;
#888 = COLOUR_RGB ( '',1.000000000000000000, 1.000000000000000000, 1.000000000000000000 ) ;
#889 = VECTOR ( 'NONE', #546, 1000.000000000000000 ) ;
#890 = ADVANCED_FACE ( 'NONE', ( #701 ), #1352, .F. ) ;
#891 = DIRECTION ( 'NONE',  ( -1.000000000000000000, 0.0000000000000000000, -0.0000000000000000000 ) ) ;
#892 = ORIENTED_EDGE ( 'NONE', *, *, #585, .F. ) ;
#893 = EDGE_LOOP ( 'NONE', ( #21, #1952, #2096, #368 ) ) ;
#894 = UNCERTAINTY_MEASURE_WITH_UNIT (LENGTH_MEASURE( 1.000000000000000082E-05 ), #2090, 'distance_accuracy_value', 'NONE');
#895 = DIRECTION ( 'NONE',  ( -0.0000000000000000000, -0.0000000000000000000, 1.000000000000000000 ) ) ;
#896 = CARTESIAN_POINT ( 'NONE',  ( 3.500000000000000000, 0.5000000000000000000, -1.549999999999999822 ) ) ;
#897 = PRESENTATION_STYLE_ASSIGNMENT (( #824 ) ) ;
#898 = AXIS2_PLACEMENT_3D ( 'NONE', #1447, #1808, #597 ) ;
#899 = FILL_AREA_STYLE_COLOUR ( '', #2082 ) ;
#900 = ADVANCED_FACE ( 'NONE', ( #339 ), #596, .T. ) ;
#901 = STYLED_ITEM ( 'NONE', ( #475 ), #962 ) ;
#902 = SURFACE_STYLE_FILL_AREA ( #948 ) ;
#903 = CIRCLE ( 'NONE', #1033, 0.5000000000000000000 ) ;
#904 = PRESENTATION_STYLE_ASSIGNMENT (( #86 ) ) ;
#905 = CARTESIAN_POINT ( 'NONE',  ( -1.400000000000000133, 0.5500000000000000444, -1.899999999999999911 ) ) ;
#906 =( LENGTH_UNIT ( ) NAMED_UNIT ( * ) SI_UNIT ( .MILLI., .METRE. ) );
#907 = ORIENTED_EDGE ( 'NONE', *, *, #56, .T. ) ;
#908 = MECHANICAL_DESIGN_GEOMETRIC_PRESENTATION_REPRESENTATION (  '', ( #567 ), #1142 ) ;
#909 = ORIENTED_EDGE ( 'NONE', *, *, #107, .T. ) ;
#910 = ORIENTED_EDGE ( 'NONE', *, *, #720, .T. ) ;
#911 = CARTESIAN_POINT ( 'NONE',  ( 3.299999999999999822, 0.5500000000000000444, -2.168404344971008868E-16 ) ) ;
#912 = LINE ( 'NONE', #300, #2097 ) ;
#913 = STYLED_ITEM ( 'NONE', ( #2064 ), #565 ) ;
#914 = DIRECTION ( 'NONE',  ( -0.0000000000000000000, -1.000000000000000000, -0.0000000000000000000 ) ) ;
#915 = PRESENTATION_LAYER_ASSIGNMENT (  '', '', ( #783 ) ) ;
#916 = FACE_OUTER_BOUND ( 'NONE', #1020, .T. ) ;
#917 = CARTESIAN_POINT ( 'NONE',  ( -1.400000000000000133, 1.700000000000000178, -1.249999999999999778 ) ) ;
#918 = FACE_OUTER_BOUND ( 'NONE', #1736, .T. ) ;
#919 = DIRECTION ( 'NONE',  ( 0.0000000000000000000, -1.000000000000000000, 0.0000000000000000000 ) ) ;
#920 = CARTESIAN_POINT ( 'NONE',  ( -1.199999999999999734, 0.0000000000000000000, 0.2999999999999998224 ) ) ;
#921 = ORIENTED_EDGE ( 'NONE', *, *, #2185, .T. ) ;
#922 = CARTESIAN_POINT ( 'NONE',  ( 1.399999999999999911, 1.900000000000000133, -2.464095846557964399E-16 ) ) ;
#923 = FILL_AREA_STYLE_COLOUR ( '', #550 ) ;
#924 = CARTESIAN_POINT ( 'NONE',  ( 3.000000000000000000, 0.5000000000000000000, -1.549999999999999822 ) ) ;
#925 = EDGE_CURVE ( 'NONE', #480, #1267, #1178, .T. ) ;
#926 = UNCERTAINTY_MEASURE_WITH_UNIT (LENGTH_MEASURE( 1.000000000000000082E-05 ), #1524, 'distance_accuracy_value', 'NONE');
#927 = CIRCLE ( 'NONE', #2260, 0.5000000000000000000 ) ;
#928 = COLOUR_RGB ( '',1.000000000000000000, 1.000000000000000000, 1.000000000000000000 ) ;
#929 = CARTESIAN_POINT ( 'NONE',  ( -3.500000000000000000, 0.0000000000000000000, 2.050000000000000711 ) ) ;
#930 = FILL_AREA_STYLE_COLOUR ( '', #2141 ) ;
#931 = CARTESIAN_POINT ( 'NONE',  ( 3.299999999999999822, 0.5500000000000000444, 1.899999999999999245 ) ) ;
#932 = PLANE ( 'NONE',  #1255 ) ;
#933 =( NAMED_UNIT ( * ) SI_UNIT ( $, .STERADIAN. ) SOLID_ANGLE_UNIT ( ) );
#934 = LINE ( 'NONE', #759, #815 ) ;
#935 = DIRECTION ( 'NONE',  ( 0.0000000000000000000, 0.0000000000000000000, 1.000000000000000000 ) ) ;
#936 = VERTEX_POINT ( 'NONE', #1889 ) ;
#937 = DIRECTION ( 'NONE',  ( 1.000000000000000000, -0.0000000000000000000, -7.744301232039319147E-17 ) ) ;
#938 = ORIENTED_EDGE ( 'NONE', *, *, #1334, .T. ) ;
#939 = DIRECTION ( 'NONE',  ( 1.000000000000000000, 0.0000000000000000000, 0.0000000000000000000 ) ) ;
#940 = SURFACE_SIDE_STYLE ('',( #1646 ) ) ;
#941 = SURFACE_SIDE_STYLE ('',( #1007 ) ) ;
#942 = CLOSED_SHELL ( 'NONE', ( #1710, #1248, #862, #198, #1738, #2087 ) ) ;
#943 =( NAMED_UNIT ( * ) PLANE_ANGLE_UNIT ( ) SI_UNIT ( $, .RADIAN. ) );
#944 = PRESENTATION_LAYER_ASSIGNMENT (  '', '', ( #285 ) ) ;
#945 = FACE_OUTER_BOUND ( 'NONE', #1085, .T. ) ;
#946 =( LENGTH_UNIT ( ) NAMED_UNIT ( * ) SI_UNIT ( .MILLI., .METRE. ) );
#947 = MECHANICAL_DESIGN_GEOMETRIC_PRESENTATION_REPRESENTATION (  '', ( #600 ), #1996 ) ;
#948 = FILL_AREA_STYLE ('',( #1825 ) ) ;
#949 =( NAMED_UNIT ( * ) PLANE_ANGLE_UNIT ( ) SI_UNIT ( $, .RADIAN. ) );
#950 = FILL_AREA_STYLE_COLOUR ( '', #280 ) ;
#951 =( NAMED_UNIT ( * ) PLANE_ANGLE_UNIT ( ) SI_UNIT ( $, .RADIAN. ) );
#952 = MECHANICAL_DESIGN_GEOMETRIC_PRESENTATION_REPRESENTATION (  '', ( #901 ), #1068 ) ;
#953 = SURFACE_STYLE_FILL_AREA ( #1214 ) ;
#954 = ORIENTED_EDGE ( 'NONE', *, *, #264, .T. ) ;
#955 = CARTESIAN_POINT ( 'NONE',  ( 3.299999999999999822, 0.5000000000000000000, -1.900000000000000355 ) ) ;
#956 = DIRECTION ( 'NONE',  ( 0.0000000000000000000, 1.000000000000000000, 0.0000000000000000000 ) ) ;
#957 = CIRCLE ( 'NONE', #2166, 1.650000000000000355 ) ;
#958 = DIRECTION ( 'NONE',  ( -1.000000000000000000, 0.0000000000000000000, 0.0000000000000000000 ) ) ;
#959 = SURFACE_STYLE_USAGE ( .BOTH. , #941 ) ;
#960 = PRODUCT ( 'ABLS7M2-16.000MHZ-D2Y-T', 'ABLS7M2-16.000MHZ-D2Y-T', '', ( #2225 ) ) ;
#961 = PRESENTATION_STYLE_ASSIGNMENT (( #959 ) ) ;
#962 = MANIFOLD_SOLID_BREP ( 'Boss-Extrude4[1]', #942 ) ;
#963 = EDGE_CURVE ( 'NONE', #2136, #2114, #369, .T. ) ;
#964 = EDGE_CURVE ( 'NONE', #624, #970, #2123, .T. ) ;
#965 = PRESENTATION_LAYER_ASSIGNMENT (  '', '', ( #1533 ) ) ;
#966 = COLOUR_RGB ( '',1.000000000000000000, 1.000000000000000000, 1.000000000000000000 ) ;
#967 = EDGE_LOOP ( 'NONE', ( #907, #1415, #2034, #2226 ) ) ;
#968 = CARTESIAN_POINT ( 'NONE',  ( 3.500000000000000000, 0.5000000000000000000, 2.049999999999999822 ) ) ;
#969 = EDGE_LOOP ( 'NONE', ( #1757, #1857, #482, #1587 ) ) ;
#970 = VERTEX_POINT ( 'NONE', #502 ) ;
#971 =( NAMED_UNIT ( * ) PLANE_ANGLE_UNIT ( ) SI_UNIT ( $, .RADIAN. ) );
#972 = FILL_AREA_STYLE_COLOUR ( '', #1837 ) ;
#973 = VERTEX_POINT ( 'NONE', #772 ) ;
#974 = MECHANICAL_DESIGN_GEOMETRIC_PRESENTATION_REPRESENTATION (  '', ( #1225 ), #1331 ) ;
#975 =( NAMED_UNIT ( * ) SI_UNIT ( $, .STERADIAN. ) SOLID_ANGLE_UNIT ( ) );
#976 = UNCERTAINTY_MEASURE_WITH_UNIT (LENGTH_MEASURE( 1.000000000000000082E-05 ), #1805, 'distance_accuracy_value', 'NONE');
#977 = LINE ( 'NONE', #454, #49 ) ;
#978 = FILL_AREA_STYLE ('',( #391 ) ) ;
#979 = EDGE_CURVE ( 'NONE', #1835, #473, #79, .T. ) ;
#980 = LINE ( 'NONE', #635, #1160 ) ;
#981 = VECTOR ( 'NONE', #711, 1000.000000000000000 ) ;
#982 = SURFACE_STYLE_USAGE ( .BOTH. , #1838 ) ;
#983 =( NAMED_UNIT ( * ) SI_UNIT ( $, .STERADIAN. ) SOLID_ANGLE_UNIT ( ) );
#984 = ORIENTED_EDGE ( 'NONE', *, *, #340, .F. ) ;
#985 = EDGE_CURVE ( 'NONE', #681, #190, #1706, .T. ) ;
#986 = CARTESIAN_POINT ( 'NONE',  ( 1.399999999999999911, 0.5000000000000000000, -2.464095846557964399E-16 ) ) ;
#987 = MECHANICAL_DESIGN_GEOMETRIC_PRESENTATION_REPRESENTATION (  '', ( #2041 ), #60 ) ;
#988 = STYLED_ITEM ( 'NONE', ( #1569 ), #664 ) ;
#989 = PRESENTATION_LAYER_ASSIGNMENT (  '', '', ( #1369 ) ) ;
#990 = FILL_AREA_STYLE ('',( #1512 ) ) ;
#991 = VERTEX_POINT ( 'NONE', #226 ) ;
#992 = FACE_OUTER_BOUND ( 'NONE', #2177, .T. ) ;
#993 = ORIENTED_EDGE ( 'NONE', *, *, #831, .F. ) ;
#994 =( NAMED_UNIT ( * ) PLANE_ANGLE_UNIT ( ) SI_UNIT ( $, .RADIAN. ) );
#995 = SURFACE_STYLE_FILL_AREA ( #65 ) ;
#996 = UNCERTAINTY_MEASURE_WITH_UNIT (LENGTH_MEASURE( 1.000000000000000082E-05 ), #1315, 'distance_accuracy_value', 'NONE');
#997 = FILL_AREA_STYLE ('',( #837 ) ) ;
#998 = PRESENTATION_STYLE_ASSIGNMENT (( #2200 ) ) ;
#999 =( NAMED_UNIT ( * ) PLANE_ANGLE_UNIT ( ) SI_UNIT ( $, .RADIAN. ) );
#1000 = VECTOR ( 'NONE', #768, 1000.000000000000000 ) ;
#1001 = EDGE_CURVE ( 'NONE', #973, #448, #1659, .T. ) ;
#1002 = VERTEX_POINT ( 'NONE', #1762 ) ;
#1003 = SURFACE_SIDE_STYLE ('',( #211 ) ) ;
#1004 = VERTEX_POINT ( 'NONE', #2139 ) ;
#1005 = EDGE_LOOP ( 'NONE', ( #2151, #99, #1256, #1701 ) ) ;
#1006 = DIRECTION ( 'NONE',  ( -1.000000000000000000, 0.0000000000000000000, 0.0000000000000000000 ) ) ;
#1007 = SURFACE_STYLE_FILL_AREA ( #96 ) ;
#1008 = PRESENTATION_STYLE_ASSIGNMENT (( #887 ) ) ;
#1009 = FACE_OUTER_BOUND ( 'NONE', #2115, .T. ) ;
#1010 =( LENGTH_UNIT ( ) NAMED_UNIT ( * ) SI_UNIT ( .MILLI., .METRE. ) );
#1011 = ADVANCED_FACE ( 'NONE', ( #945 ), #1252, .F. ) ;
#1012 = TOROIDAL_SURFACE ( 'NONE', #1651, 1.249999999999999778, 0.2000000000000000111 ) ;
#1013 =( LENGTH_UNIT ( ) NAMED_UNIT ( * ) SI_UNIT ( .MILLI., .METRE. ) );
#1014 = DIRECTION ( 'NONE',  ( 0.0000000000000000000, 1.000000000000000000, 0.0000000000000000000 ) ) ;
#1015 =( NAMED_UNIT ( * ) PLANE_ANGLE_UNIT ( ) SI_UNIT ( $, .RADIAN. ) );
#1016 = FACE_OUTER_BOUND ( 'NONE', #656, .T. ) ;
#1017 = EDGE_LOOP ( 'NONE', ( #1950, #727, #199, #1909 ) ) ;
#1018 = STYLED_ITEM ( 'NONE', ( #1149 ), #1590 ) ;
#1019 = CARTESIAN_POINT ( 'NONE',  ( 1.199999999999999734, 0.2000000000000000111, 0.2999999999999998224 ) ) ;
#1020 = EDGE_LOOP ( 'NONE', ( #363, #1572, #2158, #57 ) ) ;
#1021 = FILL_AREA_STYLE ('',( #1181 ) ) ;
#1022 = PRODUCT_DEFINITION_SHAPE ( 'NONE', 'NONE',  #1716 ) ;
#1023 = ORIENTED_EDGE ( 'NONE', *, *, #1485, .T. ) ;
#1024 = FILL_AREA_STYLE ('',( #868 ) ) ;
#1025 = UNCERTAINTY_MEASURE_WITH_UNIT (LENGTH_MEASURE( 1.000000000000000082E-05 ), #1536, 'distance_accuracy_value', 'NONE');
#1026 = DIRECTION ( 'NONE',  ( -0.0000000000000000000, 1.000000000000000000, -0.0000000000000000000 ) ) ;
#1027 = DIRECTION ( 'NONE',  ( 0.0000000000000000000, 0.0000000000000000000, -1.000000000000000000 ) ) ;
#1028 = PRESENTATION_LAYER_ASSIGNMENT (  '', '', ( #1253 ) ) ;
#1029 = DIRECTION ( 'NONE',  ( 1.000000000000000000, 0.0000000000000000000, -9.856383386231860060E-17 ) ) ;
#1030 = SURFACE_SIDE_STYLE ('',( #1545 ) ) ;
#1031 = DIRECTION ( 'NONE',  ( -1.000000000000000000, 0.0000000000000000000, -2.356961244533705358E-17 ) ) ;
#1032 = ORIENTED_EDGE ( 'NONE', *, *, #1583, .T. ) ;
#1033 = AXIS2_PLACEMENT_3D ( 'NONE', #1277, #1980, #1114 ) ;
#1034 = AXIS2_PLACEMENT_3D ( 'NONE', #1534, #1209, #679 ) ;
#1035 = VERTEX_POINT ( 'NONE', #1791 ) ;
#1036 = MECHANICAL_DESIGN_GEOMETRIC_PRESENTATION_REPRESENTATION (  '', ( #783 ), #1496 ) ;
#1037 = SURFACE_SIDE_STYLE ('',( #1506 ) ) ;
#1038 = ADVANCED_FACE ( 'NONE', ( #1125 ), #1605, .F. ) ;
#1039 = DIRECTION ( 'NONE',  ( 7.744301232039319147E-17, -0.0000000000000000000, 1.000000000000000000 ) ) ;
#1040 = DIRECTION ( 'NONE',  ( 0.0000000000000000000, -1.000000000000000000, 0.0000000000000000000 ) ) ;
#1041 = FACE_OUTER_BOUND ( 'NONE', #104, .T. ) ;
#1042 = SURFACE_STYLE_USAGE ( .BOTH. , #1052 ) ;
#1043 = SURFACE_STYLE_FILL_AREA ( #714 ) ;
#1044 = CIRCLE ( 'NONE', #1894, 0.2000000000000000944 ) ;
#1045 = FACE_OUTER_BOUND ( 'NONE', #1803, .T. ) ;
#1046 = STYLED_ITEM ( 'NONE', ( #1827 ), #1942 ) ;
#1047 = CIRCLE ( 'NONE', #604, 1.899999999999999911 ) ;
#1048 = EDGE_CURVE ( 'NONE', #421, #1295, #2171, .T. ) ;
#1049 = ORIENTED_EDGE ( 'NONE', *, *, #1268, .T. ) ;
#1050 = CARTESIAN_POINT ( 'NONE',  ( 0.0000000000000000000, 0.0000000000000000000, -0.5000000000000000000 ) ) ;
#1051 = CARTESIAN_POINT ( 'NONE',  ( 1.199999999999999512, 0.2000000000000000111, 0.5000000000000001110 ) ) ;
#1052 = SURFACE_SIDE_STYLE ('',( #171 ) ) ;
#1053 = VERTEX_POINT ( 'NONE', #1103 ) ;
#1054 = ADVANCED_FACE ( 'NONE', ( #441 ), #1258, .F. ) ;
#1055 = VERTEX_POINT ( 'NONE', #2129 ) ;
#1056 = ADVANCED_FACE ( 'NONE', ( #1009 ), #1672, .F. ) ;
#1057 =( NAMED_UNIT ( * ) PLANE_ANGLE_UNIT ( ) SI_UNIT ( $, .RADIAN. ) );
#1058 = CIRCLE ( 'NONE', #870, 1.249999999999999778 ) ;
#1059 = FACE_OUTER_BOUND ( 'NONE', #157, .T. ) ;
#1060 = STYLED_ITEM ( 'NONE', ( #1431 ), #1226 ) ;
#1061 = ORIENTED_EDGE ( 'NONE', *, *, #326, .T. ) ;
#1062 =( NAMED_UNIT ( * ) PLANE_ANGLE_UNIT ( ) SI_UNIT ( $, .RADIAN. ) );
#1063 = VERTEX_POINT ( 'NONE', #1800 ) ;
#1064 = DIRECTION ( 'NONE',  ( 0.0000000000000000000, 1.000000000000000000, 0.0000000000000000000 ) ) ;
#1065 = AXIS2_PLACEMENT_3D ( 'NONE', #248, #1087, #611 ) ;
#1066 = ADVANCED_FACE ( 'NONE', ( #2025 ), #1246, .F. ) ;
#1067 = CARTESIAN_POINT ( 'NONE',  ( -1.399999999999999689, 0.7500000000000000000, 4.303954078654577520E-16 ) ) ;
#1068 =( GEOMETRIC_REPRESENTATION_CONTEXT ( 3 ) GLOBAL_UNCERTAINTY_ASSIGNED_CONTEXT ( ( #1342 ) ) GLOBAL_UNIT_ASSIGNED_CONTEXT ( ( #844, #1195, #1718 ) ) REPRESENTATION_CONTEXT ( 'NONE', 'WORKASPACE' ) );
#1069 = FACE_OUTER_BOUND ( 'NONE', #626, .T. ) ;
#1070 = LINE ( 'NONE', #1235, #1145 ) ;
#1071 = UNCERTAINTY_MEASURE_WITH_UNIT (LENGTH_MEASURE( 1.000000000000000082E-05 ), #1484, 'distance_accuracy_value', 'NONE');
#1072 = DIRECTION ( 'NONE',  ( -0.0000000000000000000, 1.000000000000000000, -0.0000000000000000000 ) ) ;
#1073 = CARTESIAN_POINT ( 'NONE',  ( 1.399999999999999911, 0.5500000000000000444, -2.168404344971008868E-16 ) ) ;
#1074 = SURFACE_STYLE_FILL_AREA ( #1382 ) ;
#1075 = CYLINDRICAL_SURFACE ( 'NONE', #296, 1.899999999999999911 ) ;
#1076 = EDGE_LOOP ( 'NONE', ( #493, #1649, #2119, #408 ) ) ;
#1077 = ADVANCED_FACE ( 'NONE', ( #355 ), #1126, .F. ) ;
#1078 = EDGE_CURVE ( 'NONE', #1217, #1091, #298, .T. ) ;
#1079 = EDGE_CURVE ( 'NONE', #1281, #2018, #521, .T. ) ;
#1080 = SURFACE_STYLE_USAGE ( .BOTH. , #2 ) ;
#1081 = PRESENTATION_LAYER_ASSIGNMENT (  '', '', ( #1622 ) ) ;
#1082 = VERTEX_POINT ( 'NONE', #102 ) ;
#1083 = DIRECTION ( 'NONE',  ( 0.0000000000000000000, 0.0000000000000000000, 1.000000000000000000 ) ) ;
#1084 = SURFACE_SIDE_STYLE ('',( #1994 ) ) ;
#1085 = EDGE_LOOP ( 'NONE', ( #206, #1895, #560, #696 ) ) ;
#1086 = PLANE ( 'NONE',  #1420 ) ;
#1087 = DIRECTION ( 'NONE',  ( 0.0000000000000000000, -1.000000000000000000, 0.0000000000000000000 ) ) ;
#1088 = DIRECTION ( 'NONE',  ( 1.000000000000000000, 0.0000000000000000000, 0.0000000000000000000 ) ) ;
#1089 = DIRECTION ( 'NONE',  ( 0.0000000000000000000, 0.0000000000000000000, 1.000000000000000000 ) ) ;
#1090 = AXIS2_PLACEMENT_3D ( 'NONE', #1539, #1522, #685 ) ;
#1091 = VERTEX_POINT ( 'NONE', #456 ) ;
#1092 = EDGE_CURVE ( 'NONE', #1713, #190, #787, .T. ) ;
#1093 = SURFACE_STYLE_FILL_AREA ( #1753 ) ;
#1094 = FILL_AREA_STYLE_COLOUR ( '', #225 ) ;
#1095 = CARTESIAN_POINT ( 'NONE',  ( -1.400000000000000133, 1.900000000000000133, -1.249999999999999778 ) ) ;
#1096 = COLOUR_RGB ( '',0.2509803921568627416, 0.2509803921568627416, 0.2509803921568627416 ) ;
#1097 = VECTOR ( 'NONE', #1600, 1000.000000000000000 ) ;
#1098 = CARTESIAN_POINT ( 'NONE',  ( -1.399999999999999911, 1.700000000000000178, -1.250000000000000000 ) ) ;
#1099 = LINE ( 'NONE', #747, #814 ) ;
#1100 = UNCERTAINTY_MEASURE_WITH_UNIT (LENGTH_MEASURE( 1.000000000000000082E-05 ), #790, 'distance_accuracy_value', 'NONE');
#1101 = DIRECTION ( 'NONE',  ( 0.0000000000000000000, 0.0000000000000000000, 1.000000000000000000 ) ) ;
#1102 = DIRECTION ( 'NONE',  ( 0.0000000000000000000, -0.0000000000000000000, 1.000000000000000000 ) ) ;
#1103 = CARTESIAN_POINT ( 'NONE',  ( 1.199999999999999734, 0.2000000000000000111, -0.3000000000000001554 ) ) ;
#1104 = EDGE_CURVE ( 'NONE', #1771, #1312, #380, .T. ) ;
#1105 = EDGE_LOOP ( 'NONE', ( #593, #1930, #442, #152 ) ) ;
#1106 = AXIS2_PLACEMENT_3D ( 'NONE', #1408, #545, #519 ) ;
#1107 = EDGE_LOOP ( 'NONE', ( #1286, #880, #1511, #1726 ) ) ;
#1108 = CARTESIAN_POINT ( 'NONE',  ( 1.399999999999999467, 1.700000000000000178, -1.450000000000000178 ) ) ;
#1109 = PRESENTATION_LAYER_ASSIGNMENT (  '', '', ( #647 ) ) ;
#1110 =( GEOMETRIC_REPRESENTATION_CONTEXT ( 3 ) GLOBAL_UNCERTAINTY_ASSIGNED_CONTEXT ( ( #2188 ) ) GLOBAL_UNIT_ASSIGNED_CONTEXT ( ( #2074, #1179, #1525 ) ) REPRESENTATION_CONTEXT ( 'NONE', 'WORKASPACE' ) );
#1111 = AXIS2_PLACEMENT_3D ( 'NONE', #1151, #1834, #2006 ) ;
#1112 = VECTOR ( 'NONE', #335, 1000.000000000000000 ) ;
#1113 = CARTESIAN_POINT ( 'NONE',  ( 1.199999999999999512, 0.2000000000000000111, 0.5000000000000001110 ) ) ;
#1114 = DIRECTION ( 'NONE',  ( 0.0000000000000000000, 0.0000000000000000000, 1.000000000000000000 ) ) ;
#1115 = EDGE_LOOP ( 'NONE', ( #1156, #286, #984, #33 ) ) ;
#1116 = ORIENTED_EDGE ( 'NONE', *, *, #764, .T. ) ;
#1117 =( GEOMETRIC_REPRESENTATION_CONTEXT ( 3 ) GLOBAL_UNCERTAINTY_ASSIGNED_CONTEXT ( ( #557 ) ) GLOBAL_UNIT_ASSIGNED_CONTEXT ( ( #2143, #215, #1787 ) ) REPRESENTATION_CONTEXT ( 'NONE', 'WORKASPACE' ) );
#1118 = TOROIDAL_SURFACE ( 'NONE', #2250, 1.650000000000000355, 0.2000000000000000111 ) ;
#1119 = EDGE_CURVE ( 'NONE', #1267, #1880, #2049, .T. ) ;
#1120 = VECTOR ( 'NONE', #81, 1000.000000000000000 ) ;
#1121 = CARTESIAN_POINT ( 'NONE',  ( 1.399999999999999689, 0.5000000000000000000, -1.900000000000000133 ) ) ;
#1122 = CARTESIAN_POINT ( 'NONE',  ( -3.500000000000000000, 0.5000000000000000000, 1.550000000000000488 ) ) ;
#1123 = DIRECTION ( 'NONE',  ( 0.0000000000000000000, 0.0000000000000000000, 1.000000000000000000 ) ) ;
#1124 =( NAMED_UNIT ( * ) SI_UNIT ( $, .STERADIAN. ) SOLID_ANGLE_UNIT ( ) );
#1125 = FACE_OUTER_BOUND ( 'NONE', #884, .T. ) ;
#1126 = PLANE ( 'NONE',  #2116 ) ;
#1127 = DIRECTION ( 'NONE',  ( -1.000000000000000000, -0.0000000000000000000, 2.356961244533705358E-17 ) ) ;
#1128 = ORIENTED_EDGE ( 'NONE', *, *, #963, .T. ) ;
#1129 = DIRECTION ( 'NONE',  ( -0.0000000000000000000, -1.000000000000000000, -0.0000000000000000000 ) ) ;
#1130 = DIRECTION ( 'NONE',  ( 0.0000000000000000000, 0.0000000000000000000, 1.000000000000000000 ) ) ;
#1131 = ORIENTED_EDGE ( 'NONE', *, *, #203, .T. ) ;
#1132 = ORIENTED_EDGE ( 'NONE', *, *, #2247, .T. ) ;
#1133 =( NAMED_UNIT ( * ) SI_UNIT ( $, .STERADIAN. ) SOLID_ANGLE_UNIT ( ) );
#1134 = PRESENTATION_LAYER_ASSIGNMENT (  '', '', ( #869 ) ) ;
#1135 = SURFACE_SIDE_STYLE ('',( #1782 ) ) ;
#1136 = FACE_OUTER_BOUND ( 'NONE', #138, .T. ) ;
#1137 = EDGE_LOOP ( 'NONE', ( #303, #1370, #798, #1560 ) ) ;
#1138 =( NAMED_UNIT ( * ) SI_UNIT ( $, .STERADIAN. ) SOLID_ANGLE_UNIT ( ) );
#1139 = PRESENTATION_STYLE_ASSIGNMENT (( #860 ) ) ;
#1140 = EDGE_LOOP ( 'NONE', ( #562, #1243, #231, #435 ) ) ;
#1141 =( NAMED_UNIT ( * ) SI_UNIT ( $, .STERADIAN. ) SOLID_ANGLE_UNIT ( ) );
#1142 =( GEOMETRIC_REPRESENTATION_CONTEXT ( 3 ) GLOBAL_UNCERTAINTY_ASSIGNED_CONTEXT ( ( #996 ) ) GLOBAL_UNIT_ASSIGNED_CONTEXT ( ( #1315, #2253, #511 ) ) REPRESENTATION_CONTEXT ( 'NONE', 'WORKASPACE' ) );
#1143 = PRODUCT ( 'ABLS7M2-16.000MHZ-D2Y-T', 'ABLS7M2-16.000MHZ-D2Y-T', '', ( #1203 ) ) ;
#1144 = SURFACE_STYLE_FILL_AREA ( #1608 ) ;
#1145 = VECTOR ( 'NONE', #707, 1000.000000000000000 ) ;
#1146 = AXIS2_PLACEMENT_3D ( 'NONE', #777, #958, #2191 ) ;
#1147 = COLOUR_RGB ( '',1.000000000000000000, 1.000000000000000000, 1.000000000000000000 ) ;
#1148 =( NAMED_UNIT ( * ) SI_UNIT ( $, .STERADIAN. ) SOLID_ANGLE_UNIT ( ) );
#1149 = PRESENTATION_STYLE_ASSIGNMENT (( #1653 ) ) ;
#1150 = AXIS2_PLACEMENT_3D ( 'NONE', #1290, #757, #1102 ) ;
#1151 = CARTESIAN_POINT ( 'NONE',  ( -1.399999999999999911, 1.900000000000000133, 1.450000000000000844 ) ) ;
#1152 = CARTESIAN_POINT ( 'NONE',  ( -3.500000000000000444, 0.0000000000000000000, 0.5000000000000000000 ) ) ;
#1153 =( LENGTH_UNIT ( ) NAMED_UNIT ( * ) SI_UNIT ( .MILLI., .METRE. ) );
#1154 = VECTOR ( 'NONE', #1660, 1000.000000000000000 ) ;
#1155 = ORIENTED_EDGE ( 'NONE', *, *, #262, .F. ) ;
#1156 = ORIENTED_EDGE ( 'NONE', *, *, #372, .T. ) ;
#1157 = STYLED_ITEM ( 'NONE', ( #736 ), #1870 ) ;
#1158 = COLOUR_RGB ( '',0.2509803921568627416, 0.2509803921568627416, 0.2509803921568627416 ) ;
#1159 = EDGE_CURVE ( 'NONE', #2018, #2007, #488, .T. ) ;
#1160 = VECTOR ( 'NONE', #1826, 1000.000000000000000 ) ;
#1161 = VECTOR ( 'NONE', #1426, 1000.000000000000000 ) ;
#1162 = UNCERTAINTY_MEASURE_WITH_UNIT (LENGTH_MEASURE( 1.000000000000000082E-05 ), #1354, 'distance_accuracy_value', 'NONE');
#1163 = CARTESIAN_POINT ( 'NONE',  ( 1.199999999999999512, 0.2000000000000000111, 0.5000000000000001110 ) ) ;
#1164 = ORIENTED_EDGE ( 'NONE', *, *, #1765, .F. ) ;
#1165 = CARTESIAN_POINT ( 'NONE',  ( 3.299999999999999822, 0.5500000000000000444, -1.900000000000000355 ) ) ;
#1166 = PRESENTATION_STYLE_ASSIGNMENT (( #676 ) ) ;
#1167 = AXIS2_PLACEMENT_3D ( 'NONE', #1372, #1014, #1549 ) ;
#1168 = SURFACE_SIDE_STYLE ('',( #2142 ) ) ;
#1169 = LINE ( 'NONE', #2219, #1619 ) ;
#1170 = SURFACE_STYLE_USAGE ( .BOTH. , #1814 ) ;
#1171 = PRESENTATION_LAYER_ASSIGNMENT (  '', '', ( #1018 ) ) ;
#1172 = AXIS2_PLACEMENT_3D ( 'NONE', #165, #691, #513 ) ;
#1173 = CARTESIAN_POINT ( 'NONE',  ( 1.199999999999999512, 0.0000000000000000000, -0.5000000000000000000 ) ) ;
#1174 = VERTEX_POINT ( 'NONE', #432 ) ;
#1175 = DIRECTION ( 'NONE',  ( -0.0000000000000000000, 1.000000000000000000, -0.0000000000000000000 ) ) ;
#1176 = APPLICATION_PROTOCOL_DEFINITION ( 'draft international standard', 'automotive_design', 1998, #486 ) ;
#1177 = ORIENTED_EDGE ( 'NONE', *, *, #2056, .F. ) ;
#1178 = CIRCLE ( 'NONE', #20, 0.2000000000000000944 ) ;
#1179 =( NAMED_UNIT ( * ) PLANE_ANGLE_UNIT ( ) SI_UNIT ( $, .RADIAN. ) );
#1180 = SURFACE_STYLE_FILL_AREA ( #990 ) ;
#1181 = FILL_AREA_STYLE_COLOUR ( '', #2249 ) ;
#1182 = FILL_AREA_STYLE_COLOUR ( '', #1096 ) ;
#1183 = EDGE_CURVE ( 'NONE', #1281, #1002, #1764, .T. ) ;
#1184 = PLANE ( 'NONE',  #1769 ) ;
#1185 = EDGE_CURVE ( 'NONE', #480, #973, #1399, .T. ) ;
#1186 = PRESENTATION_LAYER_ASSIGNMENT (  '', '', ( #1797 ) ) ;
#1187 = UNCERTAINTY_MEASURE_WITH_UNIT (LENGTH_MEASURE( 1.000000000000000082E-05 ), #1278, 'distance_accuracy_value', 'NONE');
#1188 = FILL_AREA_STYLE_COLOUR ( '', #637 ) ;
#1189 = EDGE_LOOP ( 'NONE', ( #1846, #1748, #1633, #825 ) ) ;
#1190 = LINE ( 'NONE', #867, #1247 ) ;
#1191 = PLANE ( 'NONE',  #649 ) ;
#1192 = FACE_OUTER_BOUND ( 'NONE', #893, .T. ) ;
#1193 = PRESENTATION_LAYER_ASSIGNMENT (  '', '', ( #1046 ) ) ;
#1194 = PRESENTATION_STYLE_ASSIGNMENT (( #66 ) ) ;
#1195 =( NAMED_UNIT ( * ) PLANE_ANGLE_UNIT ( ) SI_UNIT ( $, .RADIAN. ) );
#1196 = FACE_OUTER_BOUND ( 'NONE', #755, .T. ) ;
#1197 = EDGE_CURVE ( 'NONE', #1474, #936, #197, .T. ) ;
#1198 = FACE_OUTER_BOUND ( 'NONE', #2003, .T. ) ;
#1199 = FILL_AREA_STYLE ('',( #333 ) ) ;
#1200 = FILL_AREA_STYLE_COLOUR ( '', #1580 ) ;
#1201 = CARTESIAN_POINT ( 'NONE',  ( 1.199999999999999734, 0.2000000000000000111, -0.3000000000000001554 ) ) ;
#1202 = ADVANCED_BREP_SHAPE_REPRESENTATION ( 'ABLS7M2-16.000MHZ-D2Y-T', ( #821, #962, #306, #58 ), #730 ) ;
#1203 = PRODUCT_CONTEXT ( 'NONE', #508, 'mechanical' ) ;
#1204 = ORIENTED_EDGE ( 'NONE', *, *, #148, .T. ) ;
#1205 = ORIENTED_EDGE ( 'NONE', *, *, #657, .T. ) ;
#1206 = CARTESIAN_POINT ( 'NONE',  ( 3.500000000000000000, 0.0000000000000000000, -1.549999999999999822 ) ) ;
#1207 = ORIENTED_EDGE ( 'NONE', *, *, #2072, .T. ) ;
#1208 = CARTESIAN_POINT ( 'NONE',  ( 3.000000000000000000, 0.5000000000000000000, -1.549999999999999822 ) ) ;
#1209 = DIRECTION ( 'NONE',  ( -0.0000000000000000000, -1.000000000000000000, -0.0000000000000000000 ) ) ;
#1210 = PRESENTATION_LAYER_ASSIGNMENT (  '', '', ( #1962 ) ) ;
#1211 =( GEOMETRIC_REPRESENTATION_CONTEXT ( 3 ) GLOBAL_UNCERTAINTY_ASSIGNED_CONTEXT ( ( #1100 ) ) GLOBAL_UNIT_ASSIGNED_CONTEXT ( ( #790, #1304, #2196 ) ) REPRESENTATION_CONTEXT ( 'NONE', 'WORKASPACE' ) );
#1212 = SURFACE_STYLE_USAGE ( .BOTH. , #510 ) ;
#1213 = DIRECTION ( 'NONE',  ( 0.0000000000000000000, -1.000000000000000000, 0.0000000000000000000 ) ) ;
#1214 = FILL_AREA_STYLE ('',( #520 ) ) ;
#1215 =( GEOMETRIC_REPRESENTATION_CONTEXT ( 3 ) GLOBAL_UNCERTAINTY_ASSIGNED_CONTEXT ( ( #1563 ) ) GLOBAL_UNIT_ASSIGNED_CONTEXT ( ( #259, #416, #1124 ) ) REPRESENTATION_CONTEXT ( 'NONE', 'WORKASPACE' ) );
#1216 = STYLED_ITEM ( 'NONE', ( #1465 ), #186 ) ;
#1217 = VERTEX_POINT ( 'NONE', #1899 ) ;
#1218 = ADVANCED_FACE ( 'NONE', ( #1069 ), #1714, .T. ) ;
#1219 =( GEOMETRIC_REPRESENTATION_CONTEXT ( 3 ) GLOBAL_UNCERTAINTY_ASSIGNED_CONTEXT ( ( #601 ) ) GLOBAL_UNIT_ASSIGNED_CONTEXT ( ( #1010, #1854, #654 ) ) REPRESENTATION_CONTEXT ( 'NONE', 'WORKASPACE' ) );
#1220 =( LENGTH_UNIT ( ) NAMED_UNIT ( * ) SI_UNIT ( .MILLI., .METRE. ) );
#1221 = DIRECTION ( 'NONE',  ( 1.000000000000000000, 0.0000000000000000000, -0.0000000000000000000 ) ) ;
#1222 = CARTESIAN_POINT ( 'NONE',  ( -1.199999999999999512, 0.2000000000000000111, 0.5000000000000001110 ) ) ;
#1223 = VECTOR ( 'NONE', #281, 1000.000000000000000 ) ;
#1224 = PRESENTATION_STYLE_ASSIGNMENT (( #1670 ) ) ;
#1225 = STYLED_ITEM ( 'NONE', ( #1938 ), #1202 ) ;
#1226 = ADVANCED_FACE ( 'NONE', ( #321 ), #849, .F. ) ;
#1227 = ORIENTED_EDGE ( 'NONE', *, *, #1476, .T. ) ;
#1228 = VECTOR ( 'NONE', #1127, 1000.000000000000000 ) ;
#1229 = UNCERTAINTY_MEASURE_WITH_UNIT (LENGTH_MEASURE( 1.000000000000000082E-05 ), #866, 'distance_accuracy_value', 'NONE');
#1230 = EDGE_CURVE ( 'NONE', #744, #936, #350, .T. ) ;
#1231 =( NAMED_UNIT ( * ) PLANE_ANGLE_UNIT ( ) SI_UNIT ( $, .RADIAN. ) );
#1232 = DIRECTION ( 'NONE',  ( 1.000000000000000000, -0.0000000000000000000, -1.239088197126290817E-16 ) ) ;
#1233 = CARTESIAN_POINT ( 'NONE',  ( 3.000000000000000000, 0.0000000000000000000, 2.049999999999999822 ) ) ;
#1234 = ORIENTED_EDGE ( 'NONE', *, *, #1813, .F. ) ;
#1235 = CARTESIAN_POINT ( 'NONE',  ( 1.399999999999999689, 0.5500000000000000444, -1.900000000000000133 ) ) ;
#1236 = VERTEX_POINT ( 'NONE', #806 ) ;
#1237 = FILL_AREA_STYLE ('',( #1974 ) ) ;
#1238 = CARTESIAN_POINT ( 'NONE',  ( 1.399999999999999689, 0.7499999999999998890, -1.650000000000000133 ) ) ;
#1239 = DIRECTION ( 'NONE',  ( 0.0000000000000000000, 0.0000000000000000000, 1.000000000000000000 ) ) ;
#1240 = ADVANCED_FACE ( 'NONE', ( #1375 ), #174, .T. ) ;
#1241 = CARTESIAN_POINT ( 'NONE',  ( -1.399999999999999911, 0.5500000000000000444, 0.0000000000000000000 ) ) ;
#1242 =( NAMED_UNIT ( * ) SI_UNIT ( $, .STERADIAN. ) SOLID_ANGLE_UNIT ( ) );
#1243 = ORIENTED_EDGE ( 'NONE', *, *, #569, .T. ) ;
#1244 = CARTESIAN_POINT ( 'NONE',  ( -1.400000000000000133, 1.700000000000000178, -1.449999999999999956 ) ) ;
#1245 = MECHANICAL_DESIGN_GEOMETRIC_PRESENTATION_REPRESENTATION (  '', ( #1364 ), #1215 ) ;
#1246 = PLANE ( 'NONE',  #1993 ) ;
#1247 = VECTOR ( 'NONE', #552, 1000.000000000000000 ) ;
#1248 = ADVANCED_FACE ( 'NONE', ( #810 ), #1528, .F. ) ;
#1249 = SURFACE_SIDE_STYLE ('',( #1144 ) ) ;
#1250 = SURFACE_SIDE_STYLE ('',( #120 ) ) ;
#1251 = CARTESIAN_POINT ( 'NONE',  ( -1.199999999999999512, 0.0000000000000000000, 0.5000000000000001110 ) ) ;
#1252 = PLANE ( 'NONE',  #1847 ) ;
#1253 = STYLED_ITEM ( 'NONE', ( #1766 ), #1056 ) ;
#1254 = DIRECTION ( 'NONE',  ( 0.0000000000000000000, 0.0000000000000000000, -1.000000000000000000 ) ) ;
#1255 = AXIS2_PLACEMENT_3D ( 'NONE', #1872, #848, #130 ) ;
#1256 = ORIENTED_EDGE ( 'NONE', *, *, #483, .T. ) ;
#1257 = SURFACE_SIDE_STYLE ('',( #1598 ) ) ;
#1258 = PLANE ( 'NONE',  #864 ) ;
#1259 = PRESENTATION_LAYER_ASSIGNMENT (  '', '', ( #822 ) ) ;
#1260 = VERTEX_POINT ( 'NONE', #1152 ) ;
#1261 = DIRECTION ( 'NONE',  ( 1.000000000000000000, -0.0000000000000000000, 0.0000000000000000000 ) ) ;
#1262 = SURFACE_STYLE_USAGE ( .BOTH. , #1249 ) ;
#1263 = SURFACE_STYLE_USAGE ( .BOTH. , #232 ) ;
#1264 = SURFACE_SIDE_STYLE ('',( #170 ) ) ;
#1265 = PRESENTATION_LAYER_ASSIGNMENT (  '', '', ( #74 ) ) ;
#1266 = CARTESIAN_POINT ( 'NONE',  ( 1.400000000000000133, 1.900000000000000133, 1.450000000000000178 ) ) ;
#1267 = VERTEX_POINT ( 'NONE', #195 ) ;
#1268 = EDGE_CURVE ( 'NONE', #2018, #473, #1464, .T. ) ;
#1269 = DIRECTION ( 'NONE',  ( 1.000000000000000000, -0.0000000000000000000, 0.0000000000000000000 ) ) ;
#1270 = CARTESIAN_POINT ( 'NONE',  ( -1.199999999999999734, 0.0000000000000000000, -0.3000000000000001554 ) ) ;
#1271 = COLOUR_RGB ( '',1.000000000000000000, 1.000000000000000000, 1.000000000000000000 ) ;
#1272 = DIRECTION ( 'NONE',  ( 1.000000000000000000, 0.0000000000000000000, -1.239088197126291063E-16 ) ) ;
#1273 = PRESENTATION_STYLE_ASSIGNMENT (( #2157 ) ) ;
#1274 = SURFACE_STYLE_FILL_AREA ( #1024 ) ;
#1275 = LINE ( 'NONE', #2159, #715 ) ;
#1276 = DIRECTION ( 'NONE',  ( -0.0000000000000000000, 1.000000000000000000, -0.0000000000000000000 ) ) ;
#1277 = CARTESIAN_POINT ( 'NONE',  ( -3.000000000000000444, 0.5000000000000000000, 1.550000000000000488 ) ) ;
#1278 =( LENGTH_UNIT ( ) NAMED_UNIT ( * ) SI_UNIT ( .MILLI., .METRE. ) );
#1279 = LINE ( 'NONE', #1640, #1877 ) ;
#1280 = CARTESIAN_POINT ( 'NONE',  ( 1.199999999999999512, 0.2000000000000000111, -0.5000000000000000000 ) ) ;
#1281 = VERTEX_POINT ( 'NONE', #874 ) ;
#1282 = FILL_AREA_STYLE_COLOUR ( '', #614 ) ;
#1283 = DIRECTION ( 'NONE',  ( -0.0000000000000000000, 1.000000000000000000, -0.0000000000000000000 ) ) ;
#1284 = ORIENTED_EDGE ( 'NONE', *, *, #203, .F. ) ;
#1285 = AXIS2_PLACEMENT_3D ( 'NONE', #1656, #2201, #425 ) ;
#1286 = ORIENTED_EDGE ( 'NONE', *, *, #2072, .F. ) ;
#1287 =( GEOMETRIC_REPRESENTATION_CONTEXT ( 3 ) GLOBAL_UNCERTAINTY_ASSIGNED_CONTEXT ( ( #1864 ) ) GLOBAL_UNIT_ASSIGNED_CONTEXT ( ( #595, #726, #1773 ) ) REPRESENTATION_CONTEXT ( 'NONE', 'WORKASPACE' ) );
#1288 =( NAMED_UNIT ( * ) PLANE_ANGLE_UNIT ( ) SI_UNIT ( $, .RADIAN. ) );
#1289 = PRESENTATION_STYLE_ASSIGNMENT (( #1296 ) ) ;
#1290 = CARTESIAN_POINT ( 'NONE',  ( 0.0000000000000000000, 0.2000000000000000111, 0.0000000000000000000 ) ) ;
#1291 = CARTESIAN_POINT ( 'NONE',  ( 1.399999999999999911, 0.5500000000000000444, -2.464095846557964399E-16 ) ) ;
#1292 = PRESENTATION_LAYER_ASSIGNMENT (  '', '', ( #97 ) ) ;
#1293 = VECTOR ( 'NONE', #666, 1000.000000000000000 ) ;
#1294 =( NAMED_UNIT ( * ) SI_UNIT ( $, .STERADIAN. ) SOLID_ANGLE_UNIT ( ) );
#1295 = VERTEX_POINT ( 'NONE', #540 ) ;
#1296 = SURFACE_STYLE_USAGE ( .BOTH. , #2180 ) ;
#1297 = DIRECTION ( 'NONE',  ( 0.0000000000000000000, 1.000000000000000000, 0.0000000000000000000 ) ) ;
#1298 = UNCERTAINTY_MEASURE_WITH_UNIT (LENGTH_MEASURE( 1.000000000000000082E-05 ), #487, 'distance_accuracy_value', 'NONE');
#1299 = EDGE_CURVE ( 'NONE', #2233, #1713, #141, .T. ) ;
#1300 = EDGE_CURVE ( 'NONE', #1713, #1260, #2164, .T. ) ;
#1301 = PRESENTATION_LAYER_ASSIGNMENT (  '', '', ( #2057 ) ) ;
#1302 = VECTOR ( 'NONE', #1283, 1000.000000000000000 ) ;
#1303 = CARTESIAN_POINT ( 'NONE',  ( 1.199999999999999512, 0.2000000000000000111, 0.5000000000000001110 ) ) ;
#1304 =( NAMED_UNIT ( * ) PLANE_ANGLE_UNIT ( ) SI_UNIT ( $, .RADIAN. ) );
#1305 = SURFACE_STYLE_FILL_AREA ( #1344 ) ;
#1306 = DIRECTION ( 'NONE',  ( -0.0000000000000000000, 0.0000000000000000000, -1.000000000000000000 ) ) ;
#1307 = ORIENTED_EDGE ( 'NONE', *, *, #1679, .F. ) ;
#1308 = DIRECTION ( 'NONE',  ( -0.0000000000000000000, -1.000000000000000000, -0.0000000000000000000 ) ) ;
#1309 = PRESENTATION_LAYER_ASSIGNMENT (  '', '', ( #1225 ) ) ;
#1310 = ORIENTED_EDGE ( 'NONE', *, *, #91, .T. ) ;
#1311 = EDGE_CURVE ( 'NONE', #1939, #529, #1493, .T. ) ;
#1312 = VERTEX_POINT ( 'NONE', #1934 ) ;
#1313 =( NAMED_UNIT ( * ) SI_UNIT ( $, .STERADIAN. ) SOLID_ANGLE_UNIT ( ) );
#1314 = LINE ( 'NONE', #446, #1810 ) ;
#1315 =( LENGTH_UNIT ( ) NAMED_UNIT ( * ) SI_UNIT ( .MILLI., .METRE. ) );
#1316 = PRESENTATION_STYLE_ASSIGNMENT (( #63 ) ) ;
#1317 =( NAMED_UNIT ( * ) PLANE_ANGLE_UNIT ( ) SI_UNIT ( $, .RADIAN. ) );
#1318 = VERTEX_POINT ( 'NONE', #721 ) ;
#1319 = UNCERTAINTY_MEASURE_WITH_UNIT (LENGTH_MEASURE( 1.000000000000000082E-05 ), #279, 'distance_accuracy_value', 'NONE');
#1320 = DIRECTION ( 'NONE',  ( 0.0000000000000000000, 0.0000000000000000000, 1.000000000000000000 ) ) ;
#1321 = AXIS2_PLACEMENT_3D ( 'NONE', #924, #1615, #762 ) ;
#1322 =( GEOMETRIC_REPRESENTATION_CONTEXT ( 3 ) GLOBAL_UNCERTAINTY_ASSIGNED_CONTEXT ( ( #2245 ) ) GLOBAL_UNIT_ASSIGNED_CONTEXT ( ( #1480, #440, #1138 ) ) REPRESENTATION_CONTEXT ( 'NONE', 'WORKASPACE' ) );
#1323 = AXIS2_PLACEMENT_3D ( 'NONE', #586, #939, #1967 ) ;
#1324 = PRESENTATION_LAYER_ASSIGNMENT (  '', '', ( #988 ) ) ;
#1325 =( GEOMETRIC_REPRESENTATION_CONTEXT ( 3 ) GLOBAL_UNCERTAINTY_ASSIGNED_CONTEXT ( ( #1187 ) ) GLOBAL_UNIT_ASSIGNED_CONTEXT ( ( #1278, #234, #249 ) ) REPRESENTATION_CONTEXT ( 'NONE', 'WORKASPACE' ) );
#1326 = SURFACE_SIDE_STYLE ('',( #2035 ) ) ;
#1327 = SURFACE_STYLE_USAGE ( .BOTH. , #668 ) ;
#1328 = FILL_AREA_STYLE ('',( #2209 ) ) ;
#1329 = PLANE ( 'NONE',  #1570 ) ;
#1330 = EDGE_LOOP ( 'NONE', ( #1131, #544, #255, #718, #1227, #455, #183, #865 ) ) ;
#1331 =( GEOMETRIC_REPRESENTATION_CONTEXT ( 3 ) GLOBAL_UNCERTAINTY_ASSIGNED_CONTEXT ( ( #644 ) ) GLOBAL_UNIT_ASSIGNED_CONTEXT ( ( #1366, #836, #329 ) ) REPRESENTATION_CONTEXT ( 'NONE', 'WORKASPACE' ) );
#1332 = COLOUR_RGB ( '',0.7921568627450980005, 0.8196078431372548767, 0.9333333333333333481 ) ;
#1333 = DIRECTION ( 'NONE',  ( 0.0000000000000000000, -0.0000000000000000000, 1.000000000000000000 ) ) ;
#1334 = EDGE_CURVE ( 'NONE', #769, #365, #2076, .T. ) ;
#1335 = FACE_OUTER_BOUND ( 'NONE', #1005, .T. ) ;
#1336 =( NAMED_UNIT ( * ) PLANE_ANGLE_UNIT ( ) SI_UNIT ( $, .RADIAN. ) );
#1337 = ADVANCED_FACE ( 'NONE', ( #1516, #1429 ), #367, .T. ) ;
#1338 = CIRCLE ( 'NONE', #2014, 1.899999999999999911 ) ;
#1339 = ORIENTED_EDGE ( 'NONE', *, *, #262, .T. ) ;
#1340 =( NAMED_UNIT ( * ) SI_UNIT ( $, .STERADIAN. ) SOLID_ANGLE_UNIT ( ) );
#1341 = VERTEX_POINT ( 'NONE', #1051 ) ;
#1342 = UNCERTAINTY_MEASURE_WITH_UNIT (LENGTH_MEASURE( 1.000000000000000082E-05 ), #844, 'distance_accuracy_value', 'NONE');
#1343 = COLOUR_RGB ( '',1.000000000000000000, 1.000000000000000000, 1.000000000000000000 ) ;
#1344 = FILL_AREA_STYLE ('',( #2008 ) ) ;
#1345 = COLOUR_RGB ( '',0.2509803921568627416, 0.2509803921568627416, 0.2509803921568627416 ) ;
#1346 = APPLICATION_PROTOCOL_DEFINITION ( 'draft international standard', 'automotive_design', 1998, #2058 ) ;
#1347 = COLOUR_RGB ( '',1.000000000000000000, 1.000000000000000000, 1.000000000000000000 ) ;
#1348 = MECHANICAL_DESIGN_GEOMETRIC_PRESENTATION_REPRESENTATION (  '', ( #2235 ), #92 ) ;
#1349 = LINE ( 'NONE', #240, #6 ) ;
#1350 = CYLINDRICAL_SURFACE ( 'NONE', #460, 0.5000000000000000000 ) ;
#1351 = ORIENTED_EDGE ( 'NONE', *, *, #569, .F. ) ;
#1352 = PLANE ( 'NONE',  #2044 ) ;
#1353 = ORIENTED_EDGE ( 'NONE', *, *, #1604, .T. ) ;
#1354 =( LENGTH_UNIT ( ) NAMED_UNIT ( * ) SI_UNIT ( .MILLI., .METRE. ) );
#1355 =( NAMED_UNIT ( * ) SI_UNIT ( $, .STERADIAN. ) SOLID_ANGLE_UNIT ( ) );
#1356 = ORIENTED_EDGE ( 'NONE', *, *, #925, .F. ) ;
#1357 = ORIENTED_EDGE ( 'NONE', *, *, #504, .T. ) ;
#1358 = EDGE_CURVE ( 'NONE', #1035, #1557, #1611, .T. ) ;
#1359 = DIRECTION ( 'NONE',  ( -1.000000000000000000, -0.0000000000000000000, -0.0000000000000000000 ) ) ;
#1360 =( LENGTH_UNIT ( ) NAMED_UNIT ( * ) SI_UNIT ( .MILLI., .METRE. ) );
#1361 = FILL_AREA_STYLE_COLOUR ( '', #687 ) ;
#1362 = LINE ( 'NONE', #1303, #1627 ) ;
#1363 = CARTESIAN_POINT ( 'NONE',  ( 3.799999999999999378, 0.0000000000000000000, -0.3000000000000001554 ) ) ;
#1364 = STYLED_ITEM ( 'NONE', ( #1289 ), #1599 ) ;
#1365 = MECHANICAL_DESIGN_GEOMETRIC_PRESENTATION_REPRESENTATION (  '', ( #1533 ), #748 ) ;
#1366 =( LENGTH_UNIT ( ) NAMED_UNIT ( * ) SI_UNIT ( .MILLI., .METRE. ) );
#1367 = LINE ( 'NONE', #1363, #1112 ) ;
#1368 = ADVANCED_FACE ( 'NONE', ( #274 ), #1734, .F. ) ;
#1369 = STYLED_ITEM ( 'NONE', ( #238 ), #724 ) ;
#1370 = ORIENTED_EDGE ( 'NONE', *, *, #1422, .F. ) ;
#1371 =( NAMED_UNIT ( * ) SI_UNIT ( $, .STERADIAN. ) SOLID_ANGLE_UNIT ( ) );
#1372 = CARTESIAN_POINT ( 'NONE',  ( 1.399999999999999911, 0.7500000000000000000, -2.464095846557964399E-16 ) ) ;
#1373 = ORIENTED_EDGE ( 'NONE', *, *, #372, .F. ) ;
#1374 =( NAMED_UNIT ( * ) PLANE_ANGLE_UNIT ( ) SI_UNIT ( $, .RADIAN. ) );
#1375 = FACE_OUTER_BOUND ( 'NONE', #1947, .T. ) ;
#1376 = SURFACE_STYLE_FILL_AREA ( #1538 ) ;
#1377 = MECHANICAL_DESIGN_GEOMETRIC_PRESENTATION_REPRESENTATION (  '', ( #26 ), #1811 ) ;
#1378 = EDGE_CURVE ( 'NONE', #973, #991, #35, .T. ) ;
#1379 =( NAMED_UNIT ( * ) SI_UNIT ( $, .STERADIAN. ) SOLID_ANGLE_UNIT ( ) );
#1380 = VERTEX_POINT ( 'NONE', #2118 ) ;
#1381 = UNCERTAINTY_MEASURE_WITH_UNIT (LENGTH_MEASURE( 1.000000000000000082E-05 ), #1822, 'distance_accuracy_value', 'NONE');
#1382 = FILL_AREA_STYLE ('',( #1915 ) ) ;
#1383 = DIRECTION ( 'NONE',  ( 0.0000000000000000000, 1.000000000000000000, 0.0000000000000000000 ) ) ;
#1384 = ORIENTED_EDGE ( 'NONE', *, *, #1092, .T. ) ;
#1385 = CARTESIAN_POINT ( 'NONE',  ( -3.000000000000000000, 0.5000000000000000000, -1.549999999999998934 ) ) ;
#1386 = FILL_AREA_STYLE_COLOUR ( '', #1937 ) ;
#1387 = MECHANICAL_DESIGN_GEOMETRIC_PRESENTATION_REPRESENTATION (  '', ( #285 ), #1322 ) ;
#1388 = SURFACE_STYLE_FILL_AREA ( #735 ) ;
#1389 = FILL_AREA_STYLE_COLOUR ( '', #2110 ) ;
#1390 =( NAMED_UNIT ( * ) SI_UNIT ( $, .STERADIAN. ) SOLID_ANGLE_UNIT ( ) );
#1391 =( NAMED_UNIT ( * ) SI_UNIT ( $, .STERADIAN. ) SOLID_ANGLE_UNIT ( ) );
#1392 = FACE_OUTER_BOUND ( 'NONE', #332, .T. ) ;
#1393 = AXIS2_PLACEMENT_3D ( 'NONE', #2178, #83, #1455 ) ;
#1394 = ORIENTED_EDGE ( 'NONE', *, *, #1767, .F. ) ;
#1395 = MECHANICAL_DESIGN_GEOMETRIC_PRESENTATION_REPRESENTATION (  '', ( #650 ), #67 ) ;
#1396 = SURFACE_SIDE_STYLE ('',( #2218 ) ) ;
#1397 =( NAMED_UNIT ( * ) PLANE_ANGLE_UNIT ( ) SI_UNIT ( $, .RADIAN. ) );
#1398 = CARTESIAN_POINT ( 'NONE',  ( -1.400000000000000133, 0.7500000000000004441, -1.449999999999999956 ) ) ;
#1399 = CIRCLE ( 'NONE', #1167, 1.449999999999999956 ) ;
#1400 = FACE_OUTER_BOUND ( 'NONE', #1667, .T. ) ;
#1401 = VECTOR ( 'NONE', #2103, 1000.000000000000000 ) ;
#1402 = CYLINDRICAL_SURFACE ( 'NONE', #1065, 0.5000000000000000000 ) ;
#1403 = EDGE_CURVE ( 'NONE', #1571, #1557, #1190, .T. ) ;
#1404 = LINE ( 'NONE', #1108, #1943 ) ;
#1405 = CLOSED_SHELL ( 'NONE', ( #1226, #1886, #2266, #1870, #1218, #1054 ) ) ;
#1406 = EDGE_CURVE ( 'NONE', #1880, #536, #957, .T. ) ;
#1407 = CARTESIAN_POINT ( 'NONE',  ( -1.277809703286487721E-16, 0.5500000000000000444, -1.649999999999999911 ) ) ;
#1408 = CARTESIAN_POINT ( 'NONE',  ( 1.399999999999999911, 0.5000000000000000000, -2.168404344971008868E-16 ) ) ;
#1409 = STYLED_ITEM ( 'NONE', ( #1964 ), #308 ) ;
#1410 = ORIENTED_EDGE ( 'NONE', *, *, #1815, .T. ) ;
#1411 = DIRECTION ( 'NONE',  ( 0.0000000000000000000, 1.000000000000000000, 0.0000000000000000000 ) ) ;
#1412 = ADVANCED_FACE ( 'NONE', ( #1541 ), #1594, .F. ) ;
#1413 = ORIENTED_EDGE ( 'NONE', *, *, #619, .F. ) ;
#1414 = UNCERTAINTY_MEASURE_WITH_UNIT (LENGTH_MEASURE( 1.000000000000000082E-05 ), #723, 'distance_accuracy_value', 'NONE');
#1415 = ORIENTED_EDGE ( 'NONE', *, *, #1883, .F. ) ;
#1416 = CARTESIAN_POINT ( 'NONE',  ( 0.0000000000000000000, 0.0000000000000000000, 0.0000000000000000000 ) ) ;
#1417 = CARTESIAN_POINT ( 'NONE',  ( 1.199999999999999734, 0.0000000000000000000, 0.2999999999999998224 ) ) ;
#1418 =( NAMED_UNIT ( * ) PLANE_ANGLE_UNIT ( ) SI_UNIT ( $, .RADIAN. ) );
#1419 = LINE ( 'NONE', #1173, #1481 ) ;
#1420 = AXIS2_PLACEMENT_3D ( 'NONE', #38, #2127, #209 ) ;
#1421 = LINE ( 'NONE', #162, #981 ) ;
#1422 = EDGE_CURVE ( 'NONE', #1747, #1055, #842, .T. ) ;
#1423 = CARTESIAN_POINT ( 'NONE',  ( -3.000000000000000444, 0.5000000000000000000, -2.049999999999998934 ) ) ;
#1424 =( LENGTH_UNIT ( ) NAMED_UNIT ( * ) SI_UNIT ( .MILLI., .METRE. ) );
#1425 = ORIENTED_EDGE ( 'NONE', *, *, #2185, .F. ) ;
#1426 = DIRECTION ( 'NONE',  ( -1.000000000000000000, 0.0000000000000000000, 7.744301232039319147E-17 ) ) ;
#1427 = FILL_AREA_STYLE_COLOUR ( '', #1345 ) ;
#1428 = DIRECTION ( 'NONE',  ( 0.0000000000000000000, 0.0000000000000000000, -1.000000000000000000 ) ) ;
#1429 = FACE_OUTER_BOUND ( 'NONE', #2046, .T. ) ;
#1430 = SURFACE_STYLE_FILL_AREA ( #1475 ) ;
#1431 = PRESENTATION_STYLE_ASSIGNMENT (( #643 ) ) ;
#1432 = CARTESIAN_POINT ( 'NONE',  ( -3.000000000000000444, 0.0000000000000000000, 2.050000000000000711 ) ) ;
#1433 = DIRECTION ( 'NONE',  ( 0.0000000000000000000, 0.0000000000000000000, 1.000000000000000000 ) ) ;
#1434 = CARTESIAN_POINT ( 'NONE',  ( 3.000000000000000000, 0.0000000000000000000, -2.049999999999999822 ) ) ;
#1435 = CARTESIAN_POINT ( 'NONE',  ( 3.799999999999999378, 0.0000000000000000000, 0.2999999999999998224 ) ) ;
#1436 = LINE ( 'NONE', #61, #1941 ) ;
#1437 = STYLED_ITEM ( 'NONE', ( #221 ), #163 ) ;
#1438 = CIRCLE ( 'NONE', #15, 1.449999999999999956 ) ;
#1439 = STYLED_ITEM ( 'NONE', ( #961 ), #1077 ) ;
#1440 = CARTESIAN_POINT ( 'NONE',  ( -3.299999999999999822, 0.5500000000000000444, 4.336808689942017736E-16 ) ) ;
#1441 = MECHANICAL_DESIGN_GEOMETRIC_PRESENTATION_REPRESENTATION (  '', ( #647 ), #780 ) ;
#1442 = ORIENTED_EDGE ( 'NONE', *, *, #1664, .T. ) ;
#1443 =( NAMED_UNIT ( * ) PLANE_ANGLE_UNIT ( ) SI_UNIT ( $, .RADIAN. ) );
#1444 = MECHANICAL_DESIGN_GEOMETRIC_PRESENTATION_REPRESENTATION (  '', ( #988 ), #1972 ) ;
#1445 = LINE ( 'NONE', #131, #1502 ) ;
#1446 =( LENGTH_UNIT ( ) NAMED_UNIT ( * ) SI_UNIT ( .MILLI., .METRE. ) );
#1447 = CARTESIAN_POINT ( 'NONE',  ( 1.399999999999999689, 1.700000000000000178, -1.250000000000000000 ) ) ;
#1448 = SURFACE_SIDE_STYLE ('',( #2227 ) ) ;
#1449 = ORIENTED_EDGE ( 'NONE', *, *, #1933, .F. ) ;
#1450 = COLOUR_RGB ( '',0.7921568627450980005, 0.8196078431372548767, 0.9333333333333333481 ) ;
#1451 = DIRECTION ( 'NONE',  ( -0.0000000000000000000, 1.000000000000000000, -0.0000000000000000000 ) ) ;
#1452 = CARTESIAN_POINT ( 'NONE',  ( 3.500000000000000444, 0.2000000000000000111, -0.5000000000000000000 ) ) ;
#1453 = PLANE ( 'NONE',  #871 ) ;
#1454 = VECTOR ( 'NONE', #742, 1000.000000000000000 ) ;
#1455 = DIRECTION ( 'NONE',  ( 0.0000000000000000000, 0.0000000000000000000, -1.000000000000000000 ) ) ;
#1456 = CARTESIAN_POINT ( 'NONE',  ( -1.399999999999999689, 0.5500000000000000444, 4.303954078654577520E-16 ) ) ;
#1457 = STYLED_ITEM ( 'NONE', ( #1970 ), #1886 ) ;
#1458 = ORIENTED_EDGE ( 'NONE', *, *, #1503, .F. ) ;
#1459 = EDGE_CURVE ( 'NONE', #534, #1004, #1554, .T. ) ;
#1460 = ORIENTED_EDGE ( 'NONE', *, *, #882, .F. ) ;
#1461 = FILL_AREA_STYLE ('',( #90 ) ) ;
#1462 = FILL_AREA_STYLE_COLOUR ( '', #966 ) ;
#1463 = DIRECTION ( 'NONE',  ( 0.0000000000000000000, 0.0000000000000000000, 1.000000000000000000 ) ) ;
#1464 = LINE ( 'NONE', #705, #1789 ) ;
#1465 = PRESENTATION_STYLE_ASSIGNMENT (( #1861 ) ) ;
#1466 = CARTESIAN_POINT ( 'NONE',  ( -3.000000000000000000, 0.5000000000000000000, -1.549999999999998934 ) ) ;
#1467 = VECTOR ( 'NONE', #87, 1000.000000000000000 ) ;
#1468 = FILL_AREA_STYLE_COLOUR ( '', #1856 ) ;
#1469 = VECTOR ( 'NONE', #1276, 1000.000000000000000 ) ;
#1470 =( NAMED_UNIT ( * ) PLANE_ANGLE_UNIT ( ) SI_UNIT ( $, .RADIAN. ) );
#1471 = ORIENTED_EDGE ( 'NONE', *, *, #631, .F. ) ;
#1472 = SURFACE_STYLE_USAGE ( .BOTH. , #220 ) ;
#1473 = ORIENTED_EDGE ( 'NONE', *, *, #963, .F. ) ;
#1474 = VERTEX_POINT ( 'NONE', #1452 ) ;
#1475 = FILL_AREA_STYLE ('',( #2193 ) ) ;
#1476 = EDGE_CURVE ( 'NONE', #936, #1939, #1436, .T. ) ;
#1477 = DIRECTION ( 'NONE',  ( 0.0000000000000000000, 0.0000000000000000000, -1.000000000000000000 ) ) ;
#1478 = ORIENTED_EDGE ( 'NONE', *, *, #463, .T. ) ;
#1479 = ORIENTED_EDGE ( 'NONE', *, *, #1358, .T. ) ;
#1480 =( LENGTH_UNIT ( ) NAMED_UNIT ( * ) SI_UNIT ( .MILLI., .METRE. ) );
#1481 = VECTOR ( 'NONE', #481, 1000.000000000000000 ) ;
#1482 = LINE ( 'NONE', #554, #602 ) ;
#1483 = FILL_AREA_STYLE ('',( #1468 ) ) ;
#1484 =( LENGTH_UNIT ( ) NAMED_UNIT ( * ) SI_UNIT ( .MILLI., .METRE. ) );
#1485 = EDGE_CURVE ( 'NONE', #1951, #1281, #903, .T. ) ;
#1486 = CARTESIAN_POINT ( 'NONE',  ( -3.000000000000000444, 0.5000000000000000000, 2.050000000000000711 ) ) ;
#1487 =( GEOMETRIC_REPRESENTATION_CONTEXT ( 3 ) GLOBAL_UNCERTAINTY_ASSIGNED_CONTEXT ( ( #856 ) ) GLOBAL_UNIT_ASSIGNED_CONTEXT ( ( #859, #2068, #1882 ) ) REPRESENTATION_CONTEXT ( 'NONE', 'WORKASPACE' ) );
#1488 = ORIENTED_EDGE ( 'NONE', *, *, #515, .T. ) ;
#1489 = SURFACE_STYLE_USAGE ( .BOTH. , #2202 ) ;
#1490 = DIRECTION ( 'NONE',  ( 0.0000000000000000000, 0.0000000000000000000, 1.000000000000000000 ) ) ;
#1491 = MECHANICAL_DESIGN_GEOMETRIC_PRESENTATION_REPRESENTATION (  '', ( #309 ), #1728 ) ;
#1492 =( GEOMETRIC_REPRESENTATION_CONTEXT ( 3 ) GLOBAL_UNCERTAINTY_ASSIGNED_CONTEXT ( ( #1298 ) ) GLOBAL_UNIT_ASSIGNED_CONTEXT ( ( #487, #994, #1711 ) ) REPRESENTATION_CONTEXT ( 'NONE', 'WORKASPACE' ) );
#1493 = LINE ( 'NONE', #896, #1850 ) ;
#1494 = LINE ( 'NONE', #1266, #351 ) ;
#1495 = UNCERTAINTY_MEASURE_WITH_UNIT (LENGTH_MEASURE( 1.000000000000000082E-05 ), #236, 'distance_accuracy_value', 'NONE');
#1496 =( GEOMETRIC_REPRESENTATION_CONTEXT ( 3 ) GLOBAL_UNCERTAINTY_ASSIGNED_CONTEXT ( ( #665 ) ) GLOBAL_UNIT_ASSIGNED_CONTEXT ( ( #213, #1785, #728 ) ) REPRESENTATION_CONTEXT ( 'NONE', 'WORKASPACE' ) );
#1497 = DIRECTION ( 'NONE',  ( 0.0000000000000000000, -0.0000000000000000000, -1.000000000000000000 ) ) ;
#1498 = FACE_OUTER_BOUND ( 'NONE', #2190, .T. ) ;
#1499 = VECTOR ( 'NONE', #767, 1000.000000000000000 ) ;
#1500 = ORIENTED_EDGE ( 'NONE', *, *, #2027, .T. ) ;
#1501 =( GEOMETRIC_REPRESENTATION_CONTEXT ( 3 ) GLOBAL_UNCERTAINTY_ASSIGNED_CONTEXT ( ( #2124 ) ) GLOBAL_UNIT_ASSIGNED_CONTEXT ( ( #1593, #551, #1760 ) ) REPRESENTATION_CONTEXT ( 'NONE', 'WORKASPACE' ) );
#1502 = VECTOR ( 'NONE', #792, 1000.000000000000000 ) ;
#1503 = EDGE_CURVE ( 'NONE', #1880, #1295, #2029, .T. ) ;
#1504 = DIRECTION ( 'NONE',  ( 0.0000000000000000000, 0.0000000000000000000, 1.000000000000000000 ) ) ;
#1505 = ORIENTED_EDGE ( 'NONE', *, *, #854, .T. ) ;
#1506 = SURFACE_STYLE_FILL_AREA ( #295 ) ;
#1507 = ORIENTED_EDGE ( 'NONE', *, *, #1104, .T. ) ;
#1508 =( NAMED_UNIT ( * ) SI_UNIT ( $, .STERADIAN. ) SOLID_ANGLE_UNIT ( ) );
#1509 = CARTESIAN_POINT ( 'NONE',  ( 1.199999999999999512, 0.2000000000000000111, -0.5000000000000000000 ) ) ;
#1510 = SURFACE_STYLE_USAGE ( .BOTH. , #122 ) ;
#1511 = ORIENTED_EDGE ( 'NONE', *, *, #979, .F. ) ;
#1512 = FILL_AREA_STYLE_COLOUR ( '', #2011 ) ;
#1513 = ORIENTED_EDGE ( 'NONE', *, *, #228, .F. ) ;
#1514 = PRESENTATION_LAYER_ASSIGNMENT (  '', '', ( #1879 ) ) ;
#1515 = CARTESIAN_POINT ( 'NONE',  ( -3.299999999999999822, 0.5500000000000000444, 4.336808689942017736E-16 ) ) ;
#1516 = FACE_BOUND ( 'NONE', #2088, .T. ) ;
#1517 = DIRECTION ( 'NONE',  ( 1.000000000000000000, 0.0000000000000000000, 0.0000000000000000000 ) ) ;
#1518 = PRESENTATION_STYLE_ASSIGNMENT (( #518 ) ) ;
#1519 = MECHANICAL_DESIGN_GEOMETRIC_PRESENTATION_REPRESENTATION (  '', ( #1923 ), #688 ) ;
#1520 = CARTESIAN_POINT ( 'NONE',  ( 1.199999999999999734, 0.0000000000000000000, -0.3000000000000001554 ) ) ;
#1521 = ORIENTED_EDGE ( 'NONE', *, *, #1185, .T. ) ;
#1522 = DIRECTION ( 'NONE',  ( 0.0000000000000000000, 0.0000000000000000000, 1.000000000000000000 ) ) ;
#1523 = ORIENTED_EDGE ( 'NONE', *, *, #2121, .F. ) ;
#1524 =( LENGTH_UNIT ( ) NAMED_UNIT ( * ) SI_UNIT ( .MILLI., .METRE. ) );
#1525 =( NAMED_UNIT ( * ) SI_UNIT ( $, .STERADIAN. ) SOLID_ANGLE_UNIT ( ) );
#1526 = ORIENTED_EDGE ( 'NONE', *, *, #7, .F. ) ;
#1527 = CARTESIAN_POINT ( 'NONE',  ( -1.199999999999999734, 0.0000000000000000000, 0.2999999999999998224 ) ) ;
#1528 = PLANE ( 'NONE',  #172 ) ;
#1529 = EDGE_LOOP ( 'NONE', ( #1373, #1558, #1705, #1177 ) ) ;
#1530 = EDGE_CURVE ( 'NONE', #506, #634, #1099, .T. ) ;
#1531 = CARTESIAN_POINT ( 'NONE',  ( -1.399999999999999911, 1.900000000000000133, 0.0000000000000000000 ) ) ;
#1532 = EDGE_CURVE ( 'NONE', #1318, #434, #1349, .T. ) ;
#1533 = STYLED_ITEM ( 'NONE', ( #1139 ), #349 ) ;
#1534 = CARTESIAN_POINT ( 'NONE',  ( 1.399999999999999911, 1.900000000000000133, -2.464095846557964399E-16 ) ) ;
#1535 = SURFACE_STYLE_USAGE ( .BOTH. , #1891 ) ;
#1536 =( LENGTH_UNIT ( ) NAMED_UNIT ( * ) SI_UNIT ( .MILLI., .METRE. ) );
#1537 = DIRECTION ( 'NONE',  ( 0.0000000000000000000, -1.000000000000000000, 0.0000000000000000000 ) ) ;
#1538 = FILL_AREA_STYLE ('',( #2091 ) ) ;
#1539 = CARTESIAN_POINT ( 'NONE',  ( 0.0000000000000000000, 0.0000000000000000000, 0.0000000000000000000 ) ) ;
#1540 = ADVANCED_FACE ( 'NONE', ( #1045 ), #1012, .T. ) ;
#1541 = FACE_OUTER_BOUND ( 'NONE', #605, .T. ) ;
#1542 =( GEOMETRIC_REPRESENTATION_CONTEXT ( 3 ) GLOBAL_UNCERTAINTY_ASSIGNED_CONTEXT ( ( #263 ) ) GLOBAL_UNIT_ASSIGNED_CONTEXT ( ( #1220, #1062, #1585 ) ) REPRESENTATION_CONTEXT ( 'NONE', 'WORKASPACE' ) );
#1543 =( NAMED_UNIT ( * ) PLANE_ANGLE_UNIT ( ) SI_UNIT ( $, .RADIAN. ) );
#1544 = SURFACE_SIDE_STYLE ('',( #659 ) ) ;
#1545 = SURFACE_STYLE_FILL_AREA ( #2079 ) ;
#1546 = COLOUR_RGB ( '',1.000000000000000000, 1.000000000000000000, 1.000000000000000000 ) ;
#1547 = EDGE_CURVE ( 'NONE', #1747, #2102, #641, .T. ) ;
#1548 =( NAMED_UNIT ( * ) SI_UNIT ( $, .STERADIAN. ) SOLID_ANGLE_UNIT ( ) );
#1549 = DIRECTION ( 'NONE',  ( 0.0000000000000000000, 0.0000000000000000000, 1.000000000000000000 ) ) ;
#1550 = CARTESIAN_POINT ( 'NONE',  ( -1.399999999999999911, 0.5500000000000000444, 0.0000000000000000000 ) ) ;
#1551 = SURFACE_STYLE_FILL_AREA ( #2181 ) ;
#1552 = APPLICATION_PROTOCOL_DEFINITION ( 'draft international standard', 'automotive_design', 1998, #2258 ) ;
#1553 = CIRCLE ( 'NONE', #2092, 1.899999999999999911 ) ;
#1554 = LINE ( 'NONE', #2153, #793 ) ;
#1555 = ADVANCED_FACE ( 'NONE', ( #2084 ), #1402, .T. ) ;
#1556 = FACE_OUTER_BOUND ( 'NONE', #592, .T. ) ;
#1557 = VERTEX_POINT ( 'NONE', #1997 ) ;
#1558 = ORIENTED_EDGE ( 'NONE', *, *, #731, .F. ) ;
#1559 = ORIENTED_EDGE ( 'NONE', *, *, #1406, .T. ) ;
#1560 = ORIENTED_EDGE ( 'NONE', *, *, #1896, .T. ) ;
#1561 = MECHANICAL_DESIGN_GEOMETRIC_PRESENTATION_REPRESENTATION (  '', ( #1962 ), #283 ) ;
#1562 = AXIS2_PLACEMENT_3D ( 'NONE', #112, #623, #1990 ) ;
#1563 = UNCERTAINTY_MEASURE_WITH_UNIT (LENGTH_MEASURE( 1.000000000000000082E-05 ), #259, 'distance_accuracy_value', 'NONE');
#1564 = SURFACE_SIDE_STYLE ('',( #1074 ) ) ;
#1565 = CARTESIAN_POINT ( 'NONE',  ( 1.399999999999999689, 1.900000000000000133, -1.250000000000000000 ) ) ;
#1566 = SURFACE_SIDE_STYLE ('',( #1376 ) ) ;
#1567 = AXIS2_PLACEMENT_3D ( 'NONE', #1238, #1221, #201 ) ;
#1568 = AXIS2_PLACEMENT_3D ( 'NONE', #2083, #1730, #686 ) ;
#1569 = PRESENTATION_STYLE_ASSIGNMENT (( #1798 ) ) ;
#1570 = AXIS2_PLACEMENT_3D ( 'NONE', #2222, #1685, #1707 ) ;
#1571 = VERTEX_POINT ( 'NONE', #1819 ) ;
#1572 = ORIENTED_EDGE ( 'NONE', *, *, #1815, .F. ) ;
#1573 = CARTESIAN_POINT ( 'NONE',  ( 1.399999999999999689, 1.900000000000000133, -1.450000000000000178 ) ) ;
#1574 =( LENGTH_UNIT ( ) NAMED_UNIT ( * ) SI_UNIT ( .MILLI., .METRE. ) );
#1575 = ORIENTED_EDGE ( 'NONE', *, *, #385, .T. ) ;
#1576 = FILL_AREA_STYLE_COLOUR ( '', #134 ) ;
#1577 =( LENGTH_UNIT ( ) NAMED_UNIT ( * ) SI_UNIT ( .MILLI., .METRE. ) );
#1578 = VECTOR ( 'NONE', #1213, 1000.000000000000000 ) ;
#1579 = STYLED_ITEM ( 'NONE', ( #1273 ), #2132 ) ;
#1580 = COLOUR_RGB ( '',1.000000000000000000, 1.000000000000000000, 1.000000000000000000 ) ;
#1581 = LINE ( 'NONE', #861, #812 ) ;
#1582 = VECTOR ( 'NONE', #539, 1000.000000000000000 ) ;
#1583 = EDGE_CURVE ( 'NONE', #2007, #1951, #98, .T. ) ;
#1584 = EDGE_CURVE ( 'NONE', #2207, #1236, #1674, .T. ) ;
#1585 =( NAMED_UNIT ( * ) SI_UNIT ( $, .STERADIAN. ) SOLID_ANGLE_UNIT ( ) );
#1586 = CARTESIAN_POINT ( 'NONE',  ( 0.0000000000000000000, 0.5500000000000000444, 0.0000000000000000000 ) ) ;
#1587 = ORIENTED_EDGE ( 'NONE', *, *, #964, .T. ) ;
#1588 = DIRECTION ( 'NONE',  ( 0.0000000000000000000, 1.000000000000000000, 0.0000000000000000000 ) ) ;
#1589 = FACE_OUTER_BOUND ( 'NONE', #1137, .T. ) ;
#1590 = ADVANCED_FACE ( 'NONE', ( #1198 ), #2021, .T. ) ;
#1591 = CIRCLE ( 'NONE', #628, 0.2000000000000000944 ) ;
#1592 = VERTEX_POINT ( 'NONE', #589 ) ;
#1593 =( LENGTH_UNIT ( ) NAMED_UNIT ( * ) SI_UNIT ( .MILLI., .METRE. ) );
#1594 = PLANE ( 'NONE',  #819 ) ;
#1595 = ORIENTED_EDGE ( 'NONE', *, *, #2198, .F. ) ;
#1596 = DIRECTION ( 'NONE',  ( 0.0000000000000000000, 0.0000000000000000000, 1.000000000000000000 ) ) ;
#1597 = ORIENTED_EDGE ( 'NONE', *, *, #833, .T. ) ;
#1598 = SURFACE_STYLE_FILL_AREA ( #2169 ) ;
#1599 = ADVANCED_FACE ( 'NONE', ( #317 ), #2052, .T. ) ;
#1600 = DIRECTION ( 'NONE',  ( -0.0000000000000000000, 1.000000000000000000, -0.0000000000000000000 ) ) ;
#1601 = DIRECTION ( 'NONE',  ( 0.0000000000000000000, 0.0000000000000000000, -1.000000000000000000 ) ) ;
#1602 = CARTESIAN_POINT ( 'NONE',  ( 3.500000000000000000, 0.5000000000000000000, 2.049999999999999822 ) ) ;
#1603 = COLOUR_RGB ( '',1.000000000000000000, 1.000000000000000000, 1.000000000000000000 ) ;
#1604 = EDGE_CURVE ( 'NONE', #316, #288, #1722, .T. ) ;
#1605 = PLANE ( 'NONE',  #2038 ) ;
#1606 = ORIENTED_EDGE ( 'NONE', *, *, #1933, .T. ) ;
#1607 = PRESENTATION_STYLE_ASSIGNMENT (( #359 ) ) ;
#1608 = FILL_AREA_STYLE ('',( #200 ) ) ;
#1609 = DIRECTION ( 'NONE',  ( -1.000000000000000000, -0.0000000000000000000, -0.0000000000000000000 ) ) ;
#1610 = CARTESIAN_POINT ( 'NONE',  ( 1.400000000000000133, 0.7500000000000004441, 1.450000000000000178 ) ) ;
#1611 = CIRCLE ( 'NONE', #1106, 1.899999999999999911 ) ;
#1612 = VECTOR ( 'NONE', #1984, 1000.000000000000000 ) ;
#1613 = SURFACE_STYLE_FILL_AREA ( #1199 ) ;
#1614 =( GEOMETRIC_REPRESENTATION_CONTEXT ( 3 ) GLOBAL_UNCERTAINTY_ASSIGNED_CONTEXT ( ( #457 ) ) GLOBAL_UNIT_ASSIGNED_CONTEXT ( ( #472, #1317, #1696 ) ) REPRESENTATION_CONTEXT ( 'NONE', 'WORKASPACE' ) );
#1615 = DIRECTION ( 'NONE',  ( 0.0000000000000000000, 1.000000000000000000, 0.0000000000000000000 ) ) ;
#1616 = PRESENTATION_LAYER_ASSIGNMENT (  '', '', ( #1060 ) ) ;
#1617 = PRODUCT_RELATED_PRODUCT_CATEGORY ( 'part', '', ( #1143 ) ) ;
#1618 = SURFACE_STYLE_FILL_AREA ( #429 ) ;
#1619 = VECTOR ( 'NONE', #1635, 1000.000000000000000 ) ;
#1620 = PRESENTATION_LAYER_ASSIGNMENT (  '', '', ( #309 ) ) ;
#1621 = FILL_AREA_STYLE_COLOUR ( '', #377 ) ;
#1622 = STYLED_ITEM ( 'NONE', ( #2128 ), #366 ) ;
#1623 = FILL_AREA_STYLE_COLOUR ( '', #310 ) ;
#1624 = ORIENTED_EDGE ( 'NONE', *, *, #1476, .F. ) ;
#1625 = ORIENTED_EDGE ( 'NONE', *, *, #1092, .F. ) ;
#1626 = DIRECTION ( 'NONE',  ( 1.000000000000000000, 0.0000000000000000000, 0.0000000000000000000 ) ) ;
#1627 = VECTOR ( 'NONE', #2023, 1000.000000000000000 ) ;
#1628 = AXIS2_PLACEMENT_3D ( 'NONE', #873, #2089, #2111 ) ;
#1629 = DIRECTION ( 'NONE',  ( -1.000000000000000000, 0.0000000000000000000, 7.744301232039319147E-17 ) ) ;
#1630 = EDGE_CURVE ( 'NONE', #1312, #1571, #386, .T. ) ;
#1631 = DIRECTION ( 'NONE',  ( 0.0000000000000000000, 0.0000000000000000000, 1.000000000000000000 ) ) ;
#1632 = DIRECTION ( 'NONE',  ( 0.0000000000000000000, -1.000000000000000000, 0.0000000000000000000 ) ) ;
#1633 = ORIENTED_EDGE ( 'NONE', *, *, #117, .T. ) ;
#1634 = FILL_AREA_STYLE ('',( #1788 ) ) ;
#1635 = DIRECTION ( 'NONE',  ( -1.000000000000000000, -0.0000000000000000000, 1.548860246407863583E-16 ) ) ;
#1636 = CARTESIAN_POINT ( 'NONE',  ( 3.000000000000000000, 0.0000000000000000000, 1.549999999999999822 ) ) ;
#1637 = CARTESIAN_POINT ( 'NONE',  ( -3.799999999999999378, 0.2000000000000000111, 0.2999999999999998224 ) ) ;
#1638 = VECTOR ( 'NONE', #154, 1000.000000000000000 ) ;
#1639 = VECTOR ( 'NONE', #1031, 1000.000000000000000 ) ;
#1640 = CARTESIAN_POINT ( 'NONE',  ( 3.500000000000000000, 0.0000000000000000000, -2.049999999999999822 ) ) ;
#1641 =( NAMED_UNIT ( * ) SI_UNIT ( $, .STERADIAN. ) SOLID_ANGLE_UNIT ( ) );
#1642 = PLANE ( 'NONE',  #1146 ) ;
#1643 = DIRECTION ( 'NONE',  ( 0.0000000000000000000, 0.0000000000000000000, 1.000000000000000000 ) ) ;
#1644 = UNCERTAINTY_MEASURE_WITH_UNIT (LENGTH_MEASURE( 1.000000000000000082E-05 ), #1360, 'distance_accuracy_value', 'NONE');
#1645 = VERTEX_POINT ( 'NONE', #268 ) ;
#1646 = SURFACE_STYLE_FILL_AREA ( #95 ) ;
#1647 = PRESENTATION_LAYER_ASSIGNMENT (  '', '', ( #1439 ) ) ;
#1648 = PRESENTATION_STYLE_ASSIGNMENT (( #77 ) ) ;
#1649 = ORIENTED_EDGE ( 'NONE', *, *, #538, .F. ) ;
#1650 = DIRECTION ( 'NONE',  ( 0.0000000000000000000, 0.0000000000000000000, -1.000000000000000000 ) ) ;
#1651 = AXIS2_PLACEMENT_3D ( 'NONE', #44, #2134, #1101 ) ;
#1652 = ORIENTED_EDGE ( 'NONE', *, *, #46, .T. ) ;
#1653 = SURFACE_STYLE_USAGE ( .BOTH. , #775 ) ;
#1654 =( NAMED_UNIT ( * ) PLANE_ANGLE_UNIT ( ) SI_UNIT ( $, .RADIAN. ) );
#1655 = DIRECTION ( 'NONE',  ( 0.0000000000000000000, 0.0000000000000000000, 1.000000000000000000 ) ) ;
#1656 = CARTESIAN_POINT ( 'NONE',  ( -1.399999999999999911, 0.7500000000000000000, 1.650000000000000799 ) ) ;
#1657 = PRESENTATION_LAYER_ASSIGNMENT (  '', '', ( #901 ) ) ;
#1658 = ORIENTED_EDGE ( 'NONE', *, *, #1665, .T. ) ;
#1659 = LINE ( 'NONE', #2147, #1858 ) ;
#1660 = DIRECTION ( 'NONE',  ( -0.0000000000000000000, -1.000000000000000000, -0.0000000000000000000 ) ) ;
#1661 = CARTESIAN_POINT ( 'NONE',  ( -1.399999999999999689, 0.7500000000000000000, 4.303954078654577520E-16 ) ) ;
#1662 = DIRECTION ( 'NONE',  ( 0.0000000000000000000, -1.000000000000000000, 0.0000000000000000000 ) ) ;
#1663 = CYLINDRICAL_SURFACE ( 'NONE', #572, 0.5000000000000000000 ) ;
#1664 = EDGE_CURVE ( 'NONE', #566, #1082, #1047, .T. ) ;
#1665 = EDGE_CURVE ( 'NONE', #451, #421, #1169, .T. ) ;
#1666 =( GEOMETRIC_REPRESENTATION_CONTEXT ( 3 ) GLOBAL_UNCERTAINTY_ASSIGNED_CONTEXT ( ( #124 ) ) GLOBAL_UNIT_ASSIGNED_CONTEXT ( ( #2081, #2264, #184 ) ) REPRESENTATION_CONTEXT ( 'NONE', 'WORKASPACE' ) );
#1667 = EDGE_LOOP ( 'NONE', ( #1310, #1521, #1774, #1786 ) ) ;
#1668 = CARTESIAN_POINT ( 'NONE',  ( -1.199999999999999512, 0.2000000000000000111, 0.5000000000000001110 ) ) ;
#1669 = FILL_AREA_STYLE ('',( #93 ) ) ;
#1670 = SURFACE_STYLE_USAGE ( .BOTH. , #272 ) ;
#1671 = CIRCLE ( 'NONE', #1321, 0.5000000000000000000 ) ;
#1672 = CYLINDRICAL_SURFACE ( 'NONE', #1285, 0.2000000000000000944 ) ;
#1673 =( NAMED_UNIT ( * ) PLANE_ANGLE_UNIT ( ) SI_UNIT ( $, .RADIAN. ) );
#1674 = LINE ( 'NONE', #955, #1876 ) ;
#1675 = UNCERTAINTY_MEASURE_WITH_UNIT (LENGTH_MEASURE( 1.000000000000000082E-05 ), #1577, 'distance_accuracy_value', 'NONE');
#1676 = CARTESIAN_POINT ( 'NONE',  ( 1.199999999999999512, 0.0000000000000000000, -0.5000000000000000000 ) ) ;
#1677 = AXIS2_PLACEMENT_3D ( 'NONE', #1898, #858, #341 ) ;
#1678 = CARTESIAN_POINT ( 'NONE',  ( -3.799999999999999378, 0.0000000000000000000, 0.2999999999999998224 ) ) ;
#1679 = EDGE_CURVE ( 'NONE', #2136, #681, #934, .T. ) ;
#1680 = ORIENTED_EDGE ( 'NONE', *, *, #1932, .T. ) ;
#1681 = DIRECTION ( 'NONE',  ( 1.000000000000000000, 0.0000000000000000000, 0.0000000000000000000 ) ) ;
#1682 = ORIENTED_EDGE ( 'NONE', *, *, #1664, .F. ) ;
#1683 = SURFACE_STYLE_USAGE ( .BOTH. , #682 ) ;
#1684 = LINE ( 'NONE', #706, #2126 ) ;
#1685 = DIRECTION ( 'NONE',  ( 1.000000000000000000, 0.0000000000000000000, -0.0000000000000000000 ) ) ;
#1686 = PRESENTATION_LAYER_ASSIGNMENT (  '', '', ( #1437 ) ) ;
#1687 = MECHANICAL_DESIGN_GEOMETRIC_PRESENTATION_REPRESENTATION (  '', ( #2231 ), #1487 ) ;
#1688 = ORIENTED_EDGE ( 'NONE', *, *, #807, .F. ) ;
#1689 = VERTEX_POINT ( 'NONE', #80 ) ;
#1690 = MECHANICAL_DESIGN_GEOMETRIC_PRESENTATION_REPRESENTATION (  '', ( #175 ), #1287 ) ;
#1691 = MECHANICAL_DESIGN_GEOMETRIC_PRESENTATION_REPRESENTATION (  '', ( #1797 ), #1492 ) ;
#1692 = CYLINDRICAL_SURFACE ( 'NONE', #1968, 0.2000000000000000944 ) ;
#1693 = MECHANICAL_DESIGN_GEOMETRIC_PRESENTATION_REPRESENTATION (  '', ( #752 ), #1219 ) ;
#1694 = FILL_AREA_STYLE_COLOUR ( '', #1158 ) ;
#1695 = DIRECTION ( 'NONE',  ( 0.0000000000000000000, 0.0000000000000000000, 1.000000000000000000 ) ) ;
#1696 =( NAMED_UNIT ( * ) SI_UNIT ( $, .STERADIAN. ) SOLID_ANGLE_UNIT ( ) );
#1697 = ORIENTED_EDGE ( 'NONE', *, *, #1584, .T. ) ;
#1698 = VERTEX_POINT ( 'NONE', #1280 ) ;
#1699 = SURFACE_STYLE_USAGE ( .BOTH. , #469 ) ;
#1700 = AXIS2_PLACEMENT_3D ( 'NONE', #181, #347, #2262 ) ;
#1701 = ORIENTED_EDGE ( 'NONE', *, *, #2037, .F. ) ;
#1702 = FILL_AREA_STYLE ('',( #2246 ) ) ;
#1703 = EDGE_CURVE ( 'NONE', #288, #451, #1438, .T. ) ;
#1704 = EDGE_CURVE ( 'NONE', #624, #1592, #528, .T. ) ;
#1705 = ORIENTED_EDGE ( 'NONE', *, *, #326, .F. ) ;
#1706 = LINE ( 'NONE', #1976, #1750 ) ;
#1707 = DIRECTION ( 'NONE',  ( -0.0000000000000000000, 0.0000000000000000000, -1.000000000000000000 ) ) ;
#1708 = PRESENTATION_STYLE_ASSIGNMENT (( #828 ) ) ;
#1709 = UNCERTAINTY_MEASURE_WITH_UNIT (LENGTH_MEASURE( 1.000000000000000082E-05 ), #1842, 'distance_accuracy_value', 'NONE');
#1710 = ADVANCED_FACE ( 'NONE', ( #1589 ), #1642, .F. ) ;
#1711 =( NAMED_UNIT ( * ) SI_UNIT ( $, .STERADIAN. ) SOLID_ANGLE_UNIT ( ) );
#1712 = CARTESIAN_POINT ( 'NONE',  ( 1.399999999999999911, 0.5500000000000000444, -2.168404344971008868E-16 ) ) ;
#1713 = VERTEX_POINT ( 'NONE', #1828 ) ;
#1714 = PLANE ( 'NONE',  #2243 ) ;
#1715 = DIRECTION ( 'NONE',  ( 0.0000000000000000000, -0.0000000000000000000, 1.000000000000000000 ) ) ;
#1716 = PRODUCT_DEFINITION ( 'UNKNOWN', '', #549, #2012 ) ;
#1717 = EDGE_CURVE ( 'NONE', #473, #1002, #1275, .T. ) ;
#1718 =( NAMED_UNIT ( * ) SI_UNIT ( $, .STERADIAN. ) SOLID_ANGLE_UNIT ( ) );
#1719 = SURFACE_STYLE_FILL_AREA ( #194 ) ;
#1720 = DIRECTION ( 'NONE',  ( -1.000000000000000000, 0.0000000000000000000, 0.0000000000000000000 ) ) ;
#1721 = DIRECTION ( 'NONE',  ( 0.0000000000000000000, 0.0000000000000000000, -1.000000000000000000 ) ) ;
#1722 = CIRCLE ( 'NONE', #898, 0.2000000000000000944 ) ;
#1723 = AXIS2_PLACEMENT_3D ( 'NONE', #986, #2216, #1504 ) ;
#1724 = STYLED_ITEM ( 'NONE', ( #1166 ), #1248 ) ;
#1725 = ORIENTED_EDGE ( 'NONE', *, *, #1665, .F. ) ;
#1726 = ORIENTED_EDGE ( 'NONE', *, *, #2150, .F. ) ;
#1727 = FILL_AREA_STYLE ('',( #832 ) ) ;
#1728 =( GEOMETRIC_REPRESENTATION_CONTEXT ( 3 ) GLOBAL_UNCERTAINTY_ASSIGNED_CONTEXT ( ( #754 ) ) GLOBAL_UNIT_ASSIGNED_CONTEXT ( ( #297, #160, #2078 ) ) REPRESENTATION_CONTEXT ( 'NONE', 'WORKASPACE' ) );
#1729 = MECHANICAL_DESIGN_GEOMETRIC_PRESENTATION_REPRESENTATION (  '', ( #1409 ), #1666 ) ;
#1730 = DIRECTION ( 'NONE',  ( -0.0000000000000000000, 0.0000000000000000000, 1.000000000000000000 ) ) ;
#1731 = STYLED_ITEM ( 'NONE', ( #663 ), #1038 ) ;
#1732 = UNCERTAINTY_MEASURE_WITH_UNIT (LENGTH_MEASURE( 1.000000000000000082E-05 ), #1153, 'distance_accuracy_value', 'NONE');
#1733 =( NAMED_UNIT ( * ) PLANE_ANGLE_UNIT ( ) SI_UNIT ( $, .RADIAN. ) );
#1734 = PLANE ( 'NONE',  #361 ) ;
#1735 = CARTESIAN_POINT ( 'NONE',  ( 1.399999999999999689, 1.700000000000000178, -1.450000000000000178 ) ) ;
#1736 = EDGE_LOOP ( 'NONE', ( #1887, #741, #954, #2175 ) ) ;
#1737 = PRESENTATION_LAYER_ASSIGNMENT (  '', '', ( #1157 ) ) ;
#1738 = ADVANCED_FACE ( 'NONE', ( #692 ), #2232, .F. ) ;
#1739 = VECTOR ( 'NONE', #409, 1000.000000000000000 ) ;
#1740 = DIRECTION ( 'NONE',  ( -1.000000000000000000, 0.0000000000000000000, -2.356961244533705358E-17 ) ) ;
#1741 = VECTOR ( 'NONE', #1818, 1000.000000000000000 ) ;
#1742 = ADVANCED_FACE ( 'NONE', ( #794 ), #932, .F. ) ;
#1743 = LINE ( 'NONE', #2015, #1973 ) ;
#1744 = SURFACE_SIDE_STYLE ('',( #1613 ) ) ;
#1745 = DIRECTION ( 'NONE',  ( 1.000000000000000000, -0.0000000000000000000, -0.0000000000000000000 ) ) ;
#1746 = CARTESIAN_POINT ( 'NONE',  ( -1.399999999999999689, 0.5000000000000000000, 4.303954078654577520E-16 ) ) ;
#1747 = VERTEX_POINT ( 'NONE', #1527 ) ;
#1748 = ORIENTED_EDGE ( 'NONE', *, *, #1547, .T. ) ;
#1749 = MECHANICAL_DESIGN_GEOMETRIC_PRESENTATION_REPRESENTATION (  '', ( #1253 ), #1211 ) ;
#1750 = VECTOR ( 'NONE', #1411, 1000.000000000000000 ) ;
#1751 = ADVANCED_FACE ( 'NONE', ( #1498 ), #661, .F. ) ;
#1752 = FILL_AREA_STYLE ('',( #1389 ) ) ;
#1753 = FILL_AREA_STYLE ('',( #182 ) ) ;
#1754 = PRESENTATION_STYLE_ASSIGNMENT (( #142 ) ) ;
#1755 = DIRECTION ( 'NONE',  ( 0.0000000000000000000, 0.0000000000000000000, 1.000000000000000000 ) ) ;
#1756 = LINE ( 'NONE', #749, #458 ) ;
#1757 = ORIENTED_EDGE ( 'NONE', *, *, #2056, .T. ) ;
#1758 = MECHANICAL_DESIGN_GEOMETRIC_PRESENTATION_REPRESENTATION (  '', ( #822 ), #1325 ) ;
#1759 = ORIENTED_EDGE ( 'NONE', *, *, #985, .T. ) ;
#1760 =( NAMED_UNIT ( * ) SI_UNIT ( $, .STERADIAN. ) SOLID_ANGLE_UNIT ( ) );
#1761 = ORIENTED_EDGE ( 'NONE', *, *, #148, .F. ) ;
#1762 = CARTESIAN_POINT ( 'NONE',  ( 3.000000000000000000, 0.5000000000000000000, 2.049999999999999822 ) ) ;
#1763 = MECHANICAL_DESIGN_GEOMETRIC_PRESENTATION_REPRESENTATION (  '', ( #1731 ), #103 ) ;
#1764 = LINE ( 'NONE', #968, #4 ) ;
#1765 = EDGE_CURVE ( 'NONE', #503, #1236, #1553, .T. ) ;
#1766 = PRESENTATION_STYLE_ASSIGNMENT (( #1472 ) ) ;
#1767 = EDGE_CURVE ( 'NONE', #1341, #1698, #640, .T. ) ;
#1768 = FILL_AREA_STYLE ('',( #930 ) ) ;
#1769 = AXIS2_PLACEMENT_3D ( 'NONE', #1531, #496, #1715 ) ;
#1770 = SURFACE_STYLE_USAGE ( .BOTH. , #1264 ) ;
#1771 = VERTEX_POINT ( 'NONE', #1515 ) ;
#1772 = DIRECTION ( 'NONE',  ( 0.0000000000000000000, 1.000000000000000000, 0.0000000000000000000 ) ) ;
#1773 =( NAMED_UNIT ( * ) SI_UNIT ( $, .STERADIAN. ) SOLID_ANGLE_UNIT ( ) );
#1774 = ORIENTED_EDGE ( 'NONE', *, *, #2247, .F. ) ;
#1775 = PLANE ( 'NONE',  #1150 ) ;
#1776 = CARTESIAN_POINT ( 'NONE',  ( 0.0000000000000000000, 0.2000000000000000111, 0.0000000000000000000 ) ) ;
#1777 = ORIENTED_EDGE ( 'NONE', *, *, #147, .T. ) ;
#1778 = ORIENTED_EDGE ( 'NONE', *, *, #1583, .F. ) ;
#1779 = DIRECTION ( 'NONE',  ( -0.0000000000000000000, -1.000000000000000000, -0.0000000000000000000 ) ) ;
#1780 = PRESENTATION_STYLE_ASSIGNMENT (( #2050 ) ) ;
#1781 = EDGE_CURVE ( 'NONE', #536, #448, #1044, .T. ) ;
#1782 = SURFACE_STYLE_FILL_AREA ( #438 ) ;
#1783 = CARTESIAN_POINT ( 'NONE',  ( 1.199999999999999512, 0.2000000000000000111, -0.5000000000000000000 ) ) ;
#1784 = CIRCLE ( 'NONE', #109, 0.5000000000000000000 ) ;
#1785 =( NAMED_UNIT ( * ) PLANE_ANGLE_UNIT ( ) SI_UNIT ( $, .RADIAN. ) );
#1786 = ORIENTED_EDGE ( 'NONE', *, *, #1703, .T. ) ;
#1787 =( NAMED_UNIT ( * ) SI_UNIT ( $, .STERADIAN. ) SOLID_ANGLE_UNIT ( ) );
#1788 = FILL_AREA_STYLE_COLOUR ( '', #293 ) ;
#1789 = VECTOR ( 'NONE', #1232, 1000.000000000000000 ) ;
#1790 = CYLINDRICAL_SURFACE ( 'NONE', #642, 0.2000000000000000944 ) ;
#1791 = CARTESIAN_POINT ( 'NONE',  ( 3.299999999999999822, 0.5000000000000000000, -2.464095846557964399E-16 ) ) ;
#1792 = MECHANICAL_DESIGN_GEOMETRIC_PRESENTATION_REPRESENTATION (  '', ( #1437 ), #217 ) ;
#1793 = SURFACE_STYLE_FILL_AREA ( #2031 ) ;
#1794 = DIRECTION ( 'NONE',  ( 0.0000000000000000000, -1.000000000000000000, 0.0000000000000000000 ) ) ;
#1795 =( GEOMETRIC_REPRESENTATION_CONTEXT ( 3 ) GLOBAL_UNCERTAINTY_ASSIGNED_CONTEXT ( ( #1381 ) ) GLOBAL_UNIT_ASSIGNED_CONTEXT ( ( #1822, #1470, #1999 ) ) REPRESENTATION_CONTEXT ( 'NONE', 'WORKASPACE' ) );
#1796 = DIRECTION ( 'NONE',  ( -0.0000000000000000000, -1.000000000000000000, -0.0000000000000000000 ) ) ;
#1797 = STYLED_ITEM ( 'NONE', ( #144 ), #207 ) ;
#1798 = SURFACE_STYLE_USAGE ( .BOTH. , #2179 ) ;
#1799 = LINE ( 'NONE', #1440, #42 ) ;
#1800 = CARTESIAN_POINT ( 'NONE',  ( -1.399999999999999911, 1.900000000000000133, 1.250000000000000666 ) ) ;
#1801 = UNCERTAINTY_MEASURE_WITH_UNIT (LENGTH_MEASURE( 1.000000000000000082E-05 ), #612, 'distance_accuracy_value', 'NONE');
#1802 = MECHANICAL_DESIGN_GEOMETRIC_PRESENTATION_REPRESENTATION (  '', ( #1369 ), #135 ) ;
#1803 = EDGE_LOOP ( 'NONE', ( #1900, #2032, #16, #1471 ) ) ;
#1804 = ORIENTED_EDGE ( 'NONE', *, *, #29, .T. ) ;
#1805 =( LENGTH_UNIT ( ) NAMED_UNIT ( * ) SI_UNIT ( .MILLI., .METRE. ) );
#1806 = CARTESIAN_POINT ( 'NONE',  ( -1.399999999999999689, 1.900000000000000133, 4.303954078654577520E-16 ) ) ;
#1807 = PLANE ( 'NONE',  #524 ) ;
#1808 = DIRECTION ( 'NONE',  ( -1.000000000000000000, 0.0000000000000000000, 0.0000000000000000000 ) ) ;
#1809 = DIRECTION ( 'NONE',  ( -1.000000000000000000, -0.0000000000000000000, 1.548860246407863583E-16 ) ) ;
#1810 = VECTOR ( 'NONE', #800, 1000.000000000000000 ) ;
#1811 =( GEOMETRIC_REPRESENTATION_CONTEXT ( 3 ) GLOBAL_UNCERTAINTY_ASSIGNED_CONTEXT ( ( #633 ) ) GLOBAL_UNIT_ASSIGNED_CONTEXT ( ( #1906, #1231, #1548 ) ) REPRESENTATION_CONTEXT ( 'NONE', 'WORKASPACE' ) );
#1812 = VECTOR ( 'NONE', #360, 1000.000000000000000 ) ;
#1813 = EDGE_CURVE ( 'NONE', #769, #1053, #1875, .T. ) ;
#1814 = SURFACE_SIDE_STYLE ('',( #411 ) ) ;
#1815 = EDGE_CURVE ( 'NONE', #991, #1267, #384, .T. ) ;
#1816 =( GEOMETRIC_REPRESENTATION_CONTEXT ( 3 ) GLOBAL_UNCERTAINTY_ASSIGNED_CONTEXT ( ( #382 ) ) GLOBAL_UNIT_ASSIGNED_CONTEXT ( ( #2229, #1922, #19 ) ) REPRESENTATION_CONTEXT ( 'NONE', 'WORKASPACE' ) );
#1817 = LINE ( 'NONE', #1201, #53 ) ;
#1818 = DIRECTION ( 'NONE',  ( 1.000000000000000000, -0.0000000000000000000, -7.744301232039319147E-17 ) ) ;
#1819 = CARTESIAN_POINT ( 'NONE',  ( -1.399999999999999245, 0.5000000000000000000, 1.900000000000000355 ) ) ;
#1820 = ORIENTED_EDGE ( 'NONE', *, *, #147, .F. ) ;
#1821 = DIRECTION ( 'NONE',  ( 0.0000000000000000000, 0.0000000000000000000, 1.000000000000000000 ) ) ;
#1822 =( LENGTH_UNIT ( ) NAMED_UNIT ( * ) SI_UNIT ( .MILLI., .METRE. ) );
#1823 = DIRECTION ( 'NONE',  ( -1.000000000000000000, 0.0000000000000000000, 0.0000000000000000000 ) ) ;
#1824 = ORIENTED_EDGE ( 'NONE', *, *, #2161, .T. ) ;
#1825 = FILL_AREA_STYLE_COLOUR ( '', #617 ) ;
#1826 = DIRECTION ( 'NONE',  ( -0.0000000000000000000, -1.000000000000000000, 0.0000000000000000000 ) ) ;
#1827 = PRESENTATION_STYLE_ASSIGNMENT (( #1262 ) ) ;
#1828 = CARTESIAN_POINT ( 'NONE',  ( -3.500000000000000444, 0.2000000000000000111, 0.5000000000000000000 ) ) ;
#1829 = ORIENTED_EDGE ( 'NONE', *, *, #979, .T. ) ;
#1830 = FACE_OUTER_BOUND ( 'NONE', #969, .T. ) ;
#1831 = VECTOR ( 'NONE', #267, 1000.000000000000000 ) ;
#1832 = ORIENTED_EDGE ( 'NONE', *, *, #731, .T. ) ;
#1833 = UNCERTAINTY_MEASURE_WITH_UNIT (LENGTH_MEASURE( 1.000000000000000082E-05 ), #850, 'distance_accuracy_value', 'NONE');
#1834 = DIRECTION ( 'NONE',  ( -1.548860246407863583E-16, 0.0000000000000000000, -1.000000000000000000 ) ) ;
#1835 = VERTEX_POINT ( 'NONE', #1881 ) ;
#1836 = ORIENTED_EDGE ( 'NONE', *, *, #1299, .T. ) ;
#1837 = COLOUR_RGB ( '',1.000000000000000000, 1.000000000000000000, 1.000000000000000000 ) ;
#1838 = SURFACE_SIDE_STYLE ('',( #694 ) ) ;
#1839 =( LENGTH_UNIT ( ) NAMED_UNIT ( * ) SI_UNIT ( .MILLI., .METRE. ) );
#1840 = SURFACE_STYLE_FILL_AREA ( #396 ) ;
#1841 = AXIS2_PLACEMENT_3D ( 'NONE', #2203, #2019, #2028 ) ;
#1842 =( LENGTH_UNIT ( ) NAMED_UNIT ( * ) SI_UNIT ( .MILLI., .METRE. ) );
#1843 = PRESENTATION_LAYER_ASSIGNMENT (  '', '', ( #1724 ) ) ;
#1844 = CYLINDRICAL_SURFACE ( 'NONE', #328, 1.899999999999999911 ) ;
#1845 = PRESENTATION_LAYER_ASSIGNMENT (  '', '', ( #913 ) ) ;
#1846 = ORIENTED_EDGE ( 'NONE', *, *, #846, .T. ) ;
#1847 = AXIS2_PLACEMENT_3D ( 'NONE', #591, #243, #1272 ) ;
#1848 = SURFACE_STYLE_USAGE ( .BOTH. , #627 ) ;
#1849 = CARTESIAN_POINT ( 'NONE',  ( 3.799999999999999378, 0.0000000000000000000, -0.3000000000000001554 ) ) ;
#1850 = VECTOR ( 'NONE', #1072, 1000.000000000000000 ) ;
#1851 = FACE_OUTER_BOUND ( 'NONE', #1865, .T. ) ;
#1852 = LINE ( 'NONE', #1902, #1223 ) ;
#1853 = VECTOR ( 'NONE', #153, 1000.000000000000000 ) ;
#1854 =( NAMED_UNIT ( * ) PLANE_ANGLE_UNIT ( ) SI_UNIT ( $, .RADIAN. ) );
#1855 = MECHANICAL_DESIGN_GEOMETRIC_PRESENTATION_REPRESENTATION (  '', ( #1157 ), #500 ) ;
#1856 = COLOUR_RGB ( '',1.000000000000000000, 1.000000000000000000, 1.000000000000000000 ) ;
#1857 = ORIENTED_EDGE ( 'NONE', *, *, #484, .F. ) ;
#1858 = VECTOR ( 'NONE', #583, 1000.000000000000000 ) ;
#1859 = LINE ( 'NONE', #1954, #1161 ) ;
#1860 =( NAMED_UNIT ( * ) SI_UNIT ( $, .STERADIAN. ) SOLID_ANGLE_UNIT ( ) );
#1861 = SURFACE_STYLE_USAGE ( .BOTH. , #1544 ) ;
#1862 =( GEOMETRIC_REPRESENTATION_CONTEXT ( 3 ) GLOBAL_UNCERTAINTY_ASSIGNED_CONTEXT ( ( #1319 ) ) GLOBAL_UNIT_ASSIGNED_CONTEXT ( ( #279, #951, #975 ) ) REPRESENTATION_CONTEXT ( 'NONE', 'WORKASPACE' ) );
#1863 = ORIENTED_EDGE ( 'NONE', *, *, #1717, .T. ) ;
#1864 = UNCERTAINTY_MEASURE_WITH_UNIT (LENGTH_MEASURE( 1.000000000000000082E-05 ), #595, 'distance_accuracy_value', 'NONE');
#1865 = EDGE_LOOP ( 'NONE', ( #827, #1523, #364, #151 ) ) ;
#1866 = PRESENTATION_LAYER_ASSIGNMENT (  '', '', ( #2235 ) ) ;
#1867 = STYLED_ITEM ( 'NONE', ( #2210 ), #695 ) ;
#1868 = SURFACE_SIDE_STYLE ('',( #673 ) ) ;
#1869 = DIRECTION ( 'NONE',  ( 0.0000000000000000000, 0.0000000000000000000, -1.000000000000000000 ) ) ;
#1870 = ADVANCED_FACE ( 'NONE', ( #1196 ), #530, .F. ) ;
#1871 = PRESENTATION_STYLE_ASSIGNMENT (( #1683 ) ) ;
#1872 = CARTESIAN_POINT ( 'NONE',  ( -1.199999999999999512, 0.2000000000000000111, -0.5000000000000000000 ) ) ;
#1873 = CIRCLE ( 'NONE', #1949, 1.899999999999999911 ) ;
#1874 =( LENGTH_UNIT ( ) NAMED_UNIT ( * ) SI_UNIT ( .MILLI., .METRE. ) );
#1875 = LINE ( 'NONE', #314, #494 ) ;
#1876 = VECTOR ( 'NONE', #257, 1000.000000000000000 ) ;
#1877 = VECTOR ( 'NONE', #2176, 1000.000000000000000 ) ;
#1878 = DIRECTION ( 'NONE',  ( 0.0000000000000000000, 0.0000000000000000000, -1.000000000000000000 ) ) ;
#1879 = STYLED_ITEM ( 'NONE', ( #1194 ), #1054 ) ;
#1880 = VERTEX_POINT ( 'NONE', #2053 ) ;
#1881 = CARTESIAN_POINT ( 'NONE',  ( 3.500000000000000000, 0.0000000000000000000, 1.549999999999999822 ) ) ;
#1882 =( NAMED_UNIT ( * ) SI_UNIT ( $, .STERADIAN. ) SOLID_ANGLE_UNIT ( ) );
#1883 = EDGE_CURVE ( 'NONE', #2102, #208, #525, .T. ) ;
#1884 =( NAMED_UNIT ( * ) PLANE_ANGLE_UNIT ( ) SI_UNIT ( $, .RADIAN. ) );
#1885 =( GEOMETRIC_REPRESENTATION_CONTEXT ( 3 ) GLOBAL_UNCERTAINTY_ASSIGNED_CONTEXT ( ( #1675 ) ) GLOBAL_UNIT_ASSIGNED_CONTEXT ( ( #1577, #542, #1929 ) ) REPRESENTATION_CONTEXT ( 'NONE', 'WORKASPACE' ) );
#1886 = ADVANCED_FACE ( 'NONE', ( #1830 ), #698, .F. ) ;
#1887 = ORIENTED_EDGE ( 'NONE', *, *, #1299, .F. ) ;
#1888 = EDGE_LOOP ( 'NONE', ( #820, #1688, #658, #27 ) ) ;
#1889 = CARTESIAN_POINT ( 'NONE',  ( 3.500000000000000444, 0.0000000000000000000, -0.5000000000000000000 ) ) ;
#1890 = FACE_OUTER_BOUND ( 'NONE', #2033, .T. ) ;
#1891 = SURFACE_SIDE_STYLE ('',( #1305 ) ) ;
#1892 = FILL_AREA_STYLE ('',( #461 ) ) ;
#1893 = DIRECTION ( 'NONE',  ( 0.0000000000000000000, 1.000000000000000000, 0.0000000000000000000 ) ) ;
#1894 = AXIS2_PLACEMENT_3D ( 'NONE', #830, #1006, #1695 ) ;
#1895 = ORIENTED_EDGE ( 'NONE', *, *, #2013, .T. ) ;
#1896 = EDGE_CURVE ( 'NONE', #646, #1004, #443, .T. ) ;
#1897 = UNCERTAINTY_MEASURE_WITH_UNIT (LENGTH_MEASURE( 1.000000000000000082E-05 ), #1839, 'distance_accuracy_value', 'NONE');
#1898 = CARTESIAN_POINT ( 'NONE',  ( -1.399999999999999689, 1.700000000000000178, 1.250000000000000666 ) ) ;
#1899 = CARTESIAN_POINT ( 'NONE',  ( 3.500000000000000444, 0.0000000000000000000, 0.5000000000000000000 ) ) ;
#1900 = ORIENTED_EDGE ( 'NONE', *, *, #745, .T. ) ;
#1901 = FILL_AREA_STYLE ('',( #327 ) ) ;
#1902 = CARTESIAN_POINT ( 'NONE',  ( 3.500000000000000000, 0.0000000000000000000, 2.049999999999999822 ) ) ;
#1903 = CIRCLE ( 'NONE', #1723, 1.899999999999999911 ) ;
#1904 = LINE ( 'NONE', #1113, #1228 ) ;
#1905 = SURFACE_STYLE_FILL_AREA ( #1892 ) ;
#1906 =( LENGTH_UNIT ( ) NAMED_UNIT ( * ) SI_UNIT ( .MILLI., .METRE. ) );
#1907 = DIRECTION ( 'NONE',  ( -0.0000000000000000000, -0.0000000000000000000, -1.000000000000000000 ) ) ;
#1908 = ADVANCED_FACE ( 'NONE', ( #555 ), #358, .F. ) ;
#1909 = ORIENTED_EDGE ( 'NONE', *, *, #1358, .F. ) ;
#1910 = EDGE_CURVE ( 'NONE', #190, #1944, #2080, .T. ) ;
#1911 = ORIENTED_EDGE ( 'NONE', *, *, #117, .F. ) ;
#1912 = AXIS2_PLACEMENT_3D ( 'NONE', #801, #167, #505 ) ;
#1913 = ORIENTED_EDGE ( 'NONE', *, *, #7, .T. ) ;
#1914 = ADVANCED_FACE ( 'NONE', ( #146 ), #94, .T. ) ;
#1915 = FILL_AREA_STYLE_COLOUR ( '', #1347 ) ;
#1916 = CARTESIAN_POINT ( 'NONE',  ( -3.500000000000000000, 0.5000000000000000000, 0.5000000000000000000 ) ) ;
#1917 = ORIENTED_EDGE ( 'NONE', *, *, #2261, .F. ) ;
#1918 = DIRECTION ( 'NONE',  ( 1.000000000000000000, 0.0000000000000000000, -1.548860246407863583E-16 ) ) ;
#1919 =( LENGTH_UNIT ( ) NAMED_UNIT ( * ) SI_UNIT ( .MILLI., .METRE. ) );
#1920 = MECHANICAL_DESIGN_GEOMETRIC_PRESENTATION_REPRESENTATION (  '', ( #1018 ), #437 ) ;
#1921 = MECHANICAL_DESIGN_GEOMETRIC_PRESENTATION_REPRESENTATION (  '', ( #1216 ), #1816 ) ;
#1922 =( NAMED_UNIT ( * ) PLANE_ANGLE_UNIT ( ) SI_UNIT ( $, .RADIAN. ) );
#1923 = STYLED_ITEM ( 'NONE', ( #1708 ), #900 ) ;
#1924 = CIRCLE ( 'NONE', #476, 0.2000000000000000944 ) ;
#1925 = SURFACE_STYLE_USAGE ( .BOTH. , #1564 ) ;
#1926 = CARTESIAN_POINT ( 'NONE',  ( 1.199999999999999512, 0.2000000000000000111, -0.5000000000000000000 ) ) ;
#1927 = CARTESIAN_POINT ( 'NONE',  ( 3.299999999999999822, 0.5500000000000000444, -2.168404344971008868E-16 ) ) ;
#1928 = VERTEX_POINT ( 'NONE', #2098 ) ;
#1929 =( NAMED_UNIT ( * ) SI_UNIT ( $, .STERADIAN. ) SOLID_ANGLE_UNIT ( ) );
#1930 = ORIENTED_EDGE ( 'NONE', *, *, #1896, .F. ) ;
#1931 =( GEOMETRIC_REPRESENTATION_CONTEXT ( 3 ) GLOBAL_UNCERTAINTY_ASSIGNED_CONTEXT ( ( #2197 ) ) GLOBAL_UNIT_ASSIGNED_CONTEXT ( ( #276, #1673, #1148 ) ) REPRESENTATION_CONTEXT ( 'NONE', 'WORKASPACE' ) );
#1932 = EDGE_CURVE ( 'NONE', #2075, #1771, #1873, .T. ) ;
#1933 = EDGE_CURVE ( 'NONE', #1318, #681, #36, .T. ) ;
#1934 = CARTESIAN_POINT ( 'NONE',  ( -1.399999999999999245, 0.5500000000000000444, 1.900000000000000355 ) ) ;
#1935 = PRESENTATION_LAYER_ASSIGNMENT (  '', '', ( #1216 ) ) ;
#1936 = DIRECTION ( 'NONE',  ( -0.0000000000000000000, -1.000000000000000000, -0.0000000000000000000 ) ) ;
#1937 = COLOUR_RGB ( '',1.000000000000000000, 1.000000000000000000, 1.000000000000000000 ) ;
#1938 = PRESENTATION_STYLE_ASSIGNMENT (( #852 ) ) ;
#1939 = VERTEX_POINT ( 'NONE', #1206 ) ;
#1940 = COLOUR_RGB ( '',1.000000000000000000, 1.000000000000000000, 1.000000000000000000 ) ;
#1941 = VECTOR ( 'NONE', #403, 1000.000000000000000 ) ;
#1942 = ADVANCED_FACE ( 'NONE', ( #489 ), #224, .F. ) ;
#1943 = VECTOR ( 'NONE', #937, 1000.000000000000000 ) ;
#1944 = VERTEX_POINT ( 'NONE', #387 ) ;
#1945 = CARTESIAN_POINT ( 'NONE',  ( -3.799999999999999378, 0.0000000000000000000, 0.2999999999999998224 ) ) ;
#1946 = CARTESIAN_POINT ( 'NONE',  ( 3.799999999999999378, 0.0000000000000000000, -0.3000000000000001554 ) ) ;
#1947 = EDGE_LOOP ( 'NONE', ( #1384, #305, #43, #1836 ) ) ;
#1948 =( NAMED_UNIT ( * ) SI_UNIT ( $, .STERADIAN. ) SOLID_ANGLE_UNIT ( ) );
#1949 = AXIS2_PLACEMENT_3D ( 'NONE', #1241, #1772, #59 ) ;
#1950 = ORIENTED_EDGE ( 'NONE', *, *, #1995, .F. ) ;
#1951 = VERTEX_POINT ( 'NONE', #1965 ) ;
#1952 = ORIENTED_EDGE ( 'NONE', *, *, #1104, .F. ) ;
#1953 = SURFACE_STYLE_USAGE ( .BOTH. , #1396 ) ;
#1954 = CARTESIAN_POINT ( 'NONE',  ( -1.400000000000000133, 1.900000000000000133, -1.250000000000000000 ) ) ;
#1955 = DIRECTION ( 'NONE',  ( 0.0000000000000000000, 0.0000000000000000000, -1.000000000000000000 ) ) ;
#1956 = FACE_OUTER_BOUND ( 'NONE', #462, .T. ) ;
#1957 = VECTOR ( 'NONE', #202, 1000.000000000000000 ) ;
#1958 = SURFACE_STYLE_USAGE ( .BOTH. , #1250 ) ;
#1959 = EDGE_LOOP ( 'NONE', ( #273, #34, #2204, #336 ) ) ;
#1960 = CARTESIAN_POINT ( 'NONE',  ( 0.0000000000000000000, 0.5000000000000000000, 0.0000000000000000000 ) ) ;
#1961 =( NAMED_UNIT ( * ) PLANE_ANGLE_UNIT ( ) SI_UNIT ( $, .RADIAN. ) );
#1962 = STYLED_ITEM ( 'NONE', ( #788 ), #40 ) ;
#1963 = MECHANICAL_DESIGN_GEOMETRIC_PRESENTATION_REPRESENTATION (  '', ( #1724 ), #2086 ) ;
#1964 = PRESENTATION_STYLE_ASSIGNMENT (( #1042 ) ) ;
#1965 = CARTESIAN_POINT ( 'NONE',  ( -3.500000000000000000, 0.5000000000000000000, 1.550000000000000488 ) ) ;
#1966 = PRESENTATION_LAYER_ASSIGNMENT (  '', '', ( #600 ) ) ;
#1967 = DIRECTION ( 'NONE',  ( 0.0000000000000000000, 0.0000000000000000000, -1.000000000000000000 ) ) ;
#1968 = AXIS2_PLACEMENT_3D ( 'NONE', #1098, #1992, #1869 ) ;
#1969 = DIRECTION ( 'NONE',  ( -2.299822790120767265E-16, 0.0000000000000000000, -1.000000000000000000 ) ) ;
#1970 = PRESENTATION_STYLE_ASSIGNMENT (( #1925 ) ) ;
#1971 = VECTOR ( 'NONE', #1609, 1000.000000000000000 ) ;
#1972 =( GEOMETRIC_REPRESENTATION_CONTEXT ( 3 ) GLOBAL_UNCERTAINTY_ASSIGNED_CONTEXT ( ( #427 ) ) GLOBAL_UNIT_ASSIGNED_CONTEXT ( ( #1446, #1654, #1641 ) ) REPRESENTATION_CONTEXT ( 'NONE', 'WORKASPACE' ) );
#1973 = VECTOR ( 'NONE', #1451, 1000.000000000000000 ) ;
#1974 = FILL_AREA_STYLE_COLOUR ( '', #467 ) ;
#1975 = ORIENTED_EDGE ( 'NONE', *, *, #1679, .T. ) ;
#1976 = CARTESIAN_POINT ( 'NONE',  ( -3.500000000000000000, 0.5000000000000000000, -0.5000000000000000000 ) ) ;
#1977 = UNCERTAINTY_MEASURE_WITH_UNIT (LENGTH_MEASURE( 1.000000000000000082E-05 ), #414, 'distance_accuracy_value', 'NONE');
#1978 = ORIENTED_EDGE ( 'NONE', *, *, #2208, .T. ) ;
#1979 = SURFACE_SIDE_STYLE ('',( #1430 ) ) ;
#1980 = DIRECTION ( 'NONE',  ( 0.0000000000000000000, 1.000000000000000000, 0.0000000000000000000 ) ) ;
#1981 = SURFACE_SIDE_STYLE ('',( #1388 ) ) ;
#1982 = DIRECTION ( 'NONE',  ( 0.0000000000000000000, 1.000000000000000000, 0.0000000000000000000 ) ) ;
#1983 = LINE ( 'NONE', #379, #137 ) ;
#1984 = DIRECTION ( 'NONE',  ( -1.000000000000000000, -0.0000000000000000000, -0.0000000000000000000 ) ) ;
#1985 = ORIENTED_EDGE ( 'NONE', *, *, #831, .T. ) ;
#1986 = DIRECTION ( 'NONE',  ( 0.0000000000000000000, -1.000000000000000000, 0.0000000000000000000 ) ) ;
#1987 = FILL_AREA_STYLE_COLOUR ( '', #50 ) ;
#1988 = CYLINDRICAL_SURFACE ( 'NONE', #62, 1.899999999999999911 ) ;
#1989 = DIRECTION ( 'NONE',  ( -0.0000000000000000000, 1.000000000000000000, -0.0000000000000000000 ) ) ;
#1990 = DIRECTION ( 'NONE',  ( 0.0000000000000000000, 0.0000000000000000000, 1.000000000000000000 ) ) ;
#1991 = VECTOR ( 'NONE', #1662, 1000.000000000000000 ) ;
#1992 = DIRECTION ( 'NONE',  ( 1.000000000000000000, 0.0000000000000000000, -7.744301232039319147E-17 ) ) ;
#1993 = AXIS2_PLACEMENT_3D ( 'NONE', #629, #2009, #1643 ) ;
#1994 = SURFACE_STYLE_FILL_AREA ( #54 ) ;
#1995 = EDGE_CURVE ( 'NONE', #566, #1035, #278, .T. ) ;
#1996 =( GEOMETRIC_REPRESENTATION_CONTEXT ( 3 ) GLOBAL_UNCERTAINTY_ASSIGNED_CONTEXT ( ( #25 ) ) GLOBAL_UNIT_ASSIGNED_CONTEXT ( ( #1574, #23, #1390 ) ) REPRESENTATION_CONTEXT ( 'NONE', 'WORKASPACE' ) );
#1997 = CARTESIAN_POINT ( 'NONE',  ( 1.400000000000000355, 0.5000000000000000000, 1.899999999999999689 ) ) ;
#1998 = CARTESIAN_POINT ( 'NONE',  ( 1.199999999999999734, 0.0000000000000000000, -0.3000000000000001554 ) ) ;
#1999 =( NAMED_UNIT ( * ) SI_UNIT ( $, .STERADIAN. ) SOLID_ANGLE_UNIT ( ) );
#2000 = VERTEX_POINT ( 'NONE', #561 ) ;
#2001 = CARTESIAN_POINT ( 'NONE',  ( 3.500000000000000000, 0.5000000000000000000, 0.5000000000000000000 ) ) ;
#2002 = AXIS2_PLACEMENT_3D ( 'NONE', #1636, #914, #1089 ) ;
#2003 = EDGE_LOOP ( 'NONE', ( #11, #2236, #717, #1777 ) ) ;
#2004 = ORIENTED_EDGE ( 'NONE', *, *, #1932, .F. ) ;
#2005 = UNCERTAINTY_MEASURE_WITH_UNIT (LENGTH_MEASURE( 1.000000000000000082E-05 ), #946, 'distance_accuracy_value', 'NONE');
#2006 = DIRECTION ( 'NONE',  ( -1.000000000000000000, 0.0000000000000000000, 1.548860246407863583E-16 ) ) ;
#2007 = VERTEX_POINT ( 'NONE', #230 ) ;
#2008 = FILL_AREA_STYLE_COLOUR ( '', #876 ) ;
#2009 = DIRECTION ( 'NONE',  ( -1.000000000000000000, 0.0000000000000000000, 0.0000000000000000000 ) ) ;
#2010 = AXIS2_PLACEMENT_3D ( 'NONE', #1456, #607, #2172 ) ;
#2011 = COLOUR_RGB ( '',1.000000000000000000, 1.000000000000000000, 1.000000000000000000 ) ;
#2012 = PRODUCT_DEFINITION_CONTEXT ( 'detailed design', #2258, 'design' ) ;
#2013 = EDGE_CURVE ( 'NONE', #2114, #1645, #222, .T. ) ;
#2014 = AXIS2_PLACEMENT_3D ( 'NONE', #1073, #1064, #1755 ) ;
#2015 = CARTESIAN_POINT ( 'NONE',  ( -3.799999999999999378, 0.0000000000000000000, -0.3000000000000001554 ) ) ;
#2016 = CARTESIAN_POINT ( 'NONE',  ( -3.500000000000000000, 0.5000000000000000000, -1.549999999999998934 ) ) ;
#2017 = CARTESIAN_POINT ( 'NONE',  ( 2.555619406572975935E-16, 0.5500000000000000444, 1.650000000000000577 ) ) ;
#2018 = VERTEX_POINT ( 'NONE', #1432 ) ;
#2019 = DIRECTION ( 'NONE',  ( -1.239088197126291063E-16, 0.0000000000000000000, -1.000000000000000000 ) ) ;
#2020 = COLOUR_RGB ( '',0.2509803921568627416, 0.2509803921568627416, 0.2509803921568627416 ) ;
#2021 = CYLINDRICAL_SURFACE ( 'NONE', #1393, 1.450000000000000400 ) ;
#2022 =( LENGTH_UNIT ( ) NAMED_UNIT ( * ) SI_UNIT ( .MILLI., .METRE. ) );
#2023 = DIRECTION ( 'NONE',  ( -0.0000000000000000000, -1.000000000000000000, -0.0000000000000000000 ) ) ;
#2024 = AXIS2_PLACEMENT_3D ( 'NONE', #1573, #1039, #173 ) ;
#2025 = FACE_OUTER_BOUND ( 'NONE', #1330, .T. ) ;
#2026 =( NAMED_UNIT ( * ) PLANE_ANGLE_UNIT ( ) SI_UNIT ( $, .RADIAN. ) );
#2027 = EDGE_CURVE ( 'NONE', #1260, #2007, #763, .T. ) ;
#2028 = DIRECTION ( 'NONE',  ( -1.000000000000000000, 0.0000000000000000000, 1.239088197126291063E-16 ) ) ;
#2029 = CIRCLE ( 'NONE', #1323, 0.2000000000000000944 ) ;
#2030 =( NAMED_UNIT ( * ) PLANE_ANGLE_UNIT ( ) SI_UNIT ( $, .RADIAN. ) );
#2031 = FILL_AREA_STYLE ('',( #1200 ) ) ;
#2032 = ORIENTED_EDGE ( 'NONE', *, *, #1703, .F. ) ;
#2033 = EDGE_LOOP ( 'NONE', ( #2094, #1155, #1761, #1820 ) ) ;
#2034 = ORIENTED_EDGE ( 'NONE', *, *, #1547, .F. ) ;
#2035 = SURFACE_STYLE_FILL_AREA ( #997 ) ;
#2036 = FACE_OUTER_BOUND ( 'NONE', #499, .T. ) ;
#2037 = EDGE_CURVE ( 'NONE', #1091, #1474, #689, .T. ) ;
#2038 = AXIS2_PLACEMENT_3D ( 'NONE', #417, #1955, #2155 ) ;
#2039 = VECTOR ( 'NONE', #1463, 1000.000000000000000 ) ;
#2040 = SURFACE_STYLE_FILL_AREA ( #2069 ) ;
#2041 = STYLED_ITEM ( 'NONE', ( #419 ), #1738 ) ;
#2042 = STYLED_ITEM ( 'NONE', ( #897 ), #177 ) ;
#2043 = ORIENTED_EDGE ( 'NONE', *, *, #882, .T. ) ;
#2044 = AXIS2_PLACEMENT_3D ( 'NONE', #1163, #2045, #2059 ) ;
#2045 = DIRECTION ( 'NONE',  ( 2.356961244533705666E-17, -0.0000000000000000000, 1.000000000000000000 ) ) ;
#2046 = EDGE_LOOP ( 'NONE', ( #1575, #1442, #1505, #1680, #1507, #237 ) ) ;
#2047 = CIRCLE ( 'NONE', #2085, 1.450000000000000400 ) ;
#2048 = UNCERTAINTY_MEASURE_WITH_UNIT (LENGTH_MEASURE( 1.000000000000000082E-05 ), #1919, 'distance_accuracy_value', 'NONE');
#2049 = LINE ( 'NONE', #2017, #119 ) ;
#2050 = SURFACE_STYLE_USAGE ( .BOTH. , #1868 ) ;
#2051 = PRESENTATION_LAYER_ASSIGNMENT (  '', '', ( #1579 ) ) ;
#2052 = CYLINDRICAL_SURFACE ( 'NONE', #474, 0.5000000000000000000 ) ;
#2053 = CARTESIAN_POINT ( 'NONE',  ( -1.399999999999999911, 0.5500000000000000444, 1.650000000000000799 ) ) ;
#2054 = EDGE_CURVE ( 'NONE', #506, #1645, #299, .T. ) ;
#2055 = ORIENTED_EDGE ( 'NONE', *, *, #1230, .F. ) ;
#2056 = EDGE_CURVE ( 'NONE', #970, #853, #357, .T. ) ;
#2057 = STYLED_ITEM ( 'NONE', ( #89 ), #306 ) ;
#2058 = APPLICATION_CONTEXT ( 'automotive_design' ) ;
#2059 = DIRECTION ( 'NONE',  ( 1.000000000000000000, 0.0000000000000000000, -2.356961244533705666E-17 ) ) ;
#2060 = ORIENTED_EDGE ( 'NONE', *, *, #833, .F. ) ;
#2061 = VECTOR ( 'NONE', #1026, 1000.000000000000000 ) ;
#2062 = CARTESIAN_POINT ( 'NONE',  ( 0.0000000000000000000, 0.0000000000000000000, 0.0000000000000000000 ) ) ;
#2063 = SURFACE_SIDE_STYLE ('',( #574 ) ) ;
#2064 = PRESENTATION_STYLE_ASSIGNMENT (( #2145 ) ) ;
#2065 = PRESENTATION_LAYER_ASSIGNMENT (  '', '', ( #1457 ) ) ;
#2066 =( NAMED_UNIT ( * ) PLANE_ANGLE_UNIT ( ) SI_UNIT ( $, .RADIAN. ) );
#2067 =( NAMED_UNIT ( * ) SI_UNIT ( $, .STERADIAN. ) SOLID_ANGLE_UNIT ( ) );
#2068 =( NAMED_UNIT ( * ) PLANE_ANGLE_UNIT ( ) SI_UNIT ( $, .RADIAN. ) );
#2069 = FILL_AREA_STYLE ('',( #840 ) ) ;
#2070 = APPLICATION_PROTOCOL_DEFINITION ( 'draft international standard', 'automotive_design', 1998, #508 ) ;
#2071 = ORIENTED_EDGE ( 'NONE', *, *, #504, .F. ) ;
#2072 = EDGE_CURVE ( 'NONE', #1002, #233, #927, .T. ) ;
#2073 = DIRECTION ( 'NONE',  ( 0.0000000000000000000, 0.0000000000000000000, 1.000000000000000000 ) ) ;
#2074 =( LENGTH_UNIT ( ) NAMED_UNIT ( * ) SI_UNIT ( .MILLI., .METRE. ) );
#2075 = VERTEX_POINT ( 'NONE', #905 ) ;
#2076 = LINE ( 'NONE', #531, #466 ) ;
#2077 = FACE_OUTER_BOUND ( 'NONE', #1888, .T. ) ;
#2078 =( NAMED_UNIT ( * ) SI_UNIT ( $, .STERADIAN. ) SOLID_ANGLE_UNIT ( ) );
#2079 = FILL_AREA_STYLE ('',( #1182 ) ) ;
#2080 = LINE ( 'NONE', #2252, #1582 ) ;
#2081 =( LENGTH_UNIT ( ) NAMED_UNIT ( * ) SI_UNIT ( .MILLI., .METRE. ) );
#2082 = COLOUR_RGB ( '',1.000000000000000000, 1.000000000000000000, 1.000000000000000000 ) ;
#2083 = CARTESIAN_POINT ( 'NONE',  ( -3.799999999999999378, 0.0000000000000000000, -0.3000000000000001554 ) ) ;
#2084 = FACE_OUTER_BOUND ( 'NONE', #1107, .T. ) ;
#2085 = AXIS2_PLACEMENT_3D ( 'NONE', #577, #1779, #738 ) ;
#2086 =( GEOMETRIC_REPRESENTATION_CONTEXT ( 3 ) GLOBAL_UNCERTAINTY_ASSIGNED_CONTEXT ( ( #1709 ) ) GLOBAL_UNIT_ASSIGNED_CONTEXT ( ( #1842, #2026, #983 ) ) REPRESENTATION_CONTEXT ( 'NONE', 'WORKASPACE' ) );
#2087 = ADVANCED_FACE ( 'NONE', ( #68 ), #1086, .T. ) ;
#2088 = EDGE_LOOP ( 'NONE', ( #1559, #84, #1410, #72 ) ) ;
#2089 = DIRECTION ( 'NONE',  ( -0.0000000000000000000, 0.0000000000000000000, -1.000000000000000000 ) ) ;
#2090 =( LENGTH_UNIT ( ) NAMED_UNIT ( * ) SI_UNIT ( .MILLI., .METRE. ) );
#2091 = FILL_AREA_STYLE_COLOUR ( '', #1546 ) ;
#2092 = AXIS2_PLACEMENT_3D ( 'NONE', #139, #826, #675 ) ;
#2093 = MECHANICAL_DESIGN_GEOMETRIC_PRESENTATION_REPRESENTATION (  '', ( #913 ), #290 ) ;
#2094 = ORIENTED_EDGE ( 'NONE', *, *, #2234, .T. ) ;
#2095 = AXIS2_PLACEMENT_3D ( 'NONE', #1661, #956, #2194 ) ;
#2096 = ORIENTED_EDGE ( 'NONE', *, *, #2161, .F. ) ;
#2097 = VECTOR ( 'NONE', #136, 1000.000000000000000 ) ;
#2098 = CARTESIAN_POINT ( 'NONE',  ( -3.799999999999999378, 0.0000000000000000000, -0.3000000000000001554 ) ) ;
#2099 = SURFACE_SIDE_STYLE ('',( #1274 ) ) ;
#2100 = LINE ( 'NONE', #587, #2039 ) ;
#2101 =( GEOMETRIC_REPRESENTATION_CONTEXT ( 3 ) GLOBAL_UNCERTAINTY_ASSIGNED_CONTEXT ( ( #1229 ) ) GLOBAL_UNIT_ASSIGNED_CONTEXT ( ( #866, #1733, #1371 ) ) REPRESENTATION_CONTEXT ( 'NONE', 'WORKASPACE' ) );
#2102 = VERTEX_POINT ( 'NONE', #1945 ) ;
#2103 = DIRECTION ( 'NONE',  ( -1.000000000000000000, 0.0000000000000000000, 0.0000000000000000000 ) ) ;
#2104 =( LENGTH_UNIT ( ) NAMED_UNIT ( * ) SI_UNIT ( .MILLI., .METRE. ) );
#2105 = CARTESIAN_POINT ( 'NONE',  ( -3.799999999999999378, 0.2000000000000000111, -0.3000000000000001554 ) ) ;
#2106 = DIRECTION ( 'NONE',  ( 0.0000000000000000000, 0.0000000000000000000, 1.000000000000000000 ) ) ;
#2107 = FACE_OUTER_BOUND ( 'NONE', #266, .T. ) ;
#2108 = COLOUR_RGB ( '',0.2509803921568627416, 0.2509803921568627416, 0.2509803921568627416 ) ;
#2109 = CYLINDRICAL_SURFACE ( 'NONE', #1034, 1.449999999999999956 ) ;
#2110 = COLOUR_RGB ( '',1.000000000000000000, 1.000000000000000000, 1.000000000000000000 ) ;
#2111 = DIRECTION ( 'NONE',  ( -1.000000000000000000, 0.0000000000000000000, 0.0000000000000000000 ) ) ;
#2112 = SURFACE_SIDE_STYLE ('',( #1093 ) ) ;
#2113 = DIRECTION ( 'NONE',  ( -2.356961244533705666E-17, 0.0000000000000000000, 1.000000000000000000 ) ) ;
#2114 = VERTEX_POINT ( 'NONE', #2165 ) ;
#2115 = EDGE_LOOP ( 'NONE', ( #1458, #2215, #1356, #1526 ) ) ;
#2116 = AXIS2_PLACEMENT_3D ( 'NONE', #615, #1823, #1130 ) ;
#2117 = DIRECTION ( 'NONE',  ( 0.0000000000000000000, 0.0000000000000000000, 1.000000000000000000 ) ) ;
#2118 = CARTESIAN_POINT ( 'NONE',  ( 3.799999999999999378, 0.2000000000000000111, -0.3000000000000001554 ) ) ;
#2119 = ORIENTED_EDGE ( 'NONE', *, *, #214, .F. ) ;
#2120 = CARTESIAN_POINT ( 'NONE',  ( 3.500000000000000000, 0.5000000000000000000, -1.549999999999999822 ) ) ;
#2121 = EDGE_CURVE ( 'NONE', #536, #991, #353, .T. ) ;
#2122 = AXIS2_PLACEMENT_3D ( 'NONE', #2062, #323, #1333 ) ;
#2123 = LINE ( 'NONE', #501, #2061 ) ;
#2124 = UNCERTAINTY_MEASURE_WITH_UNIT (LENGTH_MEASURE( 1.000000000000000082E-05 ), #1593, 'distance_accuracy_value', 'NONE');
#2125 =( GEOMETRIC_REPRESENTATION_CONTEXT ( 3 ) GLOBAL_UNCERTAINTY_ASSIGNED_CONTEXT ( ( #1801 ) ) GLOBAL_UNIT_ASSIGNED_CONTEXT ( ( #612, #114, #1313 ) ) REPRESENTATION_CONTEXT ( 'NONE', 'WORKASPACE' ) );
#2126 = VECTOR ( 'NONE', #1918, 1000.000000000000000 ) ;
#2127 = DIRECTION ( 'NONE',  ( 0.0000000000000000000, 1.000000000000000000, 0.0000000000000000000 ) ) ;
#2128 = PRESENTATION_STYLE_ASSIGNMENT (( #188 ) ) ;
#2129 = CARTESIAN_POINT ( 'NONE',  ( -1.199999999999999734, 0.2000000000000000111, 0.2999999999999998224 ) ) ;
#2130 = PRESENTATION_LAYER_ASSIGNMENT (  '', '', ( #2231 ) ) ;
#2131 = ORIENTED_EDGE ( 'NONE', *, *, #719, .T. ) ;
#2132 = ADVANCED_FACE ( 'NONE', ( #1041 ), #1075, .T. ) ;
#2133 = EDGE_CURVE ( 'NONE', #1091, #1341, #1904, .T. ) ;
#2134 = DIRECTION ( 'NONE',  ( 0.0000000000000000000, 1.000000000000000000, 0.0000000000000000000 ) ) ;
#2135 = MECHANICAL_DESIGN_GEOMETRIC_PRESENTATION_REPRESENTATION (  '', ( #1622 ), #176 ) ;
#2136 = VERTEX_POINT ( 'NONE', #256 ) ;
#2137 = CARTESIAN_POINT ( 'NONE',  ( -1.399999999999999911, 1.700000000000000178, 1.450000000000000844 ) ) ;
#2138 = VECTOR ( 'NONE', #287, 1000.000000000000000 ) ;
#2139 = CARTESIAN_POINT ( 'NONE',  ( -1.199999999999999734, 0.2000000000000000111, -0.3000000000000001554 ) ) ;
#2140 = SURFACE_STYLE_FILL_AREA ( #1702 ) ;
#2141 = COLOUR_RGB ( '',1.000000000000000000, 1.000000000000000000, 1.000000000000000000 ) ;
#2142 = SURFACE_STYLE_FILL_AREA ( #1021 ) ;
#2143 =( LENGTH_UNIT ( ) NAMED_UNIT ( * ) SI_UNIT ( .MILLI., .METRE. ) );
#2144 = DIRECTION ( 'NONE',  ( -0.0000000000000000000, 1.000000000000000000, -0.0000000000000000000 ) ) ;
#2145 = SURFACE_STYLE_USAGE ( .BOTH. , #1981 ) ;
#2146 = EDGE_LOOP ( 'NONE', ( #671, #1725, #669, #2071 ) ) ;
#2147 = CARTESIAN_POINT ( 'NONE',  ( 1.399999999999999689, 0.7500000000000000000, -1.450000000000000178 ) ) ;
#2148 = MECHANICAL_DESIGN_GEOMETRIC_PRESENTATION_REPRESENTATION (  '', ( #1046 ), #1117 ) ;
#2149 = EDGE_LOOP ( 'NONE', ( #1132, #2254, #847, #921 ) ) ;
#2150 = EDGE_CURVE ( 'NONE', #233, #1835, #588, .T. ) ;
#2151 = ORIENTED_EDGE ( 'NONE', *, *, #2133, .T. ) ;
#2152 = CARTESIAN_POINT ( 'NONE',  ( 3.500000000000000000, 0.1999999999999999833, 2.049999999999999822 ) ) ;
#2153 = CARTESIAN_POINT ( 'NONE',  ( -3.799999999999999378, 0.2000000000000000111, -0.3000000000000001554 ) ) ;
#2154 = DIRECTION ( 'NONE',  ( 1.000000000000000000, 0.0000000000000000000, -2.356961244533705666E-17 ) ) ;
#2155 = DIRECTION ( 'NONE',  ( -1.000000000000000000, 0.0000000000000000000, -0.0000000000000000000 ) ) ;
#2156 = UNCERTAINTY_MEASURE_WITH_UNIT (LENGTH_MEASURE( 1.000000000000000082E-05 ), #672, 'distance_accuracy_value', 'NONE');
#2157 = SURFACE_STYLE_USAGE ( .BOTH. , #1979 ) ;
#2158 = ORIENTED_EDGE ( 'NONE', *, *, #1378, .F. ) ;
#2159 = CARTESIAN_POINT ( 'NONE',  ( 3.000000000000000000, 0.5000000000000000000, 2.049999999999999822 ) ) ;
#2160 = ORIENTED_EDGE ( 'NONE', *, *, #28, .F. ) ;
#2161 = EDGE_CURVE ( 'NONE', #503, #1771, #1799, .T. ) ;
#2162 =( NAMED_UNIT ( * ) SI_UNIT ( $, .STERADIAN. ) SOLID_ANGLE_UNIT ( ) );
#2163 =( GEOMETRIC_REPRESENTATION_CONTEXT ( 3 ) GLOBAL_UNCERTAINTY_ASSIGNED_CONTEXT ( ( #1495 ) ) GLOBAL_UNIT_ASSIGNED_CONTEXT ( ( #236, #1961, #1948 ) ) REPRESENTATION_CONTEXT ( 'NONE', 'WORKASPACE' ) );
#2164 = LINE ( 'NONE', #1916, #1578 ) ;
#2165 = CARTESIAN_POINT ( 'NONE',  ( -3.000000000000000444, 0.0000000000000000000, -2.049999999999998934 ) ) ;
#2166 = AXIS2_PLACEMENT_3D ( 'NONE', #71, #1796, #1433 ) ;
#2167 = SURFACE_STYLE_USAGE ( .BOTH. , #580 ) ;
#2168 = STYLED_ITEM ( 'NONE', ( #1008 ), #198 ) ;
#2169 = FILL_AREA_STYLE ('',( #1623 ) ) ;
#2170 = CARTESIAN_POINT ( 'NONE',  ( -1.399999999999999245, 0.5500000000000000444, 1.900000000000000355 ) ) ;
#2171 = LINE ( 'NONE', #737, #37 ) ;
#2172 = DIRECTION ( 'NONE',  ( 0.0000000000000000000, 0.0000000000000000000, 1.000000000000000000 ) ) ;
#2173 = PRESENTATION_LAYER_ASSIGNMENT (  '', '', ( #1923 ) ) ;
#2174 = LINE ( 'NONE', #756, #1154 ) ;
#2175 = ORIENTED_EDGE ( 'NONE', *, *, #1300, .F. ) ;
#2176 = DIRECTION ( 'NONE',  ( -1.000000000000000000, 0.0000000000000000000, 1.239088197126290817E-16 ) ) ;
#2177 = EDGE_LOOP ( 'NONE', ( #45, #346, #1049, #1863 ) ) ;
#2178 = CARTESIAN_POINT ( 'NONE',  ( -1.399999999999999689, 1.900000000000000133, 4.303954078654577520E-16 ) ) ;
#2179 = SURFACE_SIDE_STYLE ('',( #242 ) ) ;
#2180 = SURFACE_SIDE_STYLE ('',( #995 ) ) ;
#2181 = FILL_AREA_STYLE ('',( #1282 ) ) ;
#2182 = ORIENTED_EDGE ( 'NONE', *, *, #107, .F. ) ;
#2183 = MECHANICAL_DESIGN_GEOMETRIC_PRESENTATION_REPRESENTATION (  '', ( #1457 ), #2101 ) ;
#2184 = EDGE_CURVE ( 'NONE', #634, #2114, #1279, .T. ) ;
#2185 = EDGE_CURVE ( 'NONE', #392, #288, #1404, .T. ) ;
#2186 = MECHANICAL_DESIGN_GEOMETRIC_PRESENTATION_REPRESENTATION (  '', ( #2057 ), #620 ) ;
#2187 =( NAMED_UNIT ( * ) PLANE_ANGLE_UNIT ( ) SI_UNIT ( $, .RADIAN. ) );
#2188 = UNCERTAINTY_MEASURE_WITH_UNIT (LENGTH_MEASURE( 1.000000000000000082E-05 ), #2074, 'distance_accuracy_value', 'NONE');
#2189 = CARTESIAN_POINT ( 'NONE',  ( -3.500000000000000000, 0.5000000000000000000, 2.050000000000000711 ) ) ;
#2190 = EDGE_LOOP ( 'NONE', ( #375, #106, #1697, #909 ) ) ;
#2191 = DIRECTION ( 'NONE',  ( 0.0000000000000000000, 0.0000000000000000000, 1.000000000000000000 ) ) ;
#2192 = CARTESIAN_POINT ( 'NONE',  ( 3.500000000000000000, 0.5000000000000000000, -0.5000000000000000000 ) ) ;
#2193 = FILL_AREA_STYLE_COLOUR ( '', #872 ) ;
#2194 = DIRECTION ( 'NONE',  ( 0.0000000000000000000, 0.0000000000000000000, 1.000000000000000000 ) ) ;
#2195 = MECHANICAL_DESIGN_GEOMETRIC_PRESENTATION_REPRESENTATION (  '', ( #1579 ), #227 ) ;
#2196 =( NAMED_UNIT ( * ) SI_UNIT ( $, .STERADIAN. ) SOLID_ANGLE_UNIT ( ) );
#2197 = UNCERTAINTY_MEASURE_WITH_UNIT (LENGTH_MEASURE( 1.000000000000000082E-05 ), #276, 'distance_accuracy_value', 'NONE');
#2198 = EDGE_CURVE ( 'NONE', #1928, #534, #1743, .T. ) ;
#2199 = SURFACE_STYLE_FILL_AREA ( #1768 ) ;
#2200 = SURFACE_STYLE_USAGE ( .BOTH. , #1135 ) ;
#2201 = DIRECTION ( 'NONE',  ( 1.000000000000000000, 0.0000000000000000000, -1.548860246407863583E-16 ) ) ;
#2202 = SURFACE_SIDE_STYLE ('',( #709 ) ) ;
#2203 = CARTESIAN_POINT ( 'NONE',  ( 3.500000000000000000, 0.5000000000000000000, 2.049999999999999822 ) ) ;
#2204 = ORIENTED_EDGE ( 'NONE', *, *, #2133, .F. ) ;
#2205 =( NAMED_UNIT ( * ) SI_UNIT ( $, .STERADIAN. ) SOLID_ANGLE_UNIT ( ) );
#2206 = DIRECTION ( 'NONE',  ( 1.000000000000000000, -0.0000000000000000000, -0.0000000000000000000 ) ) ;
#2207 = VERTEX_POINT ( 'NONE', #1121 ) ;
#2208 = EDGE_CURVE ( 'NONE', #1557, #1689, #497, .T. ) ;
#2209 = FILL_AREA_STYLE_COLOUR ( '', #126 ) ;
#2210 = PRESENTATION_STYLE_ASSIGNMENT (( #1848 ) ) ;
#2211 = AXIS2_PLACEMENT_3D ( 'NONE', #1165, #2239, #1029 ) ;
#2212 = MECHANICAL_DESIGN_GEOMETRIC_PRESENTATION_REPRESENTATION (  '', ( #2168 ), #1885 ) ;
#2213 = MECHANICAL_DESIGN_GEOMETRIC_PRESENTATION_REPRESENTATION (  '', ( #97 ), #576 ) ;
#2214 = CARTESIAN_POINT ( 'NONE',  ( 3.799999999999999378, 0.2000000000000000111, -0.3000000000000001554 ) ) ;
#2215 = ORIENTED_EDGE ( 'NONE', *, *, #1119, .F. ) ;
#2216 = DIRECTION ( 'NONE',  ( -0.0000000000000000000, -1.000000000000000000, -0.0000000000000000000 ) ) ;
#2217 = LINE ( 'NONE', #584, #1302 ) ;
#2218 = SURFACE_STYLE_FILL_AREA ( #1237 ) ;
#2219 = CARTESIAN_POINT ( 'NONE',  ( -1.399999999999999911, 1.700000000000000178, 1.450000000000000844 ) ) ;
#2220 = COLOUR_RGB ( '',1.000000000000000000, 1.000000000000000000, 1.000000000000000000 ) ;
#2221 = UNCERTAINTY_MEASURE_WITH_UNIT (LENGTH_MEASURE( 1.000000000000000082E-05 ), #212, 'distance_accuracy_value', 'NONE');
#2222 = CARTESIAN_POINT ( 'NONE',  ( -3.799999999999999378, 0.0000000000000000000, -0.3000000000000001554 ) ) ;
#2223 = ORIENTED_EDGE ( 'NONE', *, *, #764, .F. ) ;
#2224 =( NAMED_UNIT ( * ) PLANE_ANGLE_UNIT ( ) SI_UNIT ( $, .RADIAN. ) );
#2225 = PRODUCT_CONTEXT ( 'NONE', #2058, 'mechanical' ) ;
#2226 = ORIENTED_EDGE ( 'NONE', *, *, #1422, .T. ) ;
#2227 = SURFACE_STYLE_FILL_AREA ( #47 ) ;
#2228 =( NAMED_UNIT ( * ) PLANE_ANGLE_UNIT ( ) SI_UNIT ( $, .RADIAN. ) );
#2229 =( LENGTH_UNIT ( ) NAMED_UNIT ( * ) SI_UNIT ( .MILLI., .METRE. ) );
#2230 = TOROIDAL_SURFACE ( 'NONE', #527, 1.250000000000000222, 0.2000000000000000111 ) ;
#2231 = STYLED_ITEM ( 'NONE', ( #1871 ), #1218 ) ;
#2232 = PLANE ( 'NONE',  #2122 ) ;
#2233 = VERTEX_POINT ( 'NONE', #1668 ) ;
#2234 = EDGE_CURVE ( 'NONE', #421, #1063, #1591, .T. ) ;
#2235 = STYLED_ITEM ( 'NONE', ( #843 ), #1742 ) ;
#2236 = ORIENTED_EDGE ( 'NONE', *, *, #807, .T. ) ;
#2237 = AXIS2_PLACEMENT_3D ( 'NONE', #292, #277, #1320 ) ;
#2238 = CARTESIAN_POINT ( 'NONE',  ( -1.399999999999999689, 0.5500000000000000444, 4.303954078654577520E-16 ) ) ;
#2239 = DIRECTION ( 'NONE',  ( 9.856383386231860060E-17, -0.0000000000000000000, 1.000000000000000000 ) ) ;
#2240 =( NAMED_UNIT ( * ) PLANE_ANGLE_UNIT ( ) SI_UNIT ( $, .RADIAN. ) );
#2241 = ADVANCED_FACE ( 'NONE', ( #1016 ), #1350, .T. ) ;
#2242 = COLOUR_RGB ( '',0.2509803921568627416, 0.2509803921568627416, 0.2509803921568627416 ) ;
#2243 = AXIS2_PLACEMENT_3D ( 'NONE', #495, #1040, #1497 ) ;
#2244 = VECTOR ( 'NONE', #1, 1000.000000000000000 ) ;
#2245 = UNCERTAINTY_MEASURE_WITH_UNIT (LENGTH_MEASURE( 1.000000000000000082E-05 ), #1480, 'distance_accuracy_value', 'NONE');
#2246 = FILL_AREA_STYLE_COLOUR ( '', #1940 ) ;
#2247 = EDGE_CURVE ( 'NONE', #288, #973, #2174, .T. ) ;
#2248 = DIRECTION ( 'NONE',  ( 0.0000000000000000000, 0.0000000000000000000, 1.000000000000000000 ) ) ;
#2249 = COLOUR_RGB ( '',0.2509803921568627416, 0.2509803921568627416, 0.2509803921568627416 ) ;
#2250 = AXIS2_PLACEMENT_3D ( 'NONE', #1067, #24, #2106 ) ;
#2251 = ORIENTED_EDGE ( 'NONE', *, *, #1079, .F. ) ;
#2252 = CARTESIAN_POINT ( 'NONE',  ( -1.199999999999999512, 0.2000000000000000111, -0.5000000000000000000 ) ) ;
#2253 =( NAMED_UNIT ( * ) PLANE_ANGLE_UNIT ( ) SI_UNIT ( $, .RADIAN. ) );
#2254 = ORIENTED_EDGE ( 'NONE', *, *, #1001, .T. ) ;
#2255 = EDGE_LOOP ( 'NONE', ( #246, #753, #178, #393, #180, #1479 ) ) ;
#2256 = SURFACE_SIDE_STYLE ('',( #953 ) ) ;
#2257 = LINE ( 'NONE', #1520, #1293 ) ;
#2258 = APPLICATION_CONTEXT ( 'automotive_design' ) ;
#2259 = CIRCLE ( 'NONE', #2095, 1.450000000000000400 ) ;
#2260 = AXIS2_PLACEMENT_3D ( 'NONE', #725, #740, #373 ) ;
#2261 = EDGE_CURVE ( 'NONE', #1944, #1318, #10, .T. ) ;
#2262 = DIRECTION ( 'NONE',  ( 1.000000000000000000, 0.0000000000000000000, -0.0000000000000000000 ) ) ;
#2263 = CARTESIAN_POINT ( 'NONE',  ( 1.199999999999999512, 0.0000000000000000000, -0.5000000000000000000 ) ) ;
#2264 =( NAMED_UNIT ( * ) PLANE_ANGLE_UNIT ( ) SI_UNIT ( $, .RADIAN. ) );
#2265 = ORIENTED_EDGE ( 'NONE', *, *, #340, .T. ) ;
#2266 = ADVANCED_FACE ( 'NONE', ( #1556 ), #444, .F. ) ;
#2267 = ORIENTED_EDGE ( 'NONE', *, *, #1300, .T. ) ;
ENDSEC;
END-ISO-10303-21;
