ISO-10303-21;
HEADER;
FILE_DESCRIPTION (( 'STEP AP214' ),
    '1' );
FILE_NAME ('Same_Sky_SLW-116641-3A-RA-S-D.step',
    '2025-01-07T19:07:48',
    ( '' ),
    ( '' ),
    'SwSTEP 2.0',
    'SolidWorks 2024',
    '' );
FILE_SCHEMA (( 'AUTOMOTIVE_DESIGN' ));
ENDSEC;

DATA;
#1 = ORIENTED_EDGE ( 'NONE', *, *, #791, .F. ) ;
#2 = EDGE_LOOP ( 'NONE', ( #2217, #143, #4440, #302 ) ) ;
#3 = ORIENTED_EDGE ( 'NONE', *, *, #1776, .T. ) ;
#4 = DIRECTION ( 'NONE',  ( 0.000000000000000000, 0.000000000000000000, -1.000000000000000000 ) ) ;
#5 = DIRECTION ( 'NONE',  ( 0.000000000000000000, 0.000000000000000000, -1.000000000000000000 ) ) ;
#6 = VERTEX_POINT ( 'NONE', #1938 ) ;
#7 = CARTESIAN_POINT ( 'NONE',  ( 1.114080404063698904, -0.4686522447816535153, -0.08070866141732284393 ) ) ;
#8 = LINE ( 'NONE', #2571, #972 ) ;
#9 = CARTESIAN_POINT ( 'NONE',  ( 0.7438899863564528703, -0.6302595964568091791, 0.07874015748031495954 ) ) ;
#10 = EDGE_CURVE ( 'NONE', #6234, #1956, #943, .T. ) ;
#11 = VECTOR ( 'NONE', #5828, 39.37007874015748143 ) ;
#12 = ADVANCED_FACE ( 'NONE', ( #4123 ), #1350, .T. ) ;
#13 = ORIENTED_EDGE ( 'NONE', *, *, #2098, .F. ) ;
#14 = EDGE_CURVE ( 'NONE', #4405, #2772, #6281, .T. ) ;
#15 = VERTEX_POINT ( 'NONE', #920 ) ;
#16 = DIRECTION ( 'NONE',  ( 1.000000000000000000, 0.000000000000000000, 0.000000000000000000 ) ) ;
#17 = LINE ( 'NONE', #1075, #3324 ) ;
#18 = DIRECTION ( 'NONE',  ( 1.000000000000000000, 0.000000000000000000, 0.000000000000000000 ) ) ;
#19 = ADVANCED_FACE ( 'NONE', ( #4156 ), #4084, .T. ) ;
#20 = LINE ( 'NONE', #6935, #4744 ) ;
#21 = VERTEX_POINT ( 'NONE', #1482 ) ;
#22 = CARTESIAN_POINT ( 'NONE',  ( 0.6887718761201948592, -0.4686522447816141579, -0.06102362204724410405 ) ) ;
#23 = CARTESIAN_POINT ( 'NONE',  ( 1.100793150224137928, -0.4392848555392920851, 0.06496062992125983815 ) ) ;
#24 = VECTOR ( 'NONE', #2391, 39.37007874015748143 ) ;
#25 = FACE_OUTER_BOUND ( 'NONE', #5334, .T. ) ;
#26 = EDGE_CURVE ( 'NONE', #2399, #1892, #362, .T. ) ;
#27 = ORIENTED_EDGE ( 'NONE', *, *, #1181, .T. ) ;
#28 = VECTOR ( 'NONE', #845, 39.37007874015748143 ) ;
#29 = ORIENTED_EDGE ( 'NONE', *, *, #2926, .T. ) ;
#30 = DIRECTION ( 'NONE',  ( 0.000000000000000000, 0.000000000000000000, -1.000000000000000000 ) ) ;
#31 = ORIENTED_EDGE ( 'NONE', *, *, #3293, .F. ) ;
#32 = CARTESIAN_POINT ( 'NONE',  ( 1.103647973297753992, -0.4491572342520874228, -0.06496062992125983815 ) ) ;
#33 = DIRECTION ( 'NONE',  ( 0.000000000000000000, 0.000000000000000000, -1.000000000000000000 ) ) ;
#34 = CARTESIAN_POINT ( 'NONE',  ( 0.7871970729706301295, -0.5908895177166516577, -0.06299212598425196763 ) ) ;
#35 = ADVANCED_FACE ( 'NONE', ( #4540 ), #3564, .F. ) ;
#36 = VECTOR ( 'NONE', #3571, 39.37007874015748143 ) ;
#37 = VERTEX_POINT ( 'NONE', #6712 ) ;
#38 = ORIENTED_EDGE ( 'NONE', *, *, #3322, .T. ) ;
#39 = ORIENTED_EDGE ( 'NONE', *, *, #236, .T. ) ;
#40 = CARTESIAN_POINT ( 'NONE',  ( 0.9939458251312244252, -0.4334092027560654259, 0.04527559055118110520 ) ) ;
#41 = CARTESIAN_POINT ( 'NONE',  ( 0.7596380178525137250, -0.5908895177166516577, 0.007874015748031495954 ) ) ;
#42 = ORIENTED_EDGE ( 'NONE', *, *, #2124, .F. ) ;
#43 = LINE ( 'NONE', #5315, #1637 ) ;
#44 = DIRECTION ( 'NONE',  ( 1.000000000000000000, 7.569702440625950512E-14, 0.000000000000000000 ) ) ;
#45 = EDGE_LOOP ( 'NONE', ( #6048, #939, #4844, #4494 ) ) ;
#46 = ORIENTED_EDGE ( 'NONE', *, *, #5538, .F. ) ;
#47 = ORIENTED_EDGE ( 'NONE', *, *, #26, .T. ) ;
#48 = VECTOR ( 'NONE', #1133, 39.37007874015748143 ) ;
#49 = ADVANCED_FACE ( 'NONE', ( #3631 ), #4642, .F. ) ;
#50 = EDGE_CURVE ( 'NONE', #3426, #633, #819, .T. ) ;
#51 = FACE_OUTER_BOUND ( 'NONE', #110, .T. ) ;
#52 = CARTESIAN_POINT ( 'NONE',  ( 0.7144182660761357884, -0.5731729822834260579, 0.06003937007874016185 ) ) ;
#53 = DIRECTION ( 'NONE',  ( -1.000000000000000000, 0.000000000000000000, 0.000000000000000000 ) ) ;
#54 = AXIS2_PLACEMENT_3D ( 'NONE', #810, #711, #4040 ) ;
#55 = ADVANCED_FACE ( 'NONE', ( #5747 ), #2401, .F. ) ;
#56 = ADVANCED_FACE ( 'NONE', ( #4577 ), #6745, .F. ) ;
#57 = DIRECTION ( 'NONE',  ( 0.000000000000000000, 1.000000000000000000, 0.000000000000000000 ) ) ;
#58 = EDGE_LOOP ( 'NONE', ( #4157, #4346, #2354, #3232, #3944, #1070, #3386, #6120, #4268, #2226 ) ) ;
#59 = DIRECTION ( 'NONE',  ( -1.000000000000000000, 0.000000000000000000, 0.000000000000000000 ) ) ;
#60 = LINE ( 'NONE', #4208, #1186 ) ;
#61 = AXIS2_PLACEMENT_3D ( 'NONE', #4415, #728, #1779 ) ;
#62 = CARTESIAN_POINT ( 'NONE',  ( 0.7892214156824370885, -0.5101808562992157237, 0.04429133858267716994 ) ) ;
#63 = CARTESIAN_POINT ( 'NONE',  ( 0.7892214156824094440, -0.6538816437009449256, -0.04527559055118110520 ) ) ;
#64 = VERTEX_POINT ( 'NONE', #4782 ) ;
#65 = AXIS2_PLACEMENT_3D ( 'NONE', #2508, #830, #2477 ) ;
#66 = VERTEX_POINT ( 'NONE', #574 ) ;
#67 = EDGE_CURVE ( 'NONE', #4327, #4851, #6956, .T. ) ;
#68 = DIRECTION ( 'NONE',  ( 0.000000000000000000, 0.000000000000000000, -1.000000000000000000 ) ) ;
#69 = ORIENTED_EDGE ( 'NONE', *, *, #4388, .F. ) ;
#70 = DIRECTION ( 'NONE',  ( -1.000000000000000000, 4.111937128241349667E-14, 0.000000000000000000 ) ) ;
#71 = PLANE ( 'NONE',  #6812 ) ;
#72 = DIRECTION ( 'NONE',  ( -1.000000000000000000, 0.000000000000000000, 0.000000000000000000 ) ) ;
#73 = AXIS2_PLACEMENT_3D ( 'NONE', #3134, #6354, #4231 ) ;
#74 = VECTOR ( 'NONE', #3151, 39.37007874015748143 ) ;
#75 = ORIENTED_EDGE ( 'NONE', *, *, #5948, .T. ) ;
#76 = ORIENTED_EDGE ( 'NONE', *, *, #2766, .F. ) ;
#77 = ORIENTED_EDGE ( 'NONE', *, *, #6902, .F. ) ;
#78 = LINE ( 'NONE', #539, #3952 ) ;
#79 = AXIS2_PLACEMENT_3D ( 'NONE', #5473, #1219, #1641 ) ;
#80 = DIRECTION ( 'NONE',  ( 0.000000000000000000, 0.000000000000000000, 1.000000000000000000 ) ) ;
#81 = DIRECTION ( 'NONE',  ( -7.569702440625950512E-14, 1.000000000000000000, 0.000000000000000000 ) ) ;
#82 = EDGE_CURVE ( 'NONE', #957, #5768, #6880, .T. ) ;
#83 = ORIENTED_EDGE ( 'NONE', *, *, #1694, .F. ) ;
#84 = PRESENTATION_STYLE_ASSIGNMENT (( #4889 ) ) ;
#85 = LINE ( 'NONE', #6597, #5121 ) ;
#86 = EDGE_LOOP ( 'NONE', ( #985, #5870, #6011, #491 ) ) ;
#87 = VECTOR ( 'NONE', #5245, 39.37007874015748143 ) ;
#88 = VERTEX_POINT ( 'NONE', #4261 ) ;
#89 = EDGE_LOOP ( 'NONE', ( #6102, #6869, #4681, #1026 ) ) ;
#90 = CARTESIAN_POINT ( 'NONE',  ( 0.6730238446241337824, -0.4491572342520874228, 0.08070866141732284393 ) ) ;
#91 = CARTESIAN_POINT ( 'NONE',  ( 0.7438899863562618009, -0.7877399114174391537, -0.07874015748031495954 ) ) ;
#92 = DIRECTION ( 'NONE',  ( 1.000000000000000000, 0.000000000000000000, 0.000000000000000000 ) ) ;
#93 = CARTESIAN_POINT ( 'NONE',  ( 0.9631387385170552262, -0.5495509350395306747, 0.08070866141732284393 ) ) ;
#94 = VERTEX_POINT ( 'NONE', #2078 ) ;
#95 = DIRECTION ( 'NONE',  ( 0.000000000000000000, 0.000000000000000000, -1.000000000000000000 ) ) ;
#96 = FACE_OUTER_BOUND ( 'NONE', #6410, .T. ) ;
#97 =( NAMED_UNIT ( * ) SI_UNIT ( $, .STERADIAN. ) SOLID_ANGLE_UNIT ( ) );
#98 = CARTESIAN_POINT ( 'NONE',  ( 0.7636308645013326624, -0.5101808562992157237, -0.04429133858267716994 ) ) ;
#99 = EDGE_CURVE ( 'NONE', #3493, #5676, #2184, .T. ) ;
#100 = EDGE_CURVE ( 'NONE', #2783, #3071, #1589, .T. ) ;
#101 = ORIENTED_EDGE ( 'NONE', *, *, #1071, .F. ) ;
#102 = VERTEX_POINT ( 'NONE', #1028 ) ;
#103 = DIRECTION ( 'NONE',  ( 0.000000000000000000, 0.000000000000000000, 1.000000000000000000 ) ) ;
#104 = PLANE ( 'NONE',  #2635 ) ;
#105 = DIRECTION ( 'NONE',  ( 0.000000000000000000, -1.000000000000000000, 0.000000000000000000 ) ) ;
#106 = DIRECTION ( 'NONE',  ( 0.000000000000000000, 0.000000000000000000, 1.000000000000000000 ) ) ;
#107 = EDGE_CURVE ( 'NONE', #3027, #1695, #2640, .T. ) ;
#108 = ORIENTED_EDGE ( 'NONE', *, *, #2804, .T. ) ;
#109 = EDGE_LOOP ( 'NONE', ( #4390, #4734, #4725, #394 ) ) ;
#110 = EDGE_LOOP ( 'NONE', ( #1029, #554, #3698, #3900 ) ) ;
#111 = DIRECTION ( 'NONE',  ( 1.000000000000000000, 0.000000000000000000, 0.000000000000000000 ) ) ;
#112 = DIRECTION ( 'NONE',  ( 2.467162276946890197E-12, -1.000000000000000000, 0.000000000000000000 ) ) ;
#113 = CARTESIAN_POINT ( 'NONE',  ( 0.8580632147027226209, -0.5357714074804330595, 0.007874015748031495954 ) ) ;
#114 = CARTESIAN_POINT ( 'NONE',  ( 0.7525088172572126366, -0.6420706200788995899, 0.08070866141732284393 ) ) ;
#115 = FACE_OUTER_BOUND ( 'NONE', #910, .T. ) ;
#116 = CARTESIAN_POINT ( 'NONE',  ( 0.9879844745452361909, -0.7129367618111791538, -0.2027559055118110243 ) ) ;
#117 = ORIENTED_EDGE ( 'NONE', *, *, #3675, .F. ) ;
#118 = EDGE_LOOP ( 'NONE', ( #1, #4031, #5367, #4812 ) ) ;
#119 = AXIS2_PLACEMENT_3D ( 'NONE', #5506, #2237, #6649 ) ;
#120 = ADVANCED_FACE ( 'NONE', ( #2040 ), #1520, .T. ) ;
#121 = ORIENTED_EDGE ( 'NONE', *, *, #1980, .F. ) ;
#122 = CARTESIAN_POINT ( 'NONE',  ( 1.112111900126696806, -0.5908895177166949564, 0.06496062992125983815 ) ) ;
#123 = PLANE ( 'NONE',  #4997 ) ;
#124 = LINE ( 'NONE', #3885, #231 ) ;
#125 = ADVANCED_FACE ( 'NONE', ( #5852 ), #433, .F. ) ;
#126 = DIRECTION ( 'NONE',  ( 1.000000000000000000, 0.000000000000000000, 0.000000000000000000 ) ) ;
#127 = DIRECTION ( 'NONE',  ( 0.000000000000000000, 0.000000000000000000, -1.000000000000000000 ) ) ;
#128 = DIRECTION ( 'NONE',  ( 0.000000000000000000, 0.000000000000000000, 1.000000000000000000 ) ) ;
#129 = DIRECTION ( 'NONE',  ( 0.000000000000000000, -1.000000000000000000, 0.000000000000000000 ) ) ;
#130 = LINE ( 'NONE', #1847, #5356 ) ;
#131 = VERTEX_POINT ( 'NONE', #6454 ) ;
#132 = EDGE_LOOP ( 'NONE', ( #606, #4106, #75, #1933 ) ) ;
#133 = VECTOR ( 'NONE', #2039, 39.37007874015748143 ) ;
#134 = FACE_OUTER_BOUND ( 'NONE', #3275, .T. ) ;
#135 = DIRECTION ( 'NONE',  ( 0.000000000000000000, 0.000000000000000000, -1.000000000000000000 ) ) ;
#136 = CARTESIAN_POINT ( 'NONE',  ( 1.109634547491489931, -0.4339272322642796498, 0.06102362204723650596 ) ) ;
#137 = CARTESIAN_POINT ( 'NONE',  ( 0.8580632147027226209, -0.5357714074804330595, 0.007874015748031495954 ) ) ;
#138 = EDGE_CURVE ( 'NONE', #2887, #5478, #5472, .T. ) ;
#139 = EDGE_CURVE ( 'NONE', #6848, #1614, #4849, .T. ) ;
#140 = VECTOR ( 'NONE', #5373, 39.37007874015748143 ) ;
#141 = AXIS2_PLACEMENT_3D ( 'NONE', #1963, #3554, #4567 ) ;
#142 = EDGE_LOOP ( 'NONE', ( #4695, #2504, #1073, #6546 ) ) ;
#143 = ORIENTED_EDGE ( 'NONE', *, *, #10, .T. ) ;
#144 = DIRECTION ( 'NONE',  ( 0.000000000000000000, 0.000000000000000000, 1.000000000000000000 ) ) ;
#145 = DIRECTION ( 'NONE',  ( 1.000000000000000000, 0.000000000000000000, 0.000000000000000000 ) ) ;
#146 = PLANE ( 'NONE',  #282 ) ;
#147 = CARTESIAN_POINT ( 'NONE',  ( 0.7596380178525137250, -0.5908895177166516577, 0.007874015748031495954 ) ) ;
#148 = EDGE_CURVE ( 'NONE', #5305, #272, #5276, .T. ) ;
#149 = AXIS2_PLACEMENT_3D ( 'NONE', #5093, #2427, #3017 ) ;
#150 = EDGE_CURVE ( 'NONE', #6278, #2675, #467, .T. ) ;
#151 = DIRECTION ( 'NONE',  ( 1.000000000000000000, 0.000000000000000000, 0.000000000000000000 ) ) ;
#152 = CARTESIAN_POINT ( 'NONE',  ( 0.6996587999997303520, -0.4334092027560654259, 0.06102362204724410405 ) ) ;
#153 = ORIENTED_EDGE ( 'NONE', *, *, #3941, .F. ) ;
#154 = ORIENTED_EDGE ( 'NONE', *, *, #439, .F. ) ;
#155 = AXIS2_PLACEMENT_3D ( 'NONE', #1500, #5362, #1571 ) ;
#156 = DIRECTION ( 'NONE',  ( 2.523234146875315155E-14, -1.000000000000000000, 0.000000000000000000 ) ) ;
#157 = ORIENTED_EDGE ( 'NONE', *, *, #2846, .F. ) ;
#158 = EDGE_CURVE ( 'NONE', #4197, #4565, #502, .T. ) ;
#159 = CARTESIAN_POINT ( 'NONE',  ( 0.9407962188320474484, -0.5298658956692529065, -0.04429133858267716994 ) ) ;
#160 = DIRECTION ( 'NONE',  ( 0.000000000000000000, 0.000000000000000000, -1.000000000000000000 ) ) ;
#161 = CARTESIAN_POINT ( 'NONE',  ( 0.7892214156824094440, -0.4334092027560654259, 0.04527559055118110520 ) ) ;
#162 = AXIS2_PLACEMENT_3D ( 'NONE', #4393, #112, #6663 ) ;
#163 = CARTESIAN_POINT ( 'NONE',  ( 0.9631387385170552262, -0.5495509350395306747, 0.06496062992125983815 ) ) ;
#164 = CYLINDRICAL_SURFACE ( 'NONE', #5812, 0.01574803149606125718 ) ;
#165 = LINE ( 'NONE', #1744, #3881 ) ;
#166 = LINE ( 'NONE', #6259, #682 ) ;
#167 = CARTESIAN_POINT ( 'NONE',  ( 0.7446348015091733830, -0.5908895177166949564, -0.08070866141732284393 ) ) ;
#168 = VECTOR ( 'NONE', #287, 39.37007874015748143 ) ;
#169 = EDGE_CURVE ( 'NONE', #3792, #94, #2602, .T. ) ;
#170 = ORIENTED_EDGE ( 'NONE', *, *, #3905, .T. ) ;
#171 = VECTOR ( 'NONE', #3157, 39.37007874015748143 ) ;
#172 = ORIENTED_EDGE ( 'NONE', *, *, #2591, .F. ) ;
#173 = CARTESIAN_POINT ( 'NONE',  ( 0.8147561280887380963, -0.7877399114174391537, -0.2027559055118110243 ) ) ;
#174 = DIRECTION ( 'NONE',  ( -4.111937128241349667E-14, -1.000000000000000000, 0.000000000000000000 ) ) ;
#175 = CARTESIAN_POINT ( 'NONE',  ( 1.099158993470389811, -0.4336337122174024339, 0.07086614173228347746 ) ) ;
#176 = CARTESIAN_POINT ( 'NONE',  ( 1.107607900217634000, -0.4594564280026795511, -0.06496062992125983815 ) ) ;
#177 = AXIS2_PLACEMENT_3D ( 'NONE', #1914, #4620, #3641 ) ;
#178 = VERTEX_POINT ( 'NONE', #2149 ) ;
#179 = ORIENTED_EDGE ( 'NONE', *, *, #1793, .T. ) ;
#180 = DIRECTION ( 'NONE',  ( 1.000000000000000000, 0.000000000000000000, 0.000000000000000000 ) ) ;
#181 = DIRECTION ( 'NONE',  ( 0.000000000000000000, -1.000000000000000000, 0.000000000000000000 ) ) ;
#182 = MECHANICAL_DESIGN_GEOMETRIC_PRESENTATION_REPRESENTATION (  '', ( #3888 ), #2867 ) ;
#183 = LINE ( 'NONE', #3939, #1068 ) ;
#184 = CARTESIAN_POINT ( 'NONE',  ( 0.9289851952100020016, -0.4904958169290952741, -0.01968503937007873988 ) ) ;
#185 = VECTOR ( 'NONE', #4764, 39.37007874015748143 ) ;
#186 = SURFACE_STYLE_FILL_AREA ( #4992 ) ;
#187 = CARTESIAN_POINT ( 'NONE',  ( -72.67989785495451827, -0.6971887303151181881, -0.007874015748031495954 ) ) ;
#188 = ORIENTED_EDGE ( 'NONE', *, *, #3146, .F. ) ;
#189 = EDGE_CURVE ( 'NONE', #463, #5344, #4330, .T. ) ;
#190 = VERTEX_POINT ( 'NONE', #4296 ) ;
#191 = EDGE_CURVE ( 'NONE', #2030, #281, #1625, .T. ) ;
#192 = AXIS2_PLACEMENT_3D ( 'NONE', #63, #2691, #6440 ) ;
#193 = CARTESIAN_POINT ( 'NONE',  ( 0.9446773879310689237, -0.5908895177166516577, 0.007874015748031495954 ) ) ;
#194 = EDGE_LOOP ( 'NONE', ( #5571, #5201, #3153, #1265 ) ) ;
#195 = LINE ( 'NONE', #5608, #3453 ) ;
#196 = DIRECTION ( 'NONE',  ( 1.000000000000000000, 0.000000000000000000, 0.000000000000000000 ) ) ;
#197 = CYLINDRICAL_SURFACE ( 'NONE', #1328, 0.007874015748039371598 ) ;
#198 = EDGE_CURVE ( 'NONE', #5478, #4220, #4018, .T. ) ;
#199 = B_SPLINE_SURFACE_WITH_KNOTS ( 'NONE', 3, 1, ( 
 ( #3903, #1229 ),
 ( #2836, #4981 ),
 ( #176, #2317 ),
 ( #1923, #3513 ),
 ( #4108, #2025 ) ),
 .UNSPECIFIED., .F., .F., .F.,
 ( 4, 1, 4 ),
 ( 2, 2 ),
 ( 0.000000000000000000, 0.2444525632775255142, 0.5383471144874649728 ),
 ( 0.000000000000000000, 1.000000000000000000 ),
 .UNSPECIFIED. ) ;
#200 = AXIS2_PLACEMENT_3D ( 'NONE', #6814, #5209, #2044 ) ;
#201 = LINE ( 'NONE', #3889, #3853 ) ;
#202 = DIRECTION ( 'NONE',  ( -1.000000000000000000, 0.000000000000000000, 0.000000000000000000 ) ) ;
#203 = DIRECTION ( 'NONE',  ( 1.000000000000000000, 0.000000000000000000, 0.000000000000000000 ) ) ;
#204 = LENGTH_MEASURE_WITH_UNIT ( LENGTH_MEASURE( 0.02539999999999999897 ), #6045 );
#205 = CYLINDRICAL_SURFACE ( 'NONE', #6381, 0.01181102362204724046 ) ;
#206 = ORIENTED_EDGE ( 'NONE', *, *, #191, .T. ) ;
#207 = EDGE_LOOP ( 'NONE', ( #4538, #6426, #2795, #1115 ) ) ;
#208 = DIRECTION ( 'NONE',  ( 1.000000000000000000, -4.111937128241349667E-14, 0.000000000000000000 ) ) ;
#209 = ORIENTED_EDGE ( 'NONE', *, *, #2161, .F. ) ;
#210 = CARTESIAN_POINT ( 'NONE',  ( 1.028099368438311068, -0.6420706200788995899, -0.08070866141732284393 ) ) ;
#211 = CARTESIAN_POINT ( 'NONE',  ( 1.113047599976695112, -0.4462313309207449064, 0.06102362204724410405 ) ) ;
#212 = DIRECTION ( 'NONE',  ( -1.000000000000000000, 0.000000000000000000, 0.000000000000000000 ) ) ;
#213 = VERTEX_POINT ( 'NONE', #2358 ) ;
#214 = EDGE_LOOP ( 'NONE', ( #6604, #4503, #3449, #314 ) ) ;
#215 = CARTESIAN_POINT ( 'NONE',  ( 0.9395166912729547848, -0.4904958169292921721, 0.08070866141732284393 ) ) ;
#216 = FACE_OUTER_BOUND ( 'NONE', #4451, .T. ) ;
#217 = LINE ( 'NONE', #3455, #3756 ) ;
#218 = DIRECTION ( 'NONE',  ( 0.000000000000000000, 0.000000000000000000, -1.000000000000000000 ) ) ;
#219 = CARTESIAN_POINT ( 'NONE',  ( 0.6995929149920452339, -0.4478133729007102160, 0.07086614173228347746 ) ) ;
#220 = VERTEX_POINT ( 'NONE', #609 ) ;
#221 = EDGE_LOOP ( 'NONE', ( #5617, #2495, #6144, #1399, #5637 ) ) ;
#222 = DIRECTION ( 'NONE',  ( -1.000000000000000000, 5.046468293751270233E-14, 0.000000000000000000 ) ) ;
#223 = ORIENTED_EDGE ( 'NONE', *, *, #4705, .F. ) ;
#224 = VERTEX_POINT ( 'NONE', #4949 ) ;
#225 = CARTESIAN_POINT ( 'NONE',  ( 0.8410914944225630352, -0.5495509350395306747, -0.06496062992125983815 ) ) ;
#226 = CARTESIAN_POINT ( 'NONE',  ( 0.7911340808444526917, -0.7877399114174391537, 0.007874015748031495954 ) ) ;
#227 = DIRECTION ( 'NONE',  ( 1.000000000000000000, 0.000000000000000000, 0.000000000000000000 ) ) ;
#228 = ADVANCED_FACE ( 'NONE', ( #1761 ), #4365, .F. ) ;
#229 = ADVANCED_FACE ( 'NONE', ( #3909 ), #1167, .T. ) ;
#230 = EDGE_CURVE ( 'NONE', #6461, #3731, #4989, .T. ) ;
#231 = VECTOR ( 'NONE', #2370, 39.37007874015748143 ) ;
#232 = DIRECTION ( 'NONE',  ( 0.000000000000000000, 0.000000000000000000, 1.000000000000000000 ) ) ;
#233 = LINE ( 'NONE', #3538, #4005 ) ;
#234 = FACE_OUTER_BOUND ( 'NONE', #4685, .T. ) ;
#235 = CARTESIAN_POINT ( 'NONE',  ( 0.9152056676509450206, -0.5298658956692529065, -0.04429133858267716994 ) ) ;
#236 = EDGE_CURVE ( 'NONE', #807, #707, #746, .T. ) ;
#237 = EDGE_CURVE ( 'NONE', #731, #820, #4463, .T. ) ;
#238 = CARTESIAN_POINT ( 'NONE',  ( 0.5963080298556693304, -0.5180548720472071267, 0.01968503937007873988 ) ) ;
#239 = ORIENTED_EDGE ( 'NONE', *, *, #3971, .T. ) ;
#240 = ORIENTED_EDGE ( 'NONE', *, *, #4353, .F. ) ;
#241 = CARTESIAN_POINT ( 'NONE',  ( 0.9879844745452361909, -0.6302595964568091791, 0.007874015748031495954 ) ) ;
#242 = VERTEX_POINT ( 'NONE', #645 ) ;
#243 = CARTESIAN_POINT ( 'NONE',  ( 1.100045699478031880, -0.4367000659814113117, 0.06102362204778120219 ) ) ;
#244 = DIRECTION ( 'NONE',  ( 0.000000000000000000, -1.000000000000000000, 0.000000000000000000 ) ) ;
#245 = EDGE_CURVE ( 'NONE', #5031, #6847, #6525, .T. ) ;
#246 = ORIENTED_EDGE ( 'NONE', *, *, #2381, .T. ) ;
#247 = CIRCLE ( 'NONE', #5636, 0.01181102362204724046 ) ;
#248 = ORIENTED_EDGE ( 'NONE', *, *, #1943, .T. ) ;
#249 = CARTESIAN_POINT ( 'NONE',  ( 1.114080404063698904, -0.4334092027560654259, 0.06102362204724410405 ) ) ;
#250 = CARTESIAN_POINT ( 'NONE',  ( 0.9879844745452361909, -0.6971887303151181881, -0.007874015748031495954 ) ) ;
#251 = EDGE_CURVE ( 'NONE', #2696, #6376, #6021, .T. ) ;
#252 = DIRECTION ( 'NONE',  ( 0.000000000000000000, -1.000000000000000000, 0.000000000000000000 ) ) ;
#253 = CYLINDRICAL_SURFACE ( 'NONE', #4400, 0.01181102362204594289 ) ;
#254 = CARTESIAN_POINT ( 'NONE',  ( 1.059595431430434997, -0.5908895177166949564, 0.08070866141732284393 ) ) ;
#255 = AXIS2_PLACEMENT_3D ( 'NONE', #6126, #3408, #6162 ) ;
#256 = AXIS2_PLACEMENT_3D ( 'NONE', #1519, #5711, #3063 ) ;
#257 = VERTEX_POINT ( 'NONE', #1792 ) ;
#258 = ORIENTED_EDGE ( 'NONE', *, *, #6343, .T. ) ;
#259 = VECTOR ( 'NONE', #3655, 39.37007874015748143 ) ;
#260 = CARTESIAN_POINT ( 'NONE',  ( 0.7754418881233877681, -0.4904958169290952741, 0.03051181102362205202 ) ) ;
#261 = CARTESIAN_POINT ( 'NONE',  ( 0.8410914944225630352, -0.5495509350395306747, 0.08070866141732284393 ) ) ;
#262 = VERTEX_POINT ( 'NONE', #4884 ) ;
#263 = CARTESIAN_POINT ( 'NONE',  ( 0.5963080298556693304, -0.5731729822834260579, -0.01968503937007873988 ) ) ;
#264 = LINE ( 'NONE', #6179, #6824 ) ;
#265 = DIRECTION ( 'NONE',  ( 0.000000000000000000, 1.000000000000000000, 0.000000000000000000 ) ) ;
#266 = AXIS2_PLACEMENT_3D ( 'NONE', #5579, #3359, #1708 ) ;
#267 = DIRECTION ( 'NONE',  ( 0.000000000000000000, 1.000000000000000000, 0.000000000000000000 ) ) ;
#268 = DIRECTION ( 'NONE',  ( 0.000000000000000000, -1.000000000000000000, 0.000000000000000000 ) ) ;
#269 = LINE ( 'NONE', #4550, #2752 ) ;
#270 = PLANE ( 'NONE',  #2246 ) ;
#271 = DIRECTION ( 'NONE',  ( 5.286776307738859121E-14, 1.000000000000000000, 0.000000000000000000 ) ) ;
#272 = VERTEX_POINT ( 'NONE', #2287 ) ;
#273 = ADVANCED_FACE ( 'NONE', ( #1202 ), #1691, .F. ) ;
#274 = EDGE_CURVE ( 'NONE', #5000, #6203, #3266, .T. ) ;
#275 = VERTEX_POINT ( 'NONE', #6629 ) ;
#276 = CARTESIAN_POINT ( 'NONE',  ( 0.7754418881233877681, -0.5534879429133489070, -0.03051181102362205202 ) ) ;
#277 = VERTEX_POINT ( 'NONE', #3835 ) ;
#278 = CARTESIAN_POINT ( 'NONE',  ( 1.111717596736539360, -0.4416317836351984494, 0.06102362204724410405 ) ) ;
#279 = VECTOR ( 'NONE', #1373, 39.37007874015748143 ) ;
#280 = FACE_OUTER_BOUND ( 'NONE', #6397, .T. ) ;
#281 = VERTEX_POINT ( 'NONE', #3938 ) ;
#282 = AXIS2_PLACEMENT_3D ( 'NONE', #1831, #747, #2881 ) ;
#283 = EDGE_CURVE ( 'NONE', #3490, #6689, #3378, .T. ) ;
#284 = ORIENTED_EDGE ( 'NONE', *, *, #5905, .T. ) ;
#285 = DIRECTION ( 'NONE',  ( 0.000000000000000000, -1.000000000000000000, 0.000000000000000000 ) ) ;
#286 = CARTESIAN_POINT ( 'NONE',  ( 0.6887718761201948592, -0.4491572342521267802, 0.08070866141732284393 ) ) ;
#287 = DIRECTION ( 'NONE',  ( 1.000000000000000000, 0.000000000000000000, 0.000000000000000000 ) ) ;
#288 = DIRECTION ( 'NONE',  ( -1.000000000000000000, 4.111937128241349667E-14, 0.000000000000000000 ) ) ;
#289 = VECTOR ( 'NONE', #3290, 39.37007874015748143 ) ;
#290 = CARTESIAN_POINT ( 'NONE',  ( 0.6900268844324035644, -0.4454627080514172999, 0.06102362204724410405 ) ) ;
#291 = ORIENTED_EDGE ( 'NONE', *, *, #541, .F. ) ;
#292 = ORIENTED_EDGE ( 'NONE', *, *, #2709, .T. ) ;
#293 = VECTOR ( 'NONE', #2404, 39.37007874015748143 ) ;
#294 = EDGE_CURVE ( 'NONE', #3263, #3553, #5985, .T. ) ;
#295 = LINE ( 'NONE', #2816, #364 ) ;
#296 = DIRECTION ( 'NONE',  ( 0.000000000000000000, 0.000000000000000000, 1.000000000000000000 ) ) ;
#297 = ORIENTED_EDGE ( 'NONE', *, *, #6610, .F. ) ;
#298 = CARTESIAN_POINT ( 'NONE',  ( 0.6907403800572066155, -0.5908895177166575419, -0.06496062992125983815 ) ) ;
#299 = CARTESIAN_POINT ( 'NONE',  ( 0.9407962188320474484, -0.4491572342519299932, 0.04429133858267716994 ) ) ;
#300 = LINE ( 'NONE', #3600, #5005 ) ;
#301 = VECTOR ( 'NONE', #3170, 39.37007874015748143 ) ;
#302 = ORIENTED_EDGE ( 'NONE', *, *, #6396, .F. ) ;
#303 = VECTOR ( 'NONE', #5957, 39.37007874015748143 ) ;
#304 = CARTESIAN_POINT ( 'NONE',  ( 1.107891913841850595, -0.4491572342520594452, -0.06102362204724411793 ) ) ;
#305 = VECTOR ( 'NONE', #3959, 39.37007874015748143 ) ;
#306 = DIRECTION ( 'NONE',  ( 0.000000000000000000, 0.000000000000000000, 1.000000000000000000 ) ) ;
#307 = LINE ( 'NONE', #6753, #6367 ) ;
#308 = CARTESIAN_POINT ( 'NONE',  ( 0.6887718761201948592, -0.4491572342520047112, 0.06496062992125983815 ) ) ;
#309 = DIRECTION ( 'NONE',  ( -0.000000000000000000, 1.000000000000000000, 0.000000000000000000 ) ) ;
#310 = ORIENTED_EDGE ( 'NONE', *, *, #2284, .F. ) ;
#311 = AXIS2_PLACEMENT_3D ( 'NONE', #5464, #3318, #3388 ) ;
#312 = ORIENTED_EDGE ( 'NONE', *, *, #1131, .T. ) ;
#313 = CARTESIAN_POINT ( 'NONE',  ( 0.7525088172572126366, -0.6499446358269291846, 0.08070866141732284393 ) ) ;
#314 = ORIENTED_EDGE ( 'NONE', *, *, #3766, .F. ) ;
#315 = CARTESIAN_POINT ( 'NONE',  ( 1.113348876449392622, -0.4467655204706110772, 0.06102362204724410405 ) ) ;
#316 = EDGE_CURVE ( 'NONE', #1585, #4050, #967, .T. ) ;
#317 = ADVANCED_FACE ( 'NONE', ( #216 ), #4921, .F. ) ;
#318 = ADVANCED_FACE ( 'NONE', ( #4496 ), #5953, .F. ) ;
#319 = ORIENTED_EDGE ( 'NONE', *, *, #5288, .T. ) ;
#320 = VERTEX_POINT ( 'NONE', #2985 ) ;
#321 = DIRECTION ( 'NONE',  ( -1.000000000000000000, 0.000000000000000000, 0.000000000000000000 ) ) ;
#322 = CARTESIAN_POINT ( 'NONE',  ( 0.6888446802339746045, -0.4491572342521268912, 0.06102362204724411793 ) ) ;
#323 = PLANE ( 'NONE',  #951 ) ;
#324 = DIRECTION ( 'NONE',  ( 0.000000000000000000, 0.000000000000000000, 1.000000000000000000 ) ) ;
#325 = EDGE_CURVE ( 'NONE', #1371, #4382, #4039, .T. ) ;
#326 = VERTEX_POINT ( 'NONE', #6198 ) ;
#327 = ORIENTED_EDGE ( 'NONE', *, *, #6489, .F. ) ;
#328 = CARTESIAN_POINT ( 'NONE',  ( 0.9131813249391299570, -0.7129367618111791538, -0.2027559055118110243 ) ) ;
#329 = DIRECTION ( 'NONE',  ( 1.000000000000000000, 0.000000000000000000, 0.000000000000000000 ) ) ;
#330 = ORIENTED_EDGE ( 'NONE', *, *, #2581, .F. ) ;
#331 = LINE ( 'NONE', #3949, #3109 ) ;
#332 = PLANE ( 'NONE',  #3201 ) ;
#333 = PLANE ( 'NONE',  #4446 ) ;
#334 = EDGE_CURVE ( 'NONE', #4015, #4817, #4532, .T. ) ;
#335 = ORIENTED_EDGE ( 'NONE', *, *, #274, .F. ) ;
#336 = CARTESIAN_POINT ( 'NONE',  ( 1.114080404063698904, -0.4529042132855922165, 0.07677165354330708902 ) ) ;
#337 = DIRECTION ( 'NONE',  ( 1.000000000000000000, 0.000000000000000000, 0.000000000000000000 ) ) ;
#338 = PLANE ( 'NONE',  #65 ) ;
#339 = EDGE_CURVE ( 'NONE', #2105, #5036, #6133, .T. ) ;
#340 = CARTESIAN_POINT ( 'NONE',  ( -72.78106826860452827, -0.4904958169290952741, -0.06003937007874016185 ) ) ;
#341 = DIRECTION ( 'NONE',  ( 1.000000000000000000, 0.000000000000000000, 0.000000000000000000 ) ) ;
#342 = ORIENTED_EDGE ( 'NONE', *, *, #4607, .T. ) ;
#343 = AXIS2_PLACEMENT_3D ( 'NONE', #340, #6220, #5722 ) ;
#344 = ORIENTED_EDGE ( 'NONE', *, *, #3690, .T. ) ;
#345 = DIRECTION ( 'NONE',  ( 0.000000000000000000, 1.000000000000000000, 0.000000000000000000 ) ) ;
#346 = EDGE_LOOP ( 'NONE', ( #6564, #2850, #3374, #3724, #239, #2814, #6501, #5955, #344, #6551 ) ) ;
#347 = CARTESIAN_POINT ( 'NONE',  ( 1.103792911392639686, -0.4496501639177952758, 0.07086614173228347746 ) ) ;
#348 = CARTESIAN_POINT ( 'NONE',  ( 0.6907403800572066155, -0.4686522447816141579, 0.08070866141732284393 ) ) ;
#349 = ORIENTED_EDGE ( 'NONE', *, *, #1008, .F. ) ;
#350 = ORIENTED_EDGE ( 'NONE', *, *, #1253, .T. ) ;
#351 = ADVANCED_FACE ( 'NONE', ( #6768 ), #5597, .T. ) ;
#352 = LINE ( 'NONE', #4670, #1041 ) ;
#353 = EDGE_CURVE ( 'NONE', #1440, #4790, #778, .T. ) ;
#354 = CARTESIAN_POINT ( 'NONE',  ( 0.8647135416666634766, -0.5495509350395306747, 0.08070866141732284393 ) ) ;
#355 = LINE ( 'NONE', #5773, #3542 ) ;
#356 = DIRECTION ( 'NONE',  ( 1.000000000000000000, 7.569702440625950512E-14, 0.000000000000000000 ) ) ;
#357 = EDGE_LOOP ( 'NONE', ( #291, #617, #4855, #240 ) ) ;
#358 = ORIENTED_EDGE ( 'NONE', *, *, #6252, .T. ) ;
#359 = EDGE_CURVE ( 'NONE', #5240, #2435, #3867, .T. ) ;
#360 = EDGE_CURVE ( 'NONE', #5257, #4075, #6702, .T. ) ;
#361 = CARTESIAN_POINT ( 'NONE',  ( 0.7144182660761357884, -0.4491572342519299932, 0.06003937007874016185 ) ) ;
#362 = LINE ( 'NONE', #3526, #2406 ) ;
#363 = VERTEX_POINT ( 'NONE', #4601 ) ;
#364 = VECTOR ( 'NONE', #6744, 39.37007874015748143 ) ;
#365 = CARTESIAN_POINT ( 'NONE',  ( 0.8423151832068446199, -0.5357714074804330595, 0.007874015748031495954 ) ) ;
#366 = CARTESIAN_POINT ( 'NONE',  ( 0.8915836204068524617, -0.4491572342519299932, -0.3543307086614173596 ) ) ;
#367 = LINE ( 'NONE', #5610, #974 ) ;
#368 = VERTEX_POINT ( 'NONE', #6736 ) ;
#369 = VECTOR ( 'NONE', #2733, 39.37007874015748143 ) ;
#370 = VECTOR ( 'NONE', #4032, 39.37007874015748143 ) ;
#371 = EDGE_CURVE ( 'NONE', #4839, #4015, #498, .T. ) ;
#372 = LINE ( 'NONE', #4651, #604 ) ;
#373 = PLANE ( 'NONE',  #3447 ) ;
#374 = DIRECTION ( 'NONE',  ( -1.000000000000000000, 5.286776307738859121E-14, 0.000000000000000000 ) ) ;
#375 = LINE ( 'NONE', #6825, #6300 ) ;
#376 = VECTOR ( 'NONE', #5290, 39.37007874015748854 ) ;
#377 = CARTESIAN_POINT ( 'NONE',  ( 1.113908155680242373, -0.4492070437938189831, -0.07086614173228347746 ) ) ;
#378 = ORIENTED_EDGE ( 'NONE', *, *, #5183, .T. ) ;
#379 = VERTEX_POINT ( 'NONE', #4077 ) ;
#380 = PLANE ( 'NONE',  #5532 ) ;
#381 = ORIENTED_EDGE ( 'NONE', *, *, #6772, .T. ) ;
#382 = FACE_OUTER_BOUND ( 'NONE', #5557, .T. ) ;
#383 = CARTESIAN_POINT ( 'NONE',  ( 0.6730238446241337824, -0.4491572342520874228, 0.08070866141732284393 ) ) ;
#384 = PRODUCT_DEFINITION ( 'UNKNOWN', '', #2108, #3214 ) ;
#385 = VERTEX_POINT ( 'NONE', #809 ) ;
#386 = AXIS2_PLACEMENT_3D ( 'NONE', #3306, #1725, #145 ) ;
#387 = ORIENTED_EDGE ( 'NONE', *, *, #6466, .T. ) ;
#388 = CARTESIAN_POINT ( 'NONE',  ( 0.7636308645013326624, -0.4491572342519299932, 0.04429133858267716994 ) ) ;
#389 = CARTESIAN_POINT ( 'NONE',  ( 1.051721415682403515, -0.6499446358269685975, 0.08070866141732284393 ) ) ;
#390 = LINE ( 'NONE', #6274, #506 ) ;
#391 = DIRECTION ( 'NONE',  ( 0.000000000000000000, 0.000000000000000000, -1.000000000000000000 ) ) ;
#392 = AXIS2_PLACEMENT_3D ( 'NONE', #1965, #6805, #4148 ) ;
#393 = ORIENTED_EDGE ( 'NONE', *, *, #510, .T. ) ;
#394 = ORIENTED_EDGE ( 'NONE', *, *, #6793, .T. ) ;
#395 = CARTESIAN_POINT ( 'NONE',  ( 0.6415277816318543103, -0.6302595964568091791, 0.007874015748031495954 ) ) ;
#396 = ORIENTED_EDGE ( 'NONE', *, *, #1528, .F. ) ;
#397 = VECTOR ( 'NONE', #1642, 39.37007874015748143 ) ;
#398 = ORIENTED_EDGE ( 'NONE', *, *, #1667, .T. ) ;
#399 = CARTESIAN_POINT ( 'NONE',  ( 0.9131813249389370002, -0.6302595964568091791, -0.007874015748031495954 ) ) ;
#400 = DIRECTION ( 'NONE',  ( 1.000000000000000000, -1.850371707708115196E-13, 0.000000000000000000 ) ) ;
#401 = DIRECTION ( 'NONE',  ( 0.000000000000000000, 0.000000000000000000, 1.000000000000000000 ) ) ;
#402 = ADVANCED_FACE ( 'NONE', ( #2392 ), #1862, .T. ) ;
#403 = EDGE_CURVE ( 'NONE', #2713, #4881, #1896, .T. ) ;
#404 = VERTEX_POINT ( 'NONE', #1340 ) ;
#405 = CIRCLE ( 'NONE', #5908, 0.01181102362204724046 ) ;
#406 =( BOUNDED_CURVE ( )  B_SPLINE_CURVE ( 3, ( #3133, #3028, #4158, #3704 ),
 .UNSPECIFIED., .F., .T. ) 
 B_SPLINE_CURVE_WITH_KNOTS ( ( 4, 4 ),
 ( 1.570796326794045017, 3.141592653589795336 ),
 .UNSPECIFIED. ) 
 CURVE ( )  GEOMETRIC_REPRESENTATION_ITEM ( )  RATIONAL_B_SPLINE_CURVE ( ( 1.000000000000000000, 0.8047378541241639871, 0.8047378541241639871, 1.000000000000000000 ) ) 
 REPRESENTATION_ITEM ( '' )  );
#407 = DIRECTION ( 'NONE',  ( -1.000000000000000000, 0.000000000000000000, 0.000000000000000000 ) ) ;
#408 = CARTESIAN_POINT ( 'NONE',  ( 0.7525088172572126366, -0.6420706200788995899, 0.08070866141732284393 ) ) ;
#409 = DIRECTION ( 'NONE',  ( 4.111937128241349667E-14, 1.000000000000000000, 0.000000000000000000 ) ) ;
#410 = VECTOR ( 'NONE', #1558, 39.37007874015748143 ) ;
#411 = PLANE ( 'NONE',  #2579 ) ;
#412 = AXIS2_PLACEMENT_3D ( 'NONE', #6249, #926, #6211 ) ;
#413 = LINE ( 'NONE', #1363, #3897 ) ;
#414 = ADVANCED_FACE ( 'NONE', ( #3518 ), #1305, .T. ) ;
#415 = EDGE_CURVE ( 'NONE', #2047, #379, #2489, .T. ) ;
#416 = VERTEX_POINT ( 'NONE', #846 ) ;
#417 = AXIS2_PLACEMENT_3D ( 'NONE', #4417, #6577, #1747 ) ;
#418 = DIRECTION ( 'NONE',  ( 0.000000000000000000, 0.000000000000000000, 1.000000000000000000 ) ) ;
#419 = ORIENTED_EDGE ( 'NONE', *, *, #4862, .F. ) ;
#420 = LINE ( 'NONE', #5125, #1745 ) ;
#421 = CARTESIAN_POINT ( 'NONE',  ( 0.6932201179309996908, -0.4339189837859880328, 0.06102362204724389588 ) ) ;
#422 = VECTOR ( 'NONE', #4086, 39.37007874015748143 ) ;
#423 = VERTEX_POINT ( 'NONE', #5132 ) ;
#424 = ORIENTED_EDGE ( 'NONE', *, *, #283, .F. ) ;
#425 = CARTESIAN_POINT ( 'NONE',  ( 0.8089064550524862618, -0.4491572342519653538, -0.04527559055118110520 ) ) ;
#426 = LINE ( 'NONE', #2109, #1848 ) ;
#427 = DIRECTION ( 'NONE',  ( 0.000000000000000000, -1.000000000000000000, 0.000000000000000000 ) ) ;
#428 = CARTESIAN_POINT ( 'NONE',  ( 0.7144182660761357884, -0.5731729822834260579, 0.06003937007874016185 ) ) ;
#429 = ORIENTED_EDGE ( 'NONE', *, *, #3747, .F. ) ;
#430 = ORIENTED_EDGE ( 'NONE', *, *, #5030, .T. ) ;
#431 = ORIENTED_EDGE ( 'NONE', *, *, #4772, .F. ) ;
#432 = LINE ( 'NONE', #4679, #2265 ) ;
#433 = PLANE ( 'NONE',  #6233 ) ;
#434 = EDGE_LOOP ( 'NONE', ( #4135, #6497, #5213, #2991 ) ) ;
#435 = DIRECTION ( 'NONE',  ( 0.000000000000000000, 0.000000000000000000, -1.000000000000000000 ) ) ;
#436 = DIRECTION ( 'NONE',  ( 0.000000000000000000, 0.000000000000000000, -1.000000000000000000 ) ) ;
#437 = DIRECTION ( 'NONE',  ( 0.000000000000000000, 0.000000000000000000, -1.000000000000000000 ) ) ;
#438 = ORIENTED_EDGE ( 'NONE', *, *, #3693, .T. ) ;
#439 = EDGE_CURVE ( 'NONE', #4050, #4958, #5156, .T. ) ;
#440 = FACE_OUTER_BOUND ( 'NONE', #4186, .T. ) ;
#441 = CARTESIAN_POINT ( 'NONE',  ( 0.6888446802339746045, -0.4491572342521268912, 0.06102362204724411793 ) ) ;
#442 = PLANE ( 'NONE',  #6727 ) ;
#443 = CARTESIAN_POINT ( 'NONE',  ( 0.6730238446241337824, -0.4491572342520874228, -0.06102362204724410405 ) ) ;
#444 = CARTESIAN_POINT ( 'NONE',  ( 0.7557568487533014023, -0.5731729822834260579, 0.03051181102362205202 ) ) ;
#445 = B_SPLINE_CURVE_WITH_KNOTS ( 'NONE', 3,
 ( #4351, #2171, #523, #4316 ),
 .UNSPECIFIED., .F., .F.,
 ( 4, 4 ),
 ( 0.000000000000000000, 0.0002376389634434393982 ),
 .UNSPECIFIED. ) ;
#446 = ORIENTED_EDGE ( 'NONE', *, *, #3790, .T. ) ;
#447 = EDGE_CURVE ( 'NONE', #1622, #6847, #3018, .T. ) ;
#448 = LINE ( 'NONE', #5899, #4522 ) ;
#449 = EDGE_CURVE ( 'NONE', #4596, #3765, #1830, .T. ) ;
#450 = ORIENTED_EDGE ( 'NONE', *, *, #2124, .T. ) ;
#451 = CARTESIAN_POINT ( 'NONE',  ( 0.9289851952100020016, -0.4904958169290952741, -0.03051181102362205202 ) ) ;
#452 = CARTESIAN_POINT ( 'NONE',  ( 0.6907403800572066155, -0.5908895177166575419, 0.08070866141732284393 ) ) ;
#453 = CARTESIAN_POINT ( 'NONE',  ( 0.6899600265510877906, -0.4454433745728511584, 0.06102362204724390282 ) ) ;
#454 =( GEOMETRIC_REPRESENTATION_CONTEXT ( 3 ) GLOBAL_UNCERTAINTY_ASSIGNED_CONTEXT ( ( #5688 ) ) GLOBAL_UNIT_ASSIGNED_CONTEXT ( ( #4416, #3857, #97 ) ) REPRESENTATION_CONTEXT ( 'NONE', 'WORKASPACE' ) );
#455 = ORIENTED_EDGE ( 'NONE', *, *, #5846, .F. ) ;
#456 = VERTEX_POINT ( 'NONE', #3656 ) ;
#457 = DIRECTION ( 'NONE',  ( -1.000000000000000000, 0.000000000000000000, 0.000000000000000000 ) ) ;
#458 = LINE ( 'NONE', #6977, #5670 ) ;
#459 = CARTESIAN_POINT ( 'NONE',  ( 0.6887718761201948592, -0.4491572342521267802, -0.06496062992125983815 ) ) ;
#460 = LINE ( 'NONE', #428, #3056 ) ;
#461 = EDGE_CURVE ( 'NONE', #2013, #1190, #3089, .T. ) ;
#462 = ORIENTED_EDGE ( 'NONE', *, *, #5802, .T. ) ;
#463 = VERTEX_POINT ( 'NONE', #2067 ) ;
#464 = EDGE_CURVE ( 'NONE', #5519, #1224, #3695, .T. ) ;
#465 = ORIENTED_EDGE ( 'NONE', *, *, #5228, .F. ) ;
#466 = CARTESIAN_POINT ( 'NONE',  ( 1.028099368438311068, -0.6499446358269291846, -0.06496062992125983815 ) ) ;
#467 = LINE ( 'NONE', #3200, #2292 ) ;
#468 = VERTEX_POINT ( 'NONE', #6908 ) ;
#469 = CARTESIAN_POINT ( 'NONE',  ( 1.058850616277521750, -0.5908895177166516577, -0.07874015748031495954 ) ) ;
#470 = CARTESIAN_POINT ( 'NONE',  ( 1.113059716735551152, -0.4465829284441771851, 0.06102362204724410405 ) ) ;
#471 = CARTESIAN_POINT ( 'NONE',  ( 0.6992043068859487009, -0.4491572342521267802, -0.06496062992125983815 ) ) ;
#472 = EDGE_LOOP ( 'NONE', ( #3810, #6563, #4468, #2310 ) ) ;
#473 = AXIS2_PLACEMENT_3D ( 'NONE', #3486, #3416, #1832 ) ;
#474 = CARTESIAN_POINT ( 'NONE',  ( 0.9781977936351987646, -0.5849840059054763897, 0.06003937007874016185 ) ) ;
#475 = FACE_OUTER_BOUND ( 'NONE', #5983, .T. ) ;
#476 = LINE ( 'NONE', #2613, #1432 ) ;
#477 = LINE ( 'NONE', #4308, #3994 ) ;
#478 = CARTESIAN_POINT ( 'NONE',  ( 0.6887718761201948592, -0.4529042132855922165, 0.07677165354330708902 ) ) ;
#479 = VECTOR ( 'NONE', #3871, 39.37007874015748143 ) ;
#480 = PRESENTATION_LAYER_ASSIGNMENT (  '', '', ( #5651 ) ) ;
#481 = CIRCLE ( 'NONE', #3514, 0.007874015748021887320 ) ;
#482 = DIRECTION ( 'NONE',  ( 1.000000000000000000, 0.000000000000000000, 0.000000000000000000 ) ) ;
#483 = VERTEX_POINT ( 'NONE', #4147 ) ;
#484 = CARTESIAN_POINT ( 'NONE',  ( 0.9631387385170552262, -0.5495509350395306747, 0.08070866141732284393 ) ) ;
#485 = DIRECTION ( 'NONE',  ( 0.000000000000000000, 1.000000000000000000, 0.000000000000000000 ) ) ;
#486 = CARTESIAN_POINT ( 'NONE',  ( 0.6892112758423351027, -0.4477144378036816974, 0.06102362204724410405 ) ) ;
#487 = ADVANCED_FACE ( 'NONE', ( #5809 ), #528, .T. ) ;
#488 = EDGE_CURVE ( 'NONE', #1437, #5295, #4216, .T. ) ;
#489 = VECTOR ( 'NONE', #3035, 39.37007874015748143 ) ;
#490 = ORIENTED_EDGE ( 'NONE', *, *, #2468, .T. ) ;
#491 = ORIENTED_EDGE ( 'NONE', *, *, #2793, .F. ) ;
#492 = CARTESIAN_POINT ( 'NONE',  ( 0.7557568487533014023, -0.5731729822834260579, 0.01968503937007873988 ) ) ;
#493 = CARTESIAN_POINT ( 'NONE',  ( 1.112111900126696806, -0.4686522447816535153, -0.08070866141732284393 ) ) ;
#494 = DIRECTION ( 'NONE',  ( 0.000000000000000000, 0.000000000000000000, 1.000000000000000000 ) ) ;
#495 = DIRECTION ( 'NONE',  ( 0.000000000000000000, 0.000000000000000000, 1.000000000000000000 ) ) ;
#496 = EDGE_CURVE ( 'NONE', #66, #2166, #4769, .T. ) ;
#497 = VERTEX_POINT ( 'NONE', #5881 ) ;
#498 = CIRCLE ( 'NONE', #6355, 0.01574803149606299538 ) ;
#499 = ORIENTED_EDGE ( 'NONE', *, *, #2027, .F. ) ;
#500 = VERTEX_POINT ( 'NONE', #4702 ) ;
#501 = DIRECTION ( 'NONE',  ( 0.000000000000000000, 0.000000000000000000, 1.000000000000000000 ) ) ;
#502 = LINE ( 'NONE', #41, #3753 ) ;
#503 = ORIENTED_EDGE ( 'NONE', *, *, #1577, .F. ) ;
#504 = DIRECTION ( 'NONE',  ( 1.000000000000000000, 0.000000000000000000, 0.000000000000000000 ) ) ;
#505 = DIRECTION ( 'NONE',  ( 0.000000000000000000, -1.000000000000000000, 0.000000000000000000 ) ) ;
#506 = VECTOR ( 'NONE', #5738, 39.37007874015748143 ) ;
#507 = CARTESIAN_POINT ( 'NONE',  ( 0.9395166912729547848, -0.5495509350395306747, 0.08070866141732284393 ) ) ;
#508 = B_SPLINE_CURVE_WITH_KNOTS ( 'NONE', 3,
 ( #5444, #1583, #4359, #6483 ),
 .UNSPECIFIED., .F., .F.,
 ( 4, 4 ),
 ( 9.140795285775094282E-18, 0.0001630335979958432552 ),
 .UNSPECIFIED. ) ;
#509 = ORIENTED_EDGE ( 'NONE', *, *, #5779, .T. ) ;
#510 = EDGE_CURVE ( 'NONE', #5555, #1834, #6339, .T. ) ;
#511 = VECTOR ( 'NONE', #6842, 39.37007874015748143 ) ;
#512 = ORIENTED_EDGE ( 'NONE', *, *, #5802, .F. ) ;
#513 = LINE ( 'NONE', #3872, #3524 ) ;
#514 = CARTESIAN_POINT ( 'NONE',  ( 0.9395166912729547848, -0.5495509350395306747, -0.06496062992125983815 ) ) ;
#515 = CARTESIAN_POINT ( 'NONE',  ( 1.020225352690281584, -0.6420706200788995899, -0.08070866141732284393 ) ) ;
#516 = CARTESIAN_POINT ( 'NONE',  ( 1.058850616277521750, -1.063330462598543358, 0.06299212598425196763 ) ) ;
#517 = VECTOR ( 'NONE', #4287, 39.37007874015748143 ) ;
#518 = AXIS2_PLACEMENT_3D ( 'NONE', #366, #5609, #5107 ) ;
#519 = CARTESIAN_POINT ( 'NONE',  ( 0.9013703013170828449, -0.7877399114174391537, -0.07874015748031495954 ) ) ;
#520 = ORIENTED_EDGE ( 'NONE', *, *, #6060, .F. ) ;
#521 = CARTESIAN_POINT ( 'NONE',  ( 1.051721415682403515, -0.6499446358269685975, -0.08070866141732284393 ) ) ;
#522 = DIRECTION ( 'NONE',  ( 1.000000000000000000, -8.110221191910629847E-14, 0.000000000000000000 ) ) ;
#523 = CARTESIAN_POINT ( 'NONE',  ( 0.6997614644725627109, -0.4334092027560613181, 0.06246605096961389825 ) ) ;
#524 = ORIENTED_EDGE ( 'NONE', *, *, #5032, .T. ) ;
#525 = VECTOR ( 'NONE', #1172, 39.37007874015748143 ) ;
#526 = EDGE_LOOP ( 'NONE', ( #1408, #4259, #6196, #83, #4624 ) ) ;
#527 = DIRECTION ( 'NONE',  ( -1.000000000000000000, 2.523234146875349864E-14, 0.000000000000000000 ) ) ;
#528 = PLANE ( 'NONE',  #6695 ) ;
#529 = DIRECTION ( 'NONE',  ( 0.000000000000000000, 0.000000000000000000, -1.000000000000000000 ) ) ;
#530 = DIRECTION ( 'NONE',  ( -0.000000000000000000, 1.000000000000000000, 0.000000000000000000 ) ) ;
#531 = EDGE_CURVE ( 'NONE', #2166, #1016, #840, .T. ) ;
#532 = EDGE_CURVE ( 'NONE', #6188, #2047, #458, .T. ) ;
#533 = EDGE_CURVE ( 'NONE', #668, #2890, #1510, .T. ) ;
#534 = VECTOR ( 'NONE', #2377, 39.37007874015748143 ) ;
#535 = ORIENTED_EDGE ( 'NONE', *, *, #3921, .F. ) ;
#536 = ORIENTED_EDGE ( 'NONE', *, *, #1300, .F. ) ;
#537 = VECTOR ( 'NONE', #6852, 39.37007874015748143 ) ;
#538 = ORIENTED_EDGE ( 'NONE', *, *, #3747, .T. ) ;
#539 = CARTESIAN_POINT ( 'NONE',  ( 0.9900088172572442113, -0.5731729822834260579, 0.03051181102362205202 ) ) ;
#540 = CARTESIAN_POINT ( 'NONE',  ( 0.7034258868868761283, -0.4345584183326400840, -0.07086614173227666347 ) ) ;
#541 = EDGE_CURVE ( 'NONE', #820, #5363, #1056, .T. ) ;
#542 = VERTEX_POINT ( 'NONE', #5233 ) ;
#543 = LINE ( 'NONE', #5457, #1306 ) ;
#544 = CARTESIAN_POINT ( 'NONE',  ( 0.6907403800572066155, -0.4686522447816141579, -0.06496062992125983815 ) ) ;
#545 = VERTEX_POINT ( 'NONE', #2594 ) ;
#546 = VERTEX_POINT ( 'NONE', #493 ) ;
#547 = FACE_OUTER_BOUND ( 'NONE', #4963, .T. ) ;
#548 = CARTESIAN_POINT ( 'NONE',  ( 0.8147561280885452506, -0.6302595964568091791, 0.07874015748031495954 ) ) ;
#549 = DIRECTION ( 'NONE',  ( 1.000000000000000000, 0.000000000000000000, 0.000000000000000000 ) ) ;
#550 = EDGE_CURVE ( 'NONE', #64, #4839, #426, .T. ) ;
#551 = UNCERTAINTY_MEASURE_WITH_UNIT (LENGTH_MEASURE( 1.000000000000000082E-05 ), #3203, 'distance_accuracy_value', 'NONE');
#552 = EDGE_CURVE ( 'NONE', #2398, #2887, #5371, .T. ) ;
#553 = DIRECTION ( 'NONE',  ( -1.000000000000000000, 0.000000000000000000, 0.000000000000000000 ) ) ;
#554 = ORIENTED_EDGE ( 'NONE', *, *, #4406, .T. ) ;
#555 = DIRECTION ( 'NONE',  ( 0.000000000000000000, 0.000000000000000000, -1.000000000000000000 ) ) ;
#556 = CARTESIAN_POINT ( 'NONE',  ( 0.7892214156824370885, -0.5101808562992157237, -0.04429133858267716994 ) ) ;
#557 = B_SPLINE_CURVE_WITH_KNOTS ( 'NONE', 3,
 ( #2490, #2000, #949, #2033, #2561 ),
 .UNSPECIFIED., .F., .F.,
 ( 4, 1, 4 ),
 ( 0.000000000000000000, 0.2444525632775255142, 0.5383471374228910866 ),
 .UNSPECIFIED. ) ;
#558 = CARTESIAN_POINT ( 'NONE',  ( 0.6888052558036654727, -0.4492639301417740150, 0.06102362204724410405 ) ) ;
#559 = ORIENTED_EDGE ( 'NONE', *, *, #3673, .F. ) ;
#560 = ORIENTED_EDGE ( 'NONE', *, *, #4564, .T. ) ;
#561 = CARTESIAN_POINT ( 'NONE',  ( 1.114080404063698904, -0.4491572342521267802, -0.06102362204724410405 ) ) ;
#562 = EDGE_LOOP ( 'NONE', ( #6747, #6834, #1996, #3637 ) ) ;
#563 = FACE_OUTER_BOUND ( 'NONE', #3967, .T. ) ;
#564 = CARTESIAN_POINT ( 'NONE',  ( 0.7911340808444526917, -0.7877399114174391537, -0.007874015748031495954 ) ) ;
#565 = CARTESIAN_POINT ( 'NONE',  ( 0.6887718761201948592, -0.4491572342521267802, 0.06102362204724410405 ) ) ;
#566 = VECTOR ( 'NONE', #4756, 39.37007874015748143 ) ;
#567 = ORIENTED_EDGE ( 'NONE', *, *, #3195, .T. ) ;
#568 = EDGE_CURVE ( 'NONE', #6802, #5573, #2665, .T. ) ;
#569 = VERTEX_POINT ( 'NONE', #2142 ) ;
#570 = EDGE_CURVE ( 'NONE', #3087, #2037, #4286, .T. ) ;
#571 = VERTEX_POINT ( 'NONE', #3759 ) ;
#572 = VECTOR ( 'NONE', #218, 39.37007874015748143 ) ;
#573 = DIRECTION ( 'NONE',  ( 0.000000000000000000, 0.000000000000000000, 1.000000000000000000 ) ) ;
#574 = CARTESIAN_POINT ( 'NONE',  ( 1.020225352690281584, -0.5908895177166575419, 0.08070866141732284393 ) ) ;
#575 = EDGE_LOOP ( 'NONE', ( #2817, #4887, #1087, #4145 ) ) ;
#576 = DIRECTION ( 'NONE',  ( 0.000000000000000000, 0.000000000000000000, 1.000000000000000000 ) ) ;
#577 = CARTESIAN_POINT ( 'NONE',  ( 0.6907403800572066155, -0.4686522447816141579, 0.08070866141732284393 ) ) ;
#578 = LINE ( 'NONE', #1273, #3559 ) ;
#579 = ORIENTED_EDGE ( 'NONE', *, *, #550, .T. ) ;
#580 = EDGE_CURVE ( 'NONE', #3047, #4472, #3619, .T. ) ;
#581 = ORIENTED_EDGE ( 'NONE', *, *, #6643, .T. ) ;
#582 = ADVANCED_FACE ( 'NONE', ( #563 ), #2697, .T. ) ;
#583 = ORIENTED_EDGE ( 'NONE', *, *, #3535, .F. ) ;
#584 = LINE ( 'NONE', #5930, #6498 ) ;
#585 = FACE_OUTER_BOUND ( 'NONE', #4085, .T. ) ;
#586 = DIRECTION ( 'NONE',  ( 0.000000000000000000, -1.000000000000000000, 0.000000000000000000 ) ) ;
#587 = ADVANCED_FACE ( 'NONE', ( #4180 ), #4840, .T. ) ;
#588 = DIRECTION ( 'NONE',  ( 0.000000000000000000, 0.000000000000000000, 1.000000000000000000 ) ) ;
#589 = ORIENTED_EDGE ( 'NONE', *, *, #3113, .T. ) ;
#590 = PLANE ( 'NONE',  #79 ) ;
#591 = LINE ( 'NONE', #5871, #6932 ) ;
#592 = CARTESIAN_POINT ( 'NONE',  ( 1.099365738687328786, -0.4343486661829126239, 0.06496062992125983815 ) ) ;
#593 = VECTOR ( 'NONE', #156, 39.37007874015748143 ) ;
#594 = CARTESIAN_POINT ( 'NONE',  ( 0.6986864603613780478, -0.4508614808183535883, 0.06102362204724390976 ) ) ;
#595 = ORIENTED_EDGE ( 'NONE', *, *, #6055, .T. ) ;
#596 = VECTOR ( 'NONE', #391, 39.37007874015748143 ) ;
#597 = VECTOR ( 'NONE', #2984, 39.37007874015748143 ) ;
#598 = ORIENTED_EDGE ( 'NONE', *, *, #5863, .T. ) ;
#599 = EDGE_CURVE ( 'NONE', #611, #3777, #1259, .T. ) ;
#600 = LINE ( 'NONE', #2141, #929 ) ;
#601 = DIRECTION ( 'NONE',  ( 0.000000000000000000, -1.000000000000000000, 0.000000000000000000 ) ) ;
#602 = LINE ( 'NONE', #2769, #2188 ) ;
#603 = CARTESIAN_POINT ( 'NONE',  ( 0.7030431081147550110, -0.4334092027560720317, -0.06666936145372373557 ) ) ;
#604 = VECTOR ( 'NONE', #267, 39.37007874015748143 ) ;
#605 = ORIENTED_EDGE ( 'NONE', *, *, #3663, .F. ) ;
#606 = ORIENTED_EDGE ( 'NONE', *, *, #1857, .F. ) ;
#607 = ORIENTED_EDGE ( 'NONE', *, *, #4014, .T. ) ;
#608 = DIRECTION ( 'NONE',  ( -1.000000000000000000, 0.000000000000000000, 0.000000000000000000 ) ) ;
#609 = CARTESIAN_POINT ( 'NONE',  ( 0.8089064550524862618, -0.4334092027560654259, -0.04527559055118110520 ) ) ;
#610 = CARTESIAN_POINT ( 'NONE',  ( 0.9604254194271298894, -0.5908895177166516577, -0.007874015748031495954 ) ) ;
#611 = VERTEX_POINT ( 'NONE', #6585 ) ;
#612 = DIRECTION ( 'NONE',  ( 0.000000000000000000, 0.000000000000000000, 1.000000000000000000 ) ) ;
#613 = DIRECTION ( 'NONE',  ( 0.000000000000000000, 0.000000000000000000, 1.000000000000000000 ) ) ;
#614 = AXIS2_PLACEMENT_3D ( 'NONE', #6313, #1451, #1904 ) ;
#615 = EDGE_LOOP ( 'NONE', ( #1901, #1046, #2597, #6318 ) ) ;
#616 = ORIENTED_EDGE ( 'NONE', *, *, #2982, .T. ) ;
#617 = ORIENTED_EDGE ( 'NONE', *, *, #6467, .T. ) ;
#618 = CARTESIAN_POINT ( 'NONE',  ( 0.9013703013170828449, -0.7877399114174391537, -0.07874015748031495954 ) ) ;
#619 = CARTESIAN_POINT ( 'NONE',  ( 0.7761308645013051954, -0.6420706200788995899, -0.08070866141732284393 ) ) ;
#620 = LINE ( 'NONE', #1144, #1240 ) ;
#621 = EDGE_CURVE ( 'NONE', #6427, #3805, #5943, .T. ) ;
#622 = EDGE_CURVE ( 'NONE', #3094, #5886, #1193, .T. ) ;
#623 = AXIS2_PLACEMENT_3D ( 'NONE', #700, #3901, #6516 ) ;
#624 = DIRECTION ( 'NONE',  ( -1.000000000000000000, 4.111937128241349667E-14, 0.000000000000000000 ) ) ;
#625 = EDGE_LOOP ( 'NONE', ( #3740, #4247, #3515, #5712 ) ) ;
#626 = DIRECTION ( 'NONE',  ( 1.000000000000000000, 0.000000000000000000, 0.000000000000000000 ) ) ;
#627 = LINE ( 'NONE', #6508, #4438 ) ;
#628 = AXIS2_PLACEMENT_3D ( 'NONE', #6517, #1683, #105 ) ;
#629 = EDGE_CURVE ( 'NONE', #2629, #1768, #2379, .T. ) ;
#630 = CARTESIAN_POINT ( 'NONE',  ( 0.6953288815396890810, -0.4590917141166149240, 0.08070866141732284393 ) ) ;
#631 = ORIENTED_EDGE ( 'NONE', *, *, #2708, .F. ) ;
#632 = AXIS2_PLACEMENT_3D ( 'NONE', #3111, #5253, #2577 ) ;
#633 = VERTEX_POINT ( 'NONE', #1651 ) ;
#634 = CARTESIAN_POINT ( 'NONE',  ( 0.6887718761201948592, -0.4334092027560654259, 0.08070866141732284393 ) ) ;
#635 = CARTESIAN_POINT ( 'NONE',  ( -72.67989785495451827, -0.7129367618111791538, -0.07874015748031495954 ) ) ;
#636 = DIRECTION ( 'NONE',  ( -0.000000000000000000, 1.000000000000000000, 0.000000000000000000 ) ) ;
#637 = LINE ( 'NONE', #5340, #3735 ) ;
#638 = COLOUR_RGB ( '',0.7921568627450980005, 0.8196078431372548767, 0.9333333333333333481 ) ;
#639 = AXIS2_PLACEMENT_3D ( 'NONE', #187, #6496, #6633 ) ;
#640 = EDGE_LOOP ( 'NONE', ( #6543, #770, #2493, #4658 ) ) ;
#641 = ORIENTED_EDGE ( 'NONE', *, *, #5127, .T. ) ;
#642 = ORIENTED_EDGE ( 'NONE', *, *, #2372, .F. ) ;
#643 = CARTESIAN_POINT ( 'NONE',  ( 0.6907403800572066155, -0.4686522447816141579, 0.06496062992125983815 ) ) ;
#644 = VECTOR ( 'NONE', #798, 39.37007874015748143 ) ;
#645 = CARTESIAN_POINT ( 'NONE',  ( 1.011606521789328639, -0.6971887303151181881, -0.2027559055118110243 ) ) ;
#646 = CARTESIAN_POINT ( 'NONE',  ( 0.9604254194271298894, -0.5357714074804330595, 0.007874015748031495954 ) ) ;
#647 = CARTESIAN_POINT ( 'NONE',  ( 0.9939458251312244252, -0.4491572342517292094, -0.04527559055118110520 ) ) ;
#648 = FACE_OUTER_BOUND ( 'NONE', #6263, .T. ) ;
#649 = DIRECTION ( 'NONE',  ( 0.000000000000000000, 0.000000000000000000, 1.000000000000000000 ) ) ;
#650 = EDGE_LOOP ( 'NONE', ( #2313, #3332, #4707, #5657 ) ) ;
#651 = VECTOR ( 'NONE', #3711, 39.37007874015748143 ) ;
#652 = ORIENTED_EDGE ( 'NONE', *, *, #6520, .F. ) ;
#653 = ORIENTED_EDGE ( 'NONE', *, *, #5770, .T. ) ;
#654 = CARTESIAN_POINT ( 'NONE',  ( 0.7020591299595649870, -0.4392848555392920851, 0.08070866141732284393 ) ) ;
#655 = CARTESIAN_POINT ( 'NONE',  ( 0.8647135416666634766, -0.4904958169292921721, 0.08070866141732284393 ) ) ;
#656 = FACE_OUTER_BOUND ( 'NONE', #3295, .T. ) ;
#657 = EDGE_CURVE ( 'NONE', #1553, #6915, #3297, .T. ) ;
#658 = EDGE_CURVE ( 'NONE', #88, #190, #3406, .T. ) ;
#659 = DIRECTION ( 'NONE',  ( -1.000000000000000000, 4.111937128241349667E-14, 0.000000000000000000 ) ) ;
#660 = CARTESIAN_POINT ( 'NONE',  ( 0.7636308645013326624, -0.5849840059054763897, -0.04429133858267716994 ) ) ;
#661 = PLANE ( 'NONE',  #1407 ) ;
#662 = CARTESIAN_POINT ( 'NONE',  ( 1.058850616277521750, -0.5908895177166516577, 0.07874015748031495954 ) ) ;
#663 = DIRECTION ( 'NONE',  ( 0.000000000000000000, 1.000000000000000000, 0.000000000000000000 ) ) ;
#664 = ORIENTED_EDGE ( 'NONE', *, *, #3941, .T. ) ;
#665 = EDGE_CURVE ( 'NONE', #5319, #224, #4422, .T. ) ;
#666 = ORIENTED_EDGE ( 'NONE', *, *, #3387, .F. ) ;
#667 = CARTESIAN_POINT ( 'NONE',  ( 0.7596380178525137250, -0.5357714074804330595, -0.007874015748031495954 ) ) ;
#668 = VERTEX_POINT ( 'NONE', #1123 ) ;
#669 = CARTESIAN_POINT ( 'NONE',  ( 1.103647973359628942, -0.4491572342516052530, 0.07086614173228347746 ) ) ;
#670 = CARTESIAN_POINT ( 'NONE',  ( 1.113114515239329361, -0.4462121954410508406, 0.06102362204724425671 ) ) ;
#671 = FACE_BOUND ( 'NONE', #2694, .T. ) ;
#672 = ORIENTED_EDGE ( 'NONE', *, *, #1130, .F. ) ;
#673 = ADVANCED_FACE ( 'NONE', ( #2834 ), #4941, .F. ) ;
#674 = ORIENTED_EDGE ( 'NONE', *, *, #5996, .F. ) ;
#675 = CARTESIAN_POINT ( 'NONE',  ( 1.112111900126696806, -0.4686522447816535153, 0.08070866141732284393 ) ) ;
#676 = DIRECTION ( 'NONE',  ( 0.000000000000000000, -1.000000000000000000, 0.000000000000000000 ) ) ;
#677 = DIRECTION ( 'NONE',  ( 0.000000000000000000, 1.000000000000000000, 0.000000000000000000 ) ) ;
#678 = CARTESIAN_POINT ( 'NONE',  ( 0.7636308645013326624, -0.5101808562992157237, 0.04429133858267716994 ) ) ;
#679 = LINE ( 'NONE', #4467, #4781 ) ;
#680 = ORIENTED_EDGE ( 'NONE', *, *, #742, .F. ) ;
#681 = ORIENTED_EDGE ( 'NONE', *, *, #955, .T. ) ;
#682 = VECTOR ( 'NONE', #4552, 39.37007874015748143 ) ;
#683 = CARTESIAN_POINT ( 'NONE',  ( 0.8410914944225630352, -0.5495509350395306747, 0.06496062992125983815 ) ) ;
#684 = ORIENTED_EDGE ( 'NONE', *, *, #2754, .F. ) ;
#685 = DIRECTION ( 'NONE',  ( -1.000000000000000000, 4.111937128241349667E-14, 0.000000000000000000 ) ) ;
#686 = CARTESIAN_POINT ( 'NONE',  ( 0.7438899863564528703, -0.5908895177166516577, -0.07874015748031495954 ) ) ;
#687 = CARTESIAN_POINT ( 'NONE',  ( 1.113968726513744123, -0.6302595964568091791, -0.07874015748031495954 ) ) ;
#688 = CIRCLE ( 'NONE', #1801, 0.007874015748030628592 ) ;
#689 = DIRECTION ( 'NONE',  ( 1.000000000000000000, -5.286776307738859121E-14, 0.000000000000000000 ) ) ;
#690 = DIRECTION ( 'NONE',  ( 1.000000000000000000, 0.000000000000000000, 0.000000000000000000 ) ) ;
#691 = CARTESIAN_POINT ( 'NONE',  ( 0.6887718761202302753, -0.5908895177166516577, -0.07874015748031495954 ) ) ;
#692 = CARTESIAN_POINT ( 'NONE',  ( 1.015543529663344602, -0.6302595964568091791, 0.06299212598425196763 ) ) ;
#693 = CARTESIAN_POINT ( 'NONE',  ( 0.7144182660761357884, -0.5731729822834260579, 0.06003937007874016185 ) ) ;
#694 = ORIENTED_EDGE ( 'NONE', *, *, #2582, .T. ) ;
#695 = ORIENTED_EDGE ( 'NONE', *, *, #3591, .F. ) ;
#696 = VECTOR ( 'NONE', #6704, 39.37007874015748854 ) ;
#697 = VECTOR ( 'NONE', #3666, 39.37007874015748143 ) ;
#698 = PLANE ( 'NONE',  #3284 ) ;
#699 = ORIENTED_EDGE ( 'NONE', *, *, #1357, .T. ) ;
#700 = CARTESIAN_POINT ( 'NONE',  ( 0.7144182660761357884, -0.5849840059054763897, 0.06003937007874016185 ) ) ;
#701 = CARTESIAN_POINT ( 'NONE',  ( 1.112848856753692717, -0.4450427646645611079, 0.06102362204724411793 ) ) ;
#702 = CARTESIAN_POINT ( 'NONE',  ( 0.8147561280885452506, -0.6302595964568091791, 0.06299212598425196763 ) ) ;
#703 = EDGE_CURVE ( 'NONE', #5676, #3997, #6358, .T. ) ;
#704 = ADVANCED_FACE ( 'NONE', ( #5442 ), #104, .T. ) ;
#705 = VECTOR ( 'NONE', #3380, 39.37007874015748143 ) ;
#706 = VECTOR ( 'NONE', #1158, 39.37007874015748143 ) ;
#707 = VERTEX_POINT ( 'NONE', #1227 ) ;
#708 = VERTEX_POINT ( 'NONE', #32 ) ;
#709 = FACE_OUTER_BOUND ( 'NONE', #2529, .T. ) ;
#710 = CARTESIAN_POINT ( 'NONE',  ( 0.9131813249389370002, -0.6302595964568091791, 0.07874015748031495954 ) ) ;
#711 = DIRECTION ( 'NONE',  ( 8.110221191910629847E-14, 1.000000000000000000, 0.000000000000000000 ) ) ;
#712 = CARTESIAN_POINT ( 'NONE',  ( 0.9289851952100020016, -0.5534879429133489070, 0.03051181102362205202 ) ) ;
#713 = AXIS2_PLACEMENT_3D ( 'NONE', #6368, #2619, #6404 ) ;
#714 = LINE ( 'NONE', #5417, #2092 ) ;
#715 = CARTESIAN_POINT ( 'NONE',  ( 0.9152056676509450206, -0.5101808562992157237, -0.04429133858267716994 ) ) ;
#716 = ADVANCED_FACE ( 'NONE', ( #6052, #2731, #4323, #4876 ), #5514, .F. ) ;
#717 = ORIENTED_EDGE ( 'NONE', *, *, #6953, .T. ) ;
#718 = VERTEX_POINT ( 'NONE', #1682 ) ;
#719 = FACE_OUTER_BOUND ( 'NONE', #207, .T. ) ;
#720 = ORIENTED_EDGE ( 'NONE', *, *, #1023, .F. ) ;
#721 = DIRECTION ( 'NONE',  ( -4.111937128241349667E-14, -1.000000000000000000, 0.000000000000000000 ) ) ;
#722 = FACE_OUTER_BOUND ( 'NONE', #2133, .T. ) ;
#723 = CARTESIAN_POINT ( 'NONE',  ( 0.7636308645013326624, -0.4491572342519299932, -0.04429133858267716994 ) ) ;
#724 = EDGE_CURVE ( 'NONE', #2087, #6028, #794, .T. ) ;
#725 = VECTOR ( 'NONE', #3345, 39.37007874015748143 ) ;
#726 = PLANE ( 'NONE',  #3402 ) ;
#727 = CARTESIAN_POINT ( 'NONE',  ( 0.7761308645013051954, -0.6499446358269291846, 0.06496062992125983815 ) ) ;
#728 = DIRECTION ( 'NONE',  ( 1.000000000000000000, 2.523234146875315155E-14, 0.000000000000000000 ) ) ;
#729 = FACE_OUTER_BOUND ( 'NONE', #562, .T. ) ;
#730 = DIRECTION ( 'NONE',  ( 0.000000000000000000, -1.000000000000000000, 0.000000000000000000 ) ) ;
#731 = VERTEX_POINT ( 'NONE', #4456 ) ;
#732 = AXIS2_PLACEMENT_3D ( 'NONE', #4808, #1652, #494 ) ;
#733 = ORIENTED_EDGE ( 'NONE', *, *, #1276, .T. ) ;
#734 = FACE_OUTER_BOUND ( 'NONE', #2705, .T. ) ;
#735 = EDGE_LOOP ( 'NONE', ( #1238, #3079, #5859, #3217, #4271, #4257, #5847, #6480, #1552, #3914 ) ) ;
#736 = CARTESIAN_POINT ( 'NONE',  ( 1.015543529663344602, -0.7877399114174391537, 0.07874015748031495954 ) ) ;
#737 = CARTESIAN_POINT ( 'NONE',  ( 0.8580632147027226209, -0.5357714074804330595, 0.007874015748031495954 ) ) ;
#738 = CARTESIAN_POINT ( 'NONE',  ( -72.03149983465080197, -33.16904598738386056, 0.04527559055118110520 ) ) ;
#739 = VECTOR ( 'NONE', #5536, 39.37007874015748143 ) ;
#740 = EDGE_LOOP ( 'NONE', ( #5016, #3403, #1139, #1630 ) ) ;
#741 = ORIENTED_EDGE ( 'NONE', *, *, #2140, .T. ) ;
#742 = EDGE_CURVE ( 'NONE', #4284, #838, #1785, .T. ) ;
#743 = ADVANCED_FACE ( 'NONE', ( #5019 ), #3444, .F. ) ;
#744 = CARTESIAN_POINT ( 'NONE',  ( 0.7438899863562618009, -0.7877399114174391537, 0.07874015748031495954 ) ) ;
#745 = EDGE_CURVE ( 'NONE', #1849, #6013, #6240, .T. ) ;
#746 = LINE ( 'NONE', #6059, #1060 ) ;
#747 = DIRECTION ( 'NONE',  ( 0.000000000000000000, 0.000000000000000000, -1.000000000000000000 ) ) ;
#748 = CARTESIAN_POINT ( 'NONE',  ( 0.9152056676509450206, -0.5101808562992157237, 0.06003937007874016185 ) ) ;
#749 = VECTOR ( 'NONE', #1488, 39.37007874015748143 ) ;
#750 = CARTESIAN_POINT ( 'NONE',  ( 17.18424071523519814, -16.80874346293858324, 0.01968503937007873988 ) ) ;
#751 = DIRECTION ( 'NONE',  ( 1.000000000000000000, 0.000000000000000000, 0.000000000000000000 ) ) ;
#752 = ORIENTED_EDGE ( 'NONE', *, *, #6520, .T. ) ;
#753 = ORIENTED_EDGE ( 'NONE', *, *, #6308, .T. ) ;
#754 = EDGE_CURVE ( 'NONE', #4102, #4858, #3968, .T. ) ;
#755 = CARTESIAN_POINT ( 'NONE',  ( 0.8410914944225630352, -0.4904958169292921721, 0.08070866141732284393 ) ) ;
#756 = EDGE_LOOP ( 'NONE', ( #5949, #992, #1888, #3128 ) ) ;
#757 = ORIENTED_EDGE ( 'NONE', *, *, #3591, .T. ) ;
#758 = CARTESIAN_POINT ( 'NONE',  ( 0.9407962188320474484, -0.5101808562992157237, 0.04429133858267716994 ) ) ;
#759 = DIRECTION ( 'NONE',  ( 0.000000000000000000, 0.000000000000000000, -1.000000000000000000 ) ) ;
#760 = CARTESIAN_POINT ( 'NONE',  ( 0.9407962188320474484, -0.5101808562992157237, 0.06003937007874016185 ) ) ;
#761 = VECTOR ( 'NONE', #435, 39.37007874015748143 ) ;
#762 = ADVANCED_FACE ( 'NONE', ( #6123 ), #4464, .F. ) ;
#763 = LINE ( 'NONE', #93, #6449 ) ;
#764 = LINE ( 'NONE', #3036, #2655 ) ;
#765 = CARTESIAN_POINT ( 'NONE',  ( 1.015543529663344602, -0.6302595964568091791, 0.07874015748031495954 ) ) ;
#766 = DIRECTION ( 'NONE',  ( 4.111937128241349667E-14, 1.000000000000000000, 0.000000000000000000 ) ) ;
#767 = CARTESIAN_POINT ( 'NONE',  ( 0.6887718761201948592, -0.4334092027560654259, -0.06102362204724410405 ) ) ;
#768 = ORIENTED_EDGE ( 'NONE', *, *, #5289, .T. ) ;
#769 = ADVANCED_FACE ( 'NONE', ( #6630 ), #5629, .T. ) ;
#770 = ORIENTED_EDGE ( 'NONE', *, *, #6793, .F. ) ;
#771 = CARTESIAN_POINT ( 'NONE',  ( 0.8915836204068524617, -0.4491572342519299932, -0.3543307086614173596 ) ) ;
#772 = EDGE_LOOP ( 'NONE', ( #209, #5974, #4298, #1025, #1506, #535, #1210, #5091, #653, #524, #2293, #4712, #1647, #5062, #1790, #6049 ) ) ;
#773 = CARTESIAN_POINT ( 'NONE',  ( 1.112825979241466534, -0.4454647258421638445, 0.06102362204724410405 ) ) ;
#774 = CARTESIAN_POINT ( 'NONE',  ( 0.7446348015091733830, -0.5908895177166949564, 0.06496062992125983815 ) ) ;
#775 = ORIENTED_EDGE ( 'NONE', *, *, #6107, .F. ) ;
#776 = ORIENTED_EDGE ( 'NONE', *, *, #3546, .F. ) ;
#777 = DIRECTION ( 'NONE',  ( 0.000000000000000000, -1.000000000000000000, 0.000000000000000000 ) ) ;
#778 = LINE ( 'NONE', #389, #279 ) ;
#779 = DIRECTION ( 'NONE',  ( 0.000000000000000000, -1.000000000000000000, 0.000000000000000000 ) ) ;
#780 = DIRECTION ( 'NONE',  ( 1.000000000000000000, 0.000000000000000000, 0.000000000000000000 ) ) ;
#781 = FACE_OUTER_BOUND ( 'NONE', #2782, .T. ) ;
#782 = ADVANCED_FACE ( 'NONE', ( #2913 ), #1269, .F. ) ;
#783 = ORIENTED_EDGE ( 'NONE', *, *, #4666, .T. ) ;
#784 = VERTEX_POINT ( 'NONE', #1794 ) ;
#785 = FACE_BOUND ( 'NONE', #5693, .T. ) ;
#786 = DIRECTION ( 'NONE',  ( 0.000000000000000000, 0.000000000000000000, 1.000000000000000000 ) ) ;
#787 = VERTEX_POINT ( 'NONE', #2324 ) ;
#788 = DIRECTION ( 'NONE',  ( 1.000000000000000000, 0.000000000000000000, 0.000000000000000000 ) ) ;
#789 = LINE ( 'NONE', #1353, #301 ) ;
#790 = CARTESIAN_POINT ( 'NONE',  ( 0.7446348015091733830, -0.5908895177166949564, 0.08070866141732284393 ) ) ;
#791 = EDGE_CURVE ( 'NONE', #6278, #1748, #6061, .T. ) ;
#792 = AXIS2_PLACEMENT_3D ( 'NONE', #478, #5932, #4861 ) ;
#793 = EDGE_CURVE ( 'NONE', #497, #1849, #183, .T. ) ;
#794 = B_SPLINE_CURVE_WITH_KNOTS ( 'NONE', 3,
 ( #5976, #2315, #6547, #3863, #6014 ),
 .UNSPECIFIED., .F., .F.,
 ( 4, 1, 4 ),
 ( -0.4164027226818909910, -0.1719501594042489589, 0.1219444147403523915 ),
 .UNSPECIFIED. ) ;
#795 = FACE_OUTER_BOUND ( 'NONE', #4112, .T. ) ;
#796 = DIRECTION ( 'NONE',  ( 1.000000000000000000, 0.000000000000000000, 0.000000000000000000 ) ) ;
#797 = CARTESIAN_POINT ( 'NONE',  ( 0.5963080298556693304, -0.5180548720472071267, -0.06003937007874016185 ) ) ;
#798 = DIRECTION ( 'NONE',  ( 0.000000000000000000, 0.000000000000000000, -1.000000000000000000 ) ) ;
#799 = EDGE_CURVE ( 'NONE', #3979, #5240, #5095, .T. ) ;
#800 = ORIENTED_EDGE ( 'NONE', *, *, #2328, .T. ) ;
#801 = ORIENTED_EDGE ( 'NONE', *, *, #6666, .T. ) ;
#802 = DIRECTION ( 'NONE',  ( 0.000000000000000000, -1.000000000000000000, 0.000000000000000000 ) ) ;
#803 = ORIENTED_EDGE ( 'NONE', *, *, #4563, .T. ) ;
#804 = LINE ( 'NONE', #5482, #2522 ) ;
#805 = CARTESIAN_POINT ( 'NONE',  ( 0.6730238446241337824, -0.4491572342520874228, 0.06102362204724410405 ) ) ;
#806 = ORIENTED_EDGE ( 'NONE', *, *, #5752, .T. ) ;
#807 = VERTEX_POINT ( 'NONE', #6664 ) ;
#808 = CARTESIAN_POINT ( 'NONE',  ( 1.114080404063698904, -0.6696296751970117755, 0.08070866141732284393 ) ) ;
#809 = CARTESIAN_POINT ( 'NONE',  ( 1.112111900126696806, -0.4686522447816535153, 0.08070866141732284393 ) ) ;
#810 = CARTESIAN_POINT ( 'NONE',  ( 0.6907403800572066155, -0.5908895177166575419, 0.08070866141732284393 ) ) ;
#811 = DIRECTION ( 'NONE',  ( 0.000000000000000000, 1.000000000000000000, 0.000000000000000000 ) ) ;
#812 = CARTESIAN_POINT ( 'NONE',  ( 0.6897382262549497378, -0.4462105839994386369, 0.06102362204724410405 ) ) ;
#813 = VECTOR ( 'NONE', #4226, 39.37007874015748143 ) ;
#814 = EDGE_LOOP ( 'NONE', ( #3241, #3627, #6422, #1100 ) ) ;
#815 = ORIENTED_EDGE ( 'NONE', *, *, #3766, .T. ) ;
#816 = VECTOR ( 'NONE', #3219, 39.37007874015748143 ) ;
#817 = VECTOR ( 'NONE', #3123, 39.37007874015748143 ) ;
#818 = CARTESIAN_POINT ( 'NONE',  ( 0.8647135416666634766, -0.4904958169292921721, 0.08070866141732284393 ) ) ;
#819 = LINE ( 'NONE', #3596, #6914 ) ;
#820 = VERTEX_POINT ( 'NONE', #1307 ) ;
#821 = DIRECTION ( 'NONE',  ( 0.7071067811865475727, -0.7071067811865475727, 0.000000000000000000 ) ) ;
#822 = DIRECTION ( 'NONE',  ( -0.7071067811865475727, -0.7071067811865475727, 0.000000000000000000 ) ) ;
#823 = LINE ( 'NONE', #3988, #3098 ) ;
#824 = AXIS2_PLACEMENT_3D ( 'NONE', #313, #6295, #2482 ) ;
#825 = ORIENTED_EDGE ( 'NONE', *, *, #6433, .F. ) ;
#826 = EDGE_CURVE ( 'NONE', #5717, #6106, #217, .T. ) ;
#827 = ADVANCED_FACE ( 'NONE', ( #1762 ), #4498, .F. ) ;
#828 = CARTESIAN_POINT ( 'NONE',  ( 0.9900088172572442113, -0.5180548720472071267, -0.01968503937007873988 ) ) ;
#829 = CARTESIAN_POINT ( 'NONE',  ( 0.8647135416666634766, -0.5495509350395306747, 0.06496062992125983815 ) ) ;
#830 = DIRECTION ( 'NONE',  ( 0.000000000000000000, 0.000000000000000000, 1.000000000000000000 ) ) ;
#831 = CARTESIAN_POINT ( 'NONE',  ( 1.020225352690281584, -0.6420706200788995899, 0.08070866141732284393 ) ) ;
#832 = CARTESIAN_POINT ( 'NONE',  ( 0.7596380178525137250, -0.5357714074804330595, 0.007874015748031495954 ) ) ;
#833 = EDGE_LOOP ( 'NONE', ( #857, #3723, #4044, #2971 ) ) ;
#834 = EDGE_CURVE ( 'NONE', #4817, #64, #2413, .T. ) ;
#835 = EDGE_LOOP ( 'NONE', ( #3811, #1799, #29, #6131 ) ) ;
#836 = ADVANCED_FACE ( 'NONE', ( #5560 ), #146, .F. ) ;
#837 = DIRECTION ( 'NONE',  ( 0.000000000000000000, 0.000000000000000000, -1.000000000000000000 ) ) ;
#838 = VERTEX_POINT ( 'NONE', #2359 ) ;
#839 = CARTESIAN_POINT ( 'NONE',  ( 1.104486369214669805, -0.4517901141887579186, 0.06102362204744078700 ) ) ;
#840 = CIRCLE ( 'NONE', #4757, 0.007874015748021887320 ) ;
#841 =( LENGTH_UNIT ( ) NAMED_UNIT ( * ) SI_UNIT ( $, .METRE. ) );
#842 = ORIENTED_EDGE ( 'NONE', *, *, #703, .F. ) ;
#843 = VECTOR ( 'NONE', #5133, 39.37007874015748143 ) ;
#844 = ORIENTED_EDGE ( 'NONE', *, *, #6837, .F. ) ;
#845 = DIRECTION ( 'NONE',  ( -1.000000000000000000, 0.000000000000000000, 0.000000000000000000 ) ) ;
#846 = CARTESIAN_POINT ( 'NONE',  ( 0.6887718761202302753, -0.6302595964568091791, -0.07874015748031495954 ) ) ;
#847 = CARTESIAN_POINT ( 'NONE',  ( 0.6921468884164625468, -0.4657805766128355063, 0.08070866141732284393 ) ) ;
#848 = DIRECTION ( 'NONE',  ( -7.569702440625950512E-14, 1.000000000000000000, 0.000000000000000000 ) ) ;
#849 = EDGE_CURVE ( 'NONE', #545, #2008, #3976, .T. ) ;
#850 = AXIS2_PLACEMENT_3D ( 'NONE', #5505, #4448, #5474 ) ;
#851 = ORIENTED_EDGE ( 'NONE', *, *, #1043, .T. ) ;
#852 = ORIENTED_EDGE ( 'NONE', *, *, #4047, .F. ) ;
#853 = VECTOR ( 'NONE', #374, 39.37007874015748143 ) ;
#854 = ADVANCED_FACE ( 'NONE', ( #6703 ), #4011, .F. ) ;
#855 = CARTESIAN_POINT ( 'NONE',  ( 1.114007599949728311, -0.4491572342518398986, 0.06102362204724409711 ) ) ;
#856 = ORIENTED_EDGE ( 'NONE', *, *, #4310, .F. ) ;
#857 = ORIENTED_EDGE ( 'NONE', *, *, #6385, .T. ) ;
#858 = CARTESIAN_POINT ( 'NONE',  ( 1.043102584781460562, -0.5357714074804725835, 0.007874015748031495954 ) ) ;
#859 = LINE ( 'NONE', #2997, #5335 ) ;
#860 = DIRECTION ( 'NONE',  ( 0.000000000000000000, 0.000000000000000000, 1.000000000000000000 ) ) ;
#861 = EDGE_LOOP ( 'NONE', ( #4292, #3132, #2599, #6584 ) ) ;
#862 = VECTOR ( 'NONE', #6027, 39.37007874015748143 ) ;
#863 = LINE ( 'NONE', #5148, #4080 ) ;
#864 = VECTOR ( 'NONE', #6650, 39.37007874015748143 ) ;
#865 = DIRECTION ( 'NONE',  ( 0.000000000000000000, 1.000000000000000000, 0.000000000000000000 ) ) ;
#866 = LINE ( 'NONE', #2546, #2528 ) ;
#867 = CARTESIAN_POINT ( 'NONE',  ( 0.7892214156824370885, -0.5101808562992157237, 0.04429133858267716994 ) ) ;
#868 = DIRECTION ( 'NONE',  ( 0.000000000000000000, 0.000000000000000000, 1.000000000000000000 ) ) ;
#869 = EDGE_CURVE ( 'NONE', #6620, #6008, #6169, .T. ) ;
#870 = ORIENTED_EDGE ( 'NONE', *, *, #1009, .T. ) ;
#871 = EDGE_CURVE ( 'NONE', #5745, #5000, #2430, .T. ) ;
#872 = VECTOR ( 'NONE', #16, 39.37007874015748143 ) ;
#873 = VERTEX_POINT ( 'NONE', #6737 ) ;
#874 = CARTESIAN_POINT ( 'NONE',  ( 1.129828435559769861, -0.4491572342521267802, 0.08070866141732284393 ) ) ;
#875 = ORIENTED_EDGE ( 'NONE', *, *, #1345, .F. ) ;
#876 = CARTESIAN_POINT ( 'NONE',  ( 1.104166143069750028, -0.4508624131485584607, 0.06102362204724390976 ) ) ;
#877 = LINE ( 'NONE', #6798, #6442 ) ;
#878 = EDGE_CURVE ( 'NONE', #190, #4401, #6611, .T. ) ;
#879 = EDGE_CURVE ( 'NONE', #5778, #2179, #2970, .T. ) ;
#880 = ORIENTED_EDGE ( 'NONE', *, *, #6618, .F. ) ;
#881 = EDGE_CURVE ( 'NONE', #385, #88, #557, .T. ) ;
#882 = ORIENTED_EDGE ( 'NONE', *, *, #4109, .T. ) ;
#883 = DIRECTION ( 'NONE',  ( 0.000000000000000000, 0.000000000000000000, 1.000000000000000000 ) ) ;
#884 = CARTESIAN_POINT ( 'NONE',  ( 0.6927519372892954053, -0.4360390929546842376, 0.06102362204724410405 ) ) ;
#885 = CARTESIAN_POINT ( 'NONE',  ( 0.7017090529716014657, -0.4334092027560646487, 0.06496062992124294888 ) ) ;
#886 = CARTESIAN_POINT ( 'NONE',  ( 0.6907403800572066155, -0.4686522447816141579, 0.08070866141732284393 ) ) ;
#887 = EDGE_CURVE ( 'NONE', #275, #4767, #3090, .T. ) ;
#888 = VERTEX_POINT ( 'NONE', #4737 ) ;
#889 = ORIENTED_EDGE ( 'NONE', *, *, #799, .F. ) ;
#890 = FACE_OUTER_BOUND ( 'NONE', #927, .T. ) ;
#891 = ORIENTED_EDGE ( 'NONE', *, *, #3480, .F. ) ;
#892 = ORIENTED_EDGE ( 'NONE', *, *, #4396, .F. ) ;
#893 = DIRECTION ( 'NONE',  ( -0.000000000000000000, 1.000000000000000000, 0.000000000000000000 ) ) ;
#894 = CARTESIAN_POINT ( 'NONE',  ( 0.6730238446241337824, -0.4491572342520874228, 0.08070866141732284393 ) ) ;
#895 = CARTESIAN_POINT ( 'NONE',  ( 1.059595431430434997, -0.5908895177166949564, 0.08070866141732284393 ) ) ;
#896 = ORIENTED_EDGE ( 'NONE', *, *, #5470, .F. ) ;
#897 = LINE ( 'NONE', #1912, #4303 ) ;
#898 = CARTESIAN_POINT ( 'NONE',  ( 0.7761308645013051954, -0.6420706200788995899, 0.08070866141732284393 ) ) ;
#899 = DIRECTION ( 'NONE',  ( 0.000000000000000000, 0.000000000000000000, 1.000000000000000000 ) ) ;
#900 = CARTESIAN_POINT ( 'NONE',  ( 0.9631387385170552262, -0.5495509350395306747, 0.06496062992125983815 ) ) ;
#901 = VECTOR ( 'NONE', #3681, 39.37007874015748143 ) ;
#902 = DIRECTION ( 'NONE',  ( 0.000000000000000000, -1.000000000000000000, 0.000000000000000000 ) ) ;
#903 = ORIENTED_EDGE ( 'NONE', *, *, #3963, .T. ) ;
#904 = EDGE_LOOP ( 'NONE', ( #1632, #4104, #1828, #172 ) ) ;
#905 = CARTESIAN_POINT ( 'NONE',  ( 0.7446348015091733830, -0.5908895177166949564, -0.06496062992125983815 ) ) ;
#906 = ORIENTED_EDGE ( 'NONE', *, *, #6817, .F. ) ;
#907 = CARTESIAN_POINT ( 'NONE',  ( 1.113641265916793133, -0.4477151952944550262, 0.06102362204724410405 ) ) ;
#908 = CARTESIAN_POINT ( 'NONE',  ( 1.058850616277521750, -1.063330462598543358, -0.06299212598425196763 ) ) ;
#909 = ORIENTED_EDGE ( 'NONE', *, *, #3230, .F. ) ;
#910 = EDGE_LOOP ( 'NONE', ( #1062, #3093, #4669, #2934, #4731 ) ) ;
#911 = CARTESIAN_POINT ( 'NONE',  ( 0.9604254194271298894, -0.5357714074804330595, 0.007874015748031495954 ) ) ;
#912 = DIRECTION ( 'NONE',  ( -0.000000000000000000, 1.000000000000000000, 0.000000000000000000 ) ) ;
#913 = CARTESIAN_POINT ( 'NONE',  ( 0.9407962188320474484, -0.5101808562992157237, 0.04429133858267716994 ) ) ;
#914 = DIRECTION ( 'NONE',  ( 0.000000000000000000, 0.000000000000000000, 1.000000000000000000 ) ) ;
#915 = ADVANCED_FACE ( 'NONE', ( #3589 ), #323, .F. ) ;
#916 = EDGE_CURVE ( 'NONE', #1748, #787, #4983, .T. ) ;
#917 = ORIENTED_EDGE ( 'NONE', *, *, #3105, .F. ) ;
#918 = ORIENTED_EDGE ( 'NONE', *, *, #245, .F. ) ;
#919 = CARTESIAN_POINT ( 'NONE',  ( 0.7761308645013051954, -0.6499446358269291846, 0.08070866141732284393 ) ) ;
#920 = CARTESIAN_POINT ( 'NONE',  ( 1.113893752117246061, -0.4491572342520874228, -0.06102362204724410405 ) ) ;
#921 = ADVANCED_FACE ( 'NONE', ( #2068 ), #1929, .T. ) ;
#922 = ORIENTED_EDGE ( 'NONE', *, *, #3981, .T. ) ;
#923 = VECTOR ( 'NONE', #4922, 39.37007874015748143 ) ;
#924 = LINE ( 'NONE', #3067, #761 ) ;
#925 = DIRECTION ( 'NONE',  ( -1.000000000000000000, 0.000000000000000000, 0.000000000000000000 ) ) ;
#926 = DIRECTION ( 'NONE',  ( -1.000000000000000000, 0.000000000000000000, 0.000000000000000000 ) ) ;
#927 = EDGE_LOOP ( 'NONE', ( #1679, #1859, #101, #3907, #1334, #2234, #188, #3, #4293, #975 ) ) ;
#928 = VECTOR ( 'NONE', #2491, 39.37007874015748143 ) ;
#929 = VECTOR ( 'NONE', #2593, 39.37007874015748143 ) ;
#930 = LINE ( 'NONE', #2408, #6335 ) ;
#931 = LINE ( 'NONE', #4240, #1984 ) ;
#932 = CARTESIAN_POINT ( 'NONE',  ( 0.9289851952100020016, -0.5534879429133489070, 0.03051181102362205202 ) ) ;
#933 = FACE_OUTER_BOUND ( 'NONE', #1188, .T. ) ;
#934 = ADVANCED_FACE ( 'NONE', ( #3054 ), #4602, .F. ) ;
#935 = AXIS2_PLACEMENT_3D ( 'NONE', #336, #4548, #2475 ) ;
#936 = CARTESIAN_POINT ( 'NONE',  ( 0.9900088172572442113, -0.5731729822834260579, 0.03051181102362205202 ) ) ;
#937 = ORIENTED_EDGE ( 'NONE', *, *, #2035, .T. ) ;
#938 = DIRECTION ( 'NONE',  ( 1.000000000000000000, 0.000000000000000000, 0.000000000000000000 ) ) ;
#939 = ORIENTED_EDGE ( 'NONE', *, *, #3843, .T. ) ;
#940 = CARTESIAN_POINT ( 'NONE',  ( 1.113900382372376763, -0.4484680719132441151, 0.06102362204724132155 ) ) ;
#941 = FACE_OUTER_BOUND ( 'NONE', #6975, .T. ) ;
#942 = CARTESIAN_POINT ( 'NONE',  ( 0.6910690096388892867, -0.4416083554700981351, 0.06102362204724169625 ) ) ;
#943 = CIRCLE ( 'NONE', #6459, 0.007874015748039371598 ) ;
#944 = ORIENTED_EDGE ( 'NONE', *, *, #6299, .T. ) ;
#945 = VECTOR ( 'NONE', #4816, 39.37007874015748143 ) ;
#946 = ORIENTED_EDGE ( 'NONE', *, *, #4305, .F. ) ;
#947 = CARTESIAN_POINT ( 'NONE',  ( 0.6992043068859487009, -0.4491572342521267802, -0.06102362204724410405 ) ) ;
#948 = DIRECTION ( 'NONE',  ( 1.000000000000000000, 0.000000000000000000, 0.000000000000000000 ) ) ;
#949 = CARTESIAN_POINT ( 'NONE',  ( 1.107607900217634000, -0.4594564280026795511, 0.08070866141732284393 ) ) ;
#950 = LINE ( 'NONE', #4149, #5761 ) ;
#951 = AXIS2_PLACEMENT_3D ( 'NONE', #913, #6843, #6340 ) ;
#952 = ORIENTED_EDGE ( 'NONE', *, *, #976, .F. ) ;
#953 = EDGE_CURVE ( 'NONE', #3367, #546, #6769, .T. ) ;
#954 = ORIENTED_EDGE ( 'NONE', *, *, #799, .T. ) ;
#955 = EDGE_CURVE ( 'NONE', #423, #5265, #355, .T. ) ;
#956 = EDGE_CURVE ( 'NONE', #6713, #6961, #4703, .T. ) ;
#957 = VERTEX_POINT ( 'NONE', #885 ) ;
#958 = LINE ( 'NONE', #3097, #3278 ) ;
#959 = DIRECTION ( 'NONE',  ( 0.9606414366866674603, -0.2777913427747084607, 0.000000000000000000 ) ) ;
#960 = ORIENTED_EDGE ( 'NONE', *, *, #4648, .T. ) ;
#961 = DIRECTION ( 'NONE',  ( 4.111937128241349667E-14, 1.000000000000000000, 0.000000000000000000 ) ) ;
#962 = DIRECTION ( 'NONE',  ( 0.000000000000000000, 0.000000000000000000, -1.000000000000000000 ) ) ;
#963 = CARTESIAN_POINT ( 'NONE',  ( -72.78106826860452827, -33.39667614831810738, 0.06003937007874016185 ) ) ;
#964 = ORIENTED_EDGE ( 'NONE', *, *, #4863, .T. ) ;
#965 = VECTOR ( 'NONE', #4442, 39.37007874015748143 ) ;
#966 = ADVANCED_FACE ( 'NONE', ( #3556 ), #5199, .F. ) ;
#967 = B_SPLINE_CURVE_WITH_KNOTS ( 'NONE', 3,
 ( #5412, #6093, #1268, #2776, #2252, #5025 ),
 .UNSPECIFIED., .F., .F.,
 ( 4, 2, 4 ),
 ( 9.123092446665553167E-14, 0.0002006198828102065542, 0.0004012397655291822119 ),
 .UNSPECIFIED. ) ;
#968 = CARTESIAN_POINT ( 'NONE',  ( 0.9407962188320474484, -0.5101808562992157237, -0.06003937007874016185 ) ) ;
#969 = CARTESIAN_POINT ( 'NONE',  ( 0.9407962188320474484, -0.4491572342519299932, -0.04429133858267716994 ) ) ;
#970 = CARTESIAN_POINT ( 'NONE',  ( 0.6953288815396890810, -0.4590917141166149240, -0.08070866141732284393 ) ) ;
#971 = LINE ( 'NONE', #5077, #1527 ) ;
#972 = VECTOR ( 'NONE', #1487, 39.37007874015748143 ) ;
#973 = CYLINDRICAL_SURFACE ( 'NONE', #792, 0.01574803149606299191 ) ;
#974 = VECTOR ( 'NONE', #4023, 39.37007874015748143 ) ;
#975 = ORIENTED_EDGE ( 'NONE', *, *, #189, .T. ) ;
#976 = EDGE_CURVE ( 'NONE', #718, #3196, #390, .T. ) ;
#977 = VECTOR ( 'NONE', #127, 39.37007874015748143 ) ;
#978 = PLANE ( 'NONE',  #1044 ) ;
#979 = ORIENTED_EDGE ( 'NONE', *, *, #4244, .F. ) ;
#980 = DIRECTION ( 'NONE',  ( 0.000000000000000000, -1.000000000000000000, 0.000000000000000000 ) ) ;
#981 = SURFACE_STYLE_USAGE ( .BOTH. , #5661 ) ;
#982 = CARTESIAN_POINT ( 'NONE',  ( 0.7019217794735841398, -0.4397598327863378453, 0.06102362204656240630 ) ) ;
#983 = CIRCLE ( 'NONE', #200, 0.01574803149606125718 ) ;
#984 = EDGE_CURVE ( 'NONE', #500, #1818, #5705, .T. ) ;
#985 = ORIENTED_EDGE ( 'NONE', *, *, #1309, .F. ) ;
#986 = ORIENTED_EDGE ( 'NONE', *, *, #3358, .F. ) ;
#987 = CARTESIAN_POINT ( 'NONE',  ( 0.9631387385170552262, -0.4904958169292921721, 0.08070866141732284393 ) ) ;
#988 = CARTESIAN_POINT ( 'NONE',  ( 0.6887718761201948592, -0.4529042132855922165, -0.06102362204724410405 ) ) ;
#989 = FACE_OUTER_BOUND ( 'NONE', #2367, .T. ) ;
#990 = CARTESIAN_POINT ( 'NONE',  ( 0.9631387385170552262, -0.5495509350395306747, -0.08070866141732284393 ) ) ;
#991 = ORIENTED_EDGE ( 'NONE', *, *, #169, .F. ) ;
#992 = ORIENTED_EDGE ( 'NONE', *, *, #3162, .T. ) ;
#993 = VERTEX_POINT ( 'NONE', #5234 ) ;
#994 = DIRECTION ( 'NONE',  ( 1.000000000000000000, 0.000000000000000000, 0.000000000000000000 ) ) ;
#995 = DIRECTION ( 'NONE',  ( 1.000000000000000000, 0.000000000000000000, 0.000000000000000000 ) ) ;
#996 = ORIENTED_EDGE ( 'NONE', *, *, #5928, .F. ) ;
#997 = DIRECTION ( 'NONE',  ( -0.000000000000000000, 1.000000000000000000, 0.000000000000000000 ) ) ;
#998 = CARTESIAN_POINT ( 'NONE',  ( 0.8029451044665000259, -0.7129367618111791538, -0.2027559055118110243 ) ) ;
#999 = CARTESIAN_POINT ( 'NONE',  ( 1.043102584781460562, -0.5357714074804725835, -0.007874015748031495954 ) ) ;
#1000 = VERTEX_POINT ( 'NONE', #1474 ) ;
#1001 = B_SPLINE_CURVE_WITH_KNOTS ( 'NONE', 3,
 ( #5648, #4653, #6823, #6723, #5756, #4132 ),
 .UNSPECIFIED., .F., .F.,
 ( 4, 2, 4 ),
 ( 1.578158961819381095E-16, 0.0002421338011980314294, 0.0004842676023959050532 ),
 .UNSPECIFIED. ) ;
#1002 = B_SPLINE_CURVE_WITH_KNOTS ( 'NONE', 3,
 ( #2770, #603, #6380, #3260 ),
 .UNSPECIFIED., .F., .F.,
 ( 4, 4 ),
 ( 1.442852552402972771E-15, 0.0001631303082434339428 ),
 .UNSPECIFIED. ) ;
#1003 = DIRECTION ( 'NONE',  ( 0.000000000000000000, -1.000000000000000000, 0.000000000000000000 ) ) ;
#1004 = LINE ( 'NONE', #2612, #6764 ) ;
#1005 = LINE ( 'NONE', #4131, #1654 ) ;
#1006 = CARTESIAN_POINT ( 'NONE',  ( 0.7034258868869062153, -0.4345584183326440808, 0.07086614173228389379 ) ) ;
#1007 = DIRECTION ( 'NONE',  ( 0.000000000000000000, 1.000000000000000000, 0.000000000000000000 ) ) ;
#1008 = EDGE_CURVE ( 'NONE', #5295, #1757, #3696, .T. ) ;
#1009 = EDGE_CURVE ( 'NONE', #2480, #1515, #3125, .T. ) ;
#1010 = DIRECTION ( 'NONE',  ( 1.000000000000000000, 2.916628705659074998E-13, 0.000000000000000000 ) ) ;
#1011 = VERTEX_POINT ( 'NONE', #1511 ) ;
#1012 = CARTESIAN_POINT ( 'NONE',  ( 0.7871970729706301295, -0.5908895177166516577, 0.06299212598425196763 ) ) ;
#1013 = CARTESIAN_POINT ( 'NONE',  ( 0.9631387385170552262, -0.4904958169292921721, -0.06496062992125983815 ) ) ;
#1014 = ADVANCED_FACE ( 'NONE', ( #989 ), #5268, .T. ) ;
#1015 = PLANE ( 'NONE',  #1972 ) ;
#1016 = VERTEX_POINT ( 'NONE', #3259 ) ;
#1017 = ORIENTED_EDGE ( 'NONE', *, *, #4091, .F. ) ;
#1018 = CARTESIAN_POINT ( 'NONE',  ( 0.8580632147027226209, -0.5357714074804330595, 0.007874015748031495954 ) ) ;
#1019 = CARTESIAN_POINT ( 'NONE',  ( 0.7144182660761357884, -0.5731729822834260579, -0.03051181102362205202 ) ) ;
#1020 = CARTESIAN_POINT ( 'NONE',  ( 1.059595431430434997, -0.5908895177166949564, 0.08070866141732284393 ) ) ;
#1021 = DIRECTION ( 'NONE',  ( 0.000000000000000000, 0.000000000000000000, -1.000000000000000000 ) ) ;
#1022 = VECTOR ( 'NONE', #5251, 39.37007874015748143 ) ;
#1023 = EDGE_CURVE ( 'NONE', #1208, #5695, #602, .T. ) ;
#1024 = ORIENTED_EDGE ( 'NONE', *, *, #5041, .F. ) ;
#1025 = ORIENTED_EDGE ( 'NONE', *, *, #3877, .T. ) ;
#1026 = ORIENTED_EDGE ( 'NONE', *, *, #5085, .T. ) ;
#1027 = DIRECTION ( 'NONE',  ( -1.000000000000000000, 0.000000000000000000, 0.000000000000000000 ) ) ;
#1028 = CARTESIAN_POINT ( 'NONE',  ( 0.7754418881233877681, -0.5180548720472071267, -0.01968503937007873988 ) ) ;
#1029 = ORIENTED_EDGE ( 'NONE', *, *, #599, .T. ) ;
#1030 = LINE ( 'NONE', #6958, #4459 ) ;
#1031 = CARTESIAN_POINT ( 'NONE',  ( 0.9395166912729547848, -0.5495509350395306747, -0.06496062992125983815 ) ) ;
#1032 = CARTESIAN_POINT ( 'NONE',  ( 0.6992043068859487009, -0.4491572342521267802, -0.08070866141732284393 ) ) ;
#1033 = ORIENTED_EDGE ( 'NONE', *, *, #703, .T. ) ;
#1034 = AXIS2_PLACEMENT_3D ( 'NONE', #3836, #3107, #677 ) ;
#1035 = VERTEX_POINT ( 'NONE', #4877 ) ;
#1036 = CARTESIAN_POINT ( 'NONE',  ( 1.112111900126696806, -0.4686522447816535153, -0.06496062992125983815 ) ) ;
#1037 = CARTESIAN_POINT ( 'NONE',  ( 0.9781977936351987646, -0.5849840059054763897, -0.03051181102362205202 ) ) ;
#1038 = CARTESIAN_POINT ( 'NONE',  ( 0.9879844745452361909, -0.6971887303151181881, -0.2145669291338582751 ) ) ;
#1039 = DIRECTION ( 'NONE',  ( -1.110223024625156036E-13, 1.000000000000000000, 0.000000000000000000 ) ) ;
#1040 = VECTOR ( 'NONE', #5729, 39.37007874015748143 ) ;
#1041 = VECTOR ( 'NONE', #6803, 39.37007874015748143 ) ;
#1042 = EDGE_CURVE ( 'NONE', #4858, #2004, #3796, .T. ) ;
#1043 = EDGE_CURVE ( 'NONE', #668, #6427, #2732, .T. ) ;
#1044 = AXIS2_PLACEMENT_3D ( 'NONE', #5869, #1045, #3180 ) ;
#1045 = DIRECTION ( 'NONE',  ( 0.000000000000000000, 0.000000000000000000, 1.000000000000000000 ) ) ;
#1046 = ORIENTED_EDGE ( 'NONE', *, *, #6746, .F. ) ;
#1047 = LINE ( 'NONE', #484, #5902 ) ;
#1048 = DIRECTION ( 'NONE',  ( 4.484179973377040810E-13, -1.000000000000000000, 0.000000000000000000 ) ) ;
#1049 = CARTESIAN_POINT ( 'NONE',  ( 0.6980338035142914510, -0.4526857864950440402, 0.07086614173228347746 ) ) ;
#1050 = DIMENSIONAL_EXPONENTS ( 1.000000000000000000, 0.000000000000000000, 0.000000000000000000, 0.000000000000000000, 0.000000000000000000, 0.000000000000000000, 0.000000000000000000 ) ;
#1051 = VECTOR ( 'NONE', #6183, 39.37007874015748143 ) ;
#1052 = ORIENTED_EDGE ( 'NONE', *, *, #3064, .F. ) ;
#1053 = EDGE_CURVE ( 'NONE', #5450, #668, #1092, .T. ) ;
#1054 = ORIENTED_EDGE ( 'NONE', *, *, #621, .F. ) ;
#1055 = CARTESIAN_POINT ( 'NONE',  ( 0.7636308645013326624, -0.5298658956692529065, 0.04429133858267716994 ) ) ;
#1056 = LINE ( 'NONE', #5301, #2624 ) ;
#1057 = LINE ( 'NONE', #3727, #517 ) ;
#1058 = CARTESIAN_POINT ( 'NONE',  ( 0.8647135416666634766, -0.5495509350395306747, 0.08070866141732284393 ) ) ;
#1059 = ORIENTED_EDGE ( 'NONE', *, *, #6438, .T. ) ;
#1060 = VECTOR ( 'NONE', #1233, 39.37007874015748143 ) ;
#1061 = ORIENTED_EDGE ( 'NONE', *, *, #6845, .T. ) ;
#1062 = ORIENTED_EDGE ( 'NONE', *, *, #4986, .T. ) ;
#1063 = ADVANCED_FACE ( 'NONE', ( #4386 ), #5339, .F. ) ;
#1064 = DIRECTION ( 'NONE',  ( -1.000000000000000000, -1.110223024625156036E-13, 0.000000000000000000 ) ) ;
#1065 = CARTESIAN_POINT ( 'NONE',  ( 1.113968726513744123, -0.5908895177166516577, 0.07874015748031495954 ) ) ;
#1066 = ORIENTED_EDGE ( 'NONE', *, *, #724, .T. ) ;
#1067 = LINE ( 'NONE', #3204, #4336 ) ;
#1068 = VECTOR ( 'NONE', #5026, 39.37007874015748143 ) ;
#1069 = FACE_OUTER_BOUND ( 'NONE', #6416, .T. ) ;
#1070 = ORIENTED_EDGE ( 'NONE', *, *, #2286, .T. ) ;
#1071 = EDGE_CURVE ( 'NONE', #2975, #6, #5404, .T. ) ;
#1072 = AXIS2_PLACEMENT_3D ( 'NONE', #4942, #2835, #2352 ) ;
#1073 = ORIENTED_EDGE ( 'NONE', *, *, #2220, .F. ) ;
#1074 = DIRECTION ( 'NONE',  ( 0.000000000000000000, 0.000000000000000000, -1.000000000000000000 ) ) ;
#1075 = CARTESIAN_POINT ( 'NONE',  ( 0.6691985142999252734, -0.6696296751970117755, -0.08070866141732284393 ) ) ;
#1076 = LINE ( 'NONE', #3212, #1796 ) ;
#1077 = VECTOR ( 'NONE', #1393, 39.37007874015748143 ) ;
#1078 = VECTOR ( 'NONE', #6096, 39.37007874015748143 ) ;
#1079 = DIRECTION ( 'NONE',  ( 0.000000000000000000, 0.000000000000000000, 1.000000000000000000 ) ) ;
#1080 = EDGE_LOOP ( 'NONE', ( #666, #3231, #1470, #6599, #4678 ) ) ;
#1081 = VECTOR ( 'NONE', #5525, 39.37007874015748143 ) ;
#1082 = CARTESIAN_POINT ( 'NONE',  ( 0.7761308645013051954, -0.6420706200788995899, 0.08070866141732284393 ) ) ;
#1083 = CARTESIAN_POINT ( 'NONE',  ( 1.102220561760944850, -0.4442210448957070734, 0.08070866141733053223 ) ) ;
#1084 = CARTESIAN_POINT ( 'NONE',  ( 0.8895592776948445524, -0.7877399114174391537, 0.007874015748031495954 ) ) ;
#1085 = EDGE_CURVE ( 'NONE', #4472, #1200, #1057, .T. ) ;
#1086 = ADVANCED_FACE ( 'NONE', ( #5882 ), #71, .F. ) ;
#1087 = ORIENTED_EDGE ( 'NONE', *, *, #2178, .T. ) ;
#1088 = VECTOR ( 'NONE', #4619, 39.37007874015748143 ) ;
#1089 = ORIENTED_EDGE ( 'NONE', *, *, #2328, .F. ) ;
#1090 = DIRECTION ( 'NONE',  ( 1.000000000000000000, -5.046468293751270233E-14, 0.000000000000000000 ) ) ;
#1091 = DIRECTION ( 'NONE',  ( -1.000000000000000000, 0.000000000000000000, 0.000000000000000000 ) ) ;
#1092 = LINE ( 'NONE', #3226, #3083 ) ;
#1093 = CARTESIAN_POINT ( 'NONE',  ( 0.6415277816318543103, -0.6971887303151181881, 0.007874015748031495954 ) ) ;
#1094 = VECTOR ( 'NONE', #2969, 39.37007874015748143 ) ;
#1095 = ADVANCED_FACE ( 'NONE', ( #2143 ), #2698, .F. ) ;
#1096 = EDGE_CURVE ( 'NONE', #807, #468, #5302, .T. ) ;
#1097 = ORIENTED_EDGE ( 'NONE', *, *, #4144, .F. ) ;
#1098 = ORIENTED_EDGE ( 'NONE', *, *, #1809, .F. ) ;
#1099 = AXIS2_PLACEMENT_3D ( 'NONE', #2016, #5792, #4164 ) ;
#1100 = ORIENTED_EDGE ( 'NONE', *, *, #3276, .F. ) ;
#1101 = LINE ( 'NONE', #2357, #24 ) ;
#1102 = DIRECTION ( 'NONE',  ( 0.000000000000000000, 0.000000000000000000, 1.000000000000000000 ) ) ;
#1103 = ORIENTED_EDGE ( 'NONE', *, *, #5662, .T. ) ;
#1104 = SHAPE_DEFINITION_REPRESENTATION ( #5741, #5136 ) ;
#1105 = LINE ( 'NONE', #3670, #6373 ) ;
#1106 = CARTESIAN_POINT ( 'NONE',  ( -72.67989785495451827, -0.6971887303151181881, -0.007874015748031495954 ) ) ;
#1107 = EDGE_CURVE ( 'NONE', #3411, #5633, #1618, .T. ) ;
#1108 = ORIENTED_EDGE ( 'NONE', *, *, #580, .T. ) ;
#1109 = ORIENTED_EDGE ( 'NONE', *, *, #2080, .F. ) ;
#1110 = ORIENTED_EDGE ( 'NONE', *, *, #3887, .F. ) ;
#1111 = LINE ( 'NONE', #6034, #4792 ) ;
#1112 = FACE_BOUND ( 'NONE', #3384, .T. ) ;
#1113 = LINE ( 'NONE', #3178, #6419 ) ;
#1114 = DIRECTION ( 'NONE',  ( 1.000000000000000000, 0.000000000000000000, 0.000000000000000000 ) ) ;
#1115 = ORIENTED_EDGE ( 'NONE', *, *, #5947, .F. ) ;
#1116 = CARTESIAN_POINT ( 'NONE',  ( 1.129828435559769861, -0.4686522447816141579, -0.07677165354330708902 ) ) ;
#1117 = CARTESIAN_POINT ( 'NONE',  ( 1.112111900126696806, -0.4686522447816535153, 0.06496062992125983815 ) ) ;
#1118 = FACE_OUTER_BOUND ( 'NONE', #3935, .T. ) ;
#1119 = CARTESIAN_POINT ( 'NONE',  ( 0.8147561280887380963, -0.6971887303151181881, -0.007874015748031495954 ) ) ;
#1120 = ORIENTED_EDGE ( 'NONE', *, *, #3576, .F. ) ;
#1121 = ORIENTED_EDGE ( 'NONE', *, *, #1775, .F. ) ;
#1122 = CARTESIAN_POINT ( 'NONE',  ( 1.015543529663344602, -0.6302595964568091791, 0.07874015748031495954 ) ) ;
#1123 = CARTESIAN_POINT ( 'NONE',  ( 0.7911340808444526917, -0.6302595964568091791, -0.007874015748031495954 ) ) ;
#1124 = PLANE ( 'NONE',  #628 ) ;
#1125 = DIRECTION ( 'NONE',  ( 0.000000000000000000, 0.000000000000000000, -1.000000000000000000 ) ) ;
#1126 = VECTOR ( 'NONE', #2894, 39.37007874015748143 ) ;
#1127 = ORIENTED_EDGE ( 'NONE', *, *, #2395, .F. ) ;
#1128 = ORIENTED_EDGE ( 'NONE', *, *, #531, .T. ) ;
#1129 = ORIENTED_EDGE ( 'NONE', *, *, #1434, .F. ) ;
#1130 = EDGE_CURVE ( 'NONE', #2636, #6234, #6946, .T. ) ;
#1131 = EDGE_CURVE ( 'NONE', #326, #4596, #3990, .T. ) ;
#1132 = DIRECTION ( 'NONE',  ( -1.000000000000000000, 4.111937128241349667E-14, 0.000000000000000000 ) ) ;
#1133 = DIRECTION ( 'NONE',  ( 0.000000000000000000, 0.000000000000000000, -1.000000000000000000 ) ) ;
#1134 = FACE_OUTER_BOUND ( 'NONE', #6119, .T. ) ;
#1135 = ORIENTED_EDGE ( 'NONE', *, *, #4648, .F. ) ;
#1136 = DIRECTION ( 'NONE',  ( -1.000000000000000000, 0.000000000000000000, 0.000000000000000000 ) ) ;
#1137 = DIRECTION ( 'NONE',  ( 0.000000000000000000, 0.000000000000000000, -1.000000000000000000 ) ) ;
#1138 = EDGE_LOOP ( 'NONE', ( #1597, #38, #1291, #2240, #4675, #1826, #801, #5940, #4033, #3458, #4051, #6726 ) ) ;
#1139 = ORIENTED_EDGE ( 'NONE', *, *, #1469, .F. ) ;
#1140 = EDGE_CURVE ( 'NONE', #2675, #6013, #3760, .T. ) ;
#1141 = ORIENTED_EDGE ( 'NONE', *, *, #5690, .F. ) ;
#1142 = CARTESIAN_POINT ( 'NONE',  ( 0.6907403800572066155, -0.4686522447816141579, 0.08070866141732284393 ) ) ;
#1143 = DIRECTION ( 'NONE',  ( 1.000000000000000000, 0.000000000000000000, 0.000000000000000000 ) ) ;
#1144 = CARTESIAN_POINT ( 'NONE',  ( 0.9604254194271298894, -0.5357714074804330595, -0.007874015748031495954 ) ) ;
#1145 = ADVANCED_FACE ( 'NONE', ( #5944 ), #1124, .T. ) ;
#1146 = CARTESIAN_POINT ( 'NONE',  ( -72.67989785495277033, -0.5357714074765393963, -0.07874015748031495954 ) ) ;
#1147 = VERTEX_POINT ( 'NONE', #1719 ) ;
#1148 = PLANE ( 'NONE',  #6831 ) ;
#1149 = CARTESIAN_POINT ( 'NONE',  ( 0.9395166912729547848, -0.5495509350395306747, 0.08070866141732284393 ) ) ;
#1150 = PLANE ( 'NONE',  #4184 ) ;
#1151 = VECTOR ( 'NONE', #1021, 39.37007874015748143 ) ;
#1152 = AXIS2_PLACEMENT_3D ( 'NONE', #5034, #3946, #1836 ) ;
#1153 = CARTESIAN_POINT ( 'NONE',  ( 0.6887400001169994290, -0.4492397339634573439, 0.06102362204724410405 ) ) ;
#1154 = ORIENTED_EDGE ( 'NONE', *, *, #6962, .T. ) ;
#1155 = MECHANICAL_DESIGN_GEOMETRIC_PRESENTATION_REPRESENTATION (  '', ( #5651 ), #2943 ) ;
#1156 = VECTOR ( 'NONE', #1861, 39.37007874015748143 ) ;
#1157 = VERTEX_POINT ( 'NONE', #3826 ) ;
#1158 = DIRECTION ( 'NONE',  ( -0.2777913627915635231, 0.9606414308983378669, 0.000000000000000000 ) ) ;
#1159 = CARTESIAN_POINT ( 'NONE',  ( 0.6953288815396890810, -0.4491572342521267802, 0.08070866141732284393 ) ) ;
#1160 = CARTESIAN_POINT ( 'NONE',  ( 0.9879844745452361909, -0.6302595964568091791, 0.07874015748031495954 ) ) ;
#1161 = DIRECTION ( 'NONE',  ( 1.000000000000000000, 0.000000000000000000, 0.000000000000000000 ) ) ;
#1162 = AXIS2_PLACEMENT_3D ( 'NONE', #4312, #1079, #482 ) ;
#1163 = ORIENTED_EDGE ( 'NONE', *, *, #2395, .T. ) ;
#1164 = ORIENTED_EDGE ( 'NONE', *, *, #5445, .T. ) ;
#1165 = VERTEX_POINT ( 'NONE', #5977 ) ;
#1166 = CARTESIAN_POINT ( 'NONE',  ( 0.7438899863564528703, -0.6302595964568091791, -0.06299212598425196763 ) ) ;
#1167 = CYLINDRICAL_SURFACE ( 'NONE', #2849, 0.01574803149606299885 ) ;
#1168 = CARTESIAN_POINT ( 'NONE',  ( 0.9900088172572442113, -0.5731729822834260579, 0.06003937007874016185 ) ) ;
#1169 = CARTESIAN_POINT ( 'NONE',  ( 0.6981329345725629798, -0.4528621900221267982, 0.06496062992125983815 ) ) ;
#1170 = ORIENTED_EDGE ( 'NONE', *, *, #1808, .F. ) ;
#1171 =( LENGTH_UNIT ( ) NAMED_UNIT ( * ) SI_UNIT ( $, .METRE. ) );
#1172 = DIRECTION ( 'NONE',  ( -1.000000000000000000, 0.000000000000000000, 0.000000000000000000 ) ) ;
#1173 = EDGE_CURVE ( 'NONE', #4872, #4284, #5443, .T. ) ;
#1174 = ORIENTED_EDGE ( 'NONE', *, *, #4657, .T. ) ;
#1175 = EDGE_CURVE ( 'NONE', #784, #5376, #2110, .T. ) ;
#1176 = ORIENTED_EDGE ( 'NONE', *, *, #1741, .F. ) ;
#1177 = EDGE_LOOP ( 'NONE', ( #870, #4996, #5841, #2420 ) ) ;
#1178 = LINE ( 'NONE', #159, #5927 ) ;
#1179 = CARTESIAN_POINT ( 'NONE',  ( 0.6953288815396890810, -0.4590917141166149240, 0.08070866141732284393 ) ) ;
#1180 = CARTESIAN_POINT ( 'NONE',  ( 1.112111900126696806, -0.4686522447816535153, 0.08070866141732284393 ) ) ;
#1181 = EDGE_CURVE ( 'NONE', #6158, #3263, #804, .T. ) ;
#1182 = VECTOR ( 'NONE', #4807, 39.37007874015748143 ) ;
#1183 = CARTESIAN_POINT ( 'NONE',  ( 0.6887718761202302753, -0.5908895177166516577, 0.07874015748031495954 ) ) ;
#1184 = CARTESIAN_POINT ( 'NONE',  ( 0.9900088172572442113, -33.39667614831810738, -0.01968503937007873988 ) ) ;
#1185 = FACE_OUTER_BOUND ( 'NONE', #5748, .T. ) ;
#1186 = VECTOR ( 'NONE', #2658, 39.37007874015748143 ) ;
#1187 = CARTESIAN_POINT ( 'NONE',  ( 0.6730238446241337824, -0.4686522447816141579, -0.07677165354330708902 ) ) ;
#1188 = EDGE_LOOP ( 'NONE', ( #5157, #3927, #6057, #5601 ) ) ;
#1189 = AXIS2_PLACEMENT_3D ( 'NONE', #4614, #6815, #6715 ) ;
#1190 = VERTEX_POINT ( 'NONE', #3371 ) ;
#1191 = FACE_OUTER_BOUND ( 'NONE', #3233, .T. ) ;
#1192 = ORIENTED_EDGE ( 'NONE', *, *, #4529, .T. ) ;
#1193 = LINE ( 'NONE', #736, #4541 ) ;
#1194 = CARTESIAN_POINT ( 'NONE',  ( 1.103584352781971756, -0.4489374964113288513, 0.06102362204722273920 ) ) ;
#1195 = LINE ( 'NONE', #2908, #3508 ) ;
#1196 = AXIS2_PLACEMENT_3D ( 'NONE', #3912, #5492, #5956 ) ;
#1197 = EDGE_CURVE ( 'NONE', #3490, #3805, #5110, .T. ) ;
#1198 = VECTOR ( 'NONE', #3706, 39.37007874015748143 ) ;
#1199 = VERTEX_POINT ( 'NONE', #1786 ) ;
#1200 = VERTEX_POINT ( 'NONE', #3933 ) ;
#1201 = PLANE ( 'NONE',  #2049 ) ;
#1202 = FACE_OUTER_BOUND ( 'NONE', #4629, .T. ) ;
#1203 = DIRECTION ( 'NONE',  ( -4.111937128241349667E-14, -1.000000000000000000, 0.000000000000000000 ) ) ;
#1204 = CARTESIAN_POINT ( 'NONE',  ( 1.103647973297753992, -0.4491572342520874228, 0.08070866141732284393 ) ) ;
#1205 = DIRECTION ( 'NONE',  ( 0.000000000000000000, 0.000000000000000000, 1.000000000000000000 ) ) ;
#1206 = PLANE ( 'NONE',  #5577 ) ;
#1207 = CARTESIAN_POINT ( 'NONE',  ( 0.6691985142999252734, -0.6696296751970117755, 0.08070866141732284393 ) ) ;
#1208 = VERTEX_POINT ( 'NONE', #2278 ) ;
#1209 = VECTOR ( 'NONE', #1702, 39.37007874015748143 ) ;
#1210 = ORIENTED_EDGE ( 'NONE', *, *, #4927, .T. ) ;
#1211 = PLANE ( 'NONE',  #6893 ) ;
#1212 = VERTEX_POINT ( 'NONE', #737 ) ;
#1213 = FACE_OUTER_BOUND ( 'NONE', #118, .T. ) ;
#1214 = DIRECTION ( 'NONE',  ( 0.000000000000000000, 0.000000000000000000, -1.000000000000000000 ) ) ;
#1215 = LINE ( 'NONE', #1671, #3616 ) ;
#1216 = ADVANCED_FACE ( 'NONE', ( #5623 ), #6201, .F. ) ;
#1217 = EDGE_CURVE ( 'NONE', #3805, #1818, #2978, .T. ) ;
#1218 = CARTESIAN_POINT ( 'NONE',  ( 0.7144182660761357884, -0.4491572342519299932, 0.06003937007874016185 ) ) ;
#1219 = DIRECTION ( 'NONE',  ( 0.000000000000000000, -1.000000000000000000, 0.000000000000000000 ) ) ;
#1220 = DIRECTION ( 'NONE',  ( -1.000000000000000000, 0.000000000000000000, 0.000000000000000000 ) ) ;
#1221 = CARTESIAN_POINT ( 'NONE',  ( 1.103647973297753992, -0.4491572342520874228, -0.06102362204724410405 ) ) ;
#1222 = PLANE ( 'NONE',  #2322 ) ;
#1223 = ORIENTED_EDGE ( 'NONE', *, *, #2247, .T. ) ;
#1224 = VERTEX_POINT ( 'NONE', #6267 ) ;
#1225 = EDGE_CURVE ( 'NONE', #2190, #178, #420, .T. ) ;
#1226 = DIRECTION ( 'NONE',  ( 0.000000000000000000, 0.000000000000000000, 1.000000000000000000 ) ) ;
#1227 = CARTESIAN_POINT ( 'NONE',  ( 0.7636308645013326624, -0.5101808562992157237, 0.04429133858267716994 ) ) ;
#1228 = CARTESIAN_POINT ( 'NONE',  ( 1.102705817487324769, -0.4458991272774416870, 0.07086614173228347746 ) ) ;
#1229 = CARTESIAN_POINT ( 'NONE',  ( 1.112111900126696806, -0.4686522447816929282, -0.08070866141732284393 ) ) ;
#1230 = ORIENTED_EDGE ( 'NONE', *, *, #1655, .T. ) ;
#1231 = VERTEX_POINT ( 'NONE', #4594 ) ;
#1232 = DIRECTION ( 'NONE',  ( 0.000000000000000000, 0.000000000000000000, -1.000000000000000000 ) ) ;
#1233 = DIRECTION ( 'NONE',  ( 0.000000000000000000, -1.000000000000000000, 0.000000000000000000 ) ) ;
#1234 = DIRECTION ( 'NONE',  ( -1.000000000000000000, 0.000000000000000000, 0.000000000000000000 ) ) ;
#1235 = CARTESIAN_POINT ( 'NONE',  ( 0.7892214156824370885, -0.5298658956692529065, -0.04429133858267716994 ) ) ;
#1236 = FACE_OUTER_BOUND ( 'NONE', #2516, .T. ) ;
#1237 = DIRECTION ( 'NONE',  ( 1.000000000000000000, 0.000000000000000000, 0.000000000000000000 ) ) ;
#1238 = ORIENTED_EDGE ( 'NONE', *, *, #3229, .T. ) ;
#1239 = ORIENTED_EDGE ( 'NONE', *, *, #3195, .F. ) ;
#1240 = VECTOR ( 'NONE', #4932, 39.37007874015748143 ) ;
#1241 = DIRECTION ( 'NONE',  ( 0.000000000000000000, -1.000000000000000000, 0.000000000000000000 ) ) ;
#1242 = ORIENTED_EDGE ( 'NONE', *, *, #2672, .F. ) ;
#1243 = LINE ( 'NONE', #90, #3339 ) ;
#1244 = LINE ( 'NONE', #4373, #2311 ) ;
#1245 = PLANE ( 'NONE',  #2019 ) ;
#1246 = CARTESIAN_POINT ( 'NONE',  ( 0.9900088172572442113, -0.5731729822834260579, 0.06003937007874016185 ) ) ;
#1247 = DIRECTION ( 'NONE',  ( 0.000000000000000000, 0.000000000000000000, 1.000000000000000000 ) ) ;
#1248 = CARTESIAN_POINT ( 'NONE',  ( 0.7871970729704389491, -1.063330462598543358, 0.06299212598425196763 ) ) ;
#1249 = LINE ( 'NONE', #1813, #2361 ) ;
#1250 = FACE_OUTER_BOUND ( 'NONE', #2065, .T. ) ;
#1251 = VECTOR ( 'NONE', #6665, 39.37007874015748143 ) ;
#1252 = EDGE_CURVE ( 'NONE', #2680, #5346, #6762, .T. ) ;
#1253 = EDGE_CURVE ( 'NONE', #4851, #3426, #2024, .T. ) ;
#1254 = ORIENTED_EDGE ( 'NONE', *, *, #665, .F. ) ;
#1255 = ADVANCED_FACE ( 'NONE', ( #4034 ), #6297, .F. ) ;
#1256 = VERTEX_POINT ( 'NONE', #4070 ) ;
#1257 = AXIS2_PLACEMENT_3D ( 'NONE', #3130, #4609, #1937 ) ;
#1258 = DIRECTION ( 'NONE',  ( -1.110223024625156036E-13, 1.000000000000000000, 0.000000000000000000 ) ) ;
#1259 = LINE ( 'NONE', #4357, #5104 ) ;
#1260 = CARTESIAN_POINT ( 'NONE',  ( 1.102262464485910476, -0.4443659503951038481, 0.06102362204741428042 ) ) ;
#1261 = CARTESIAN_POINT ( 'NONE',  ( 0.8580632147027226209, -0.5357714074804330595, 0.007874015748031495954 ) ) ;
#1262 = EDGE_CURVE ( 'NONE', #2558, #3516, #6899, .T. ) ;
#1263 = VECTOR ( 'NONE', #5811, 39.37007874015748143 ) ;
#1264 = VECTOR ( 'NONE', #285, 39.37007874015748143 ) ;
#1265 = ORIENTED_EDGE ( 'NONE', *, *, #6149, .F. ) ;
#1266 = ORIENTED_EDGE ( 'NONE', *, *, #4927, .F. ) ;
#1267 = CARTESIAN_POINT ( 'NONE',  ( 0.7761308645013051954, -0.6499446358269291846, -0.08070866141732284393 ) ) ;
#1268 = CARTESIAN_POINT ( 'NONE',  ( 0.6980210883529109900, -0.4491572342521059080, 0.06559956107634468125 ) ) ;
#1269 = PLANE ( 'NONE',  #1628 ) ;
#1270 = DIRECTION ( 'NONE',  ( 0.000000000000000000, 0.000000000000000000, 1.000000000000000000 ) ) ;
#1271 = VECTOR ( 'NONE', #3001, 39.37007874015748854 ) ;
#1272 = CARTESIAN_POINT ( 'NONE',  ( 1.103647973297753992, -0.4491572342520874228, -0.07086614173228347746 ) ) ;
#1273 = CARTESIAN_POINT ( 'NONE',  ( 0.6887718761201948592, -0.4491572342521267802, 0.08070866141732284393 ) ) ;
#1274 = ORIENTED_EDGE ( 'NONE', *, *, #5377, .F. ) ;
#1275 = ORIENTED_EDGE ( 'NONE', *, *, #791, .T. ) ;
#1276 = EDGE_CURVE ( 'NONE', #416, #2074, #1402, .T. ) ;
#1277 = CARTESIAN_POINT ( 'NONE',  ( 0.9879844745452361909, -0.7877399114174391537, -0.007874015748031495954 ) ) ;
#1278 = ORIENTED_EDGE ( 'NONE', *, *, #82, .F. ) ;
#1279 = ORIENTED_EDGE ( 'NONE', *, *, #658, .T. ) ;
#1280 = CARTESIAN_POINT ( 'NONE',  ( 0.7557568487533014023, -0.5731729822834260579, -0.06003937007874016185 ) ) ;
#1281 = CARTESIAN_POINT ( 'NONE',  ( 0.7262292896981831225, -0.5849840059054763897, 0.06003937007874016185 ) ) ;
#1282 = LINE ( 'NONE', #5964, #1126 ) ;
#1283 = ADVANCED_FACE ( 'NONE', ( #382 ), #1994, .F. ) ;
#1284 = VECTOR ( 'NONE', #2880, 39.37007874015748143 ) ;
#1285 = DIRECTION ( 'NONE',  ( 0.000000000000000000, 0.000000000000000000, 1.000000000000000000 ) ) ;
#1286 = LINE ( 'NONE', #3002, #2875 ) ;
#1287 = CARTESIAN_POINT ( 'NONE',  ( 0.7754418881233877681, -0.4904958169290952741, 0.03051181102362205202 ) ) ;
#1288 = SURFACE_STYLE_FILL_AREA ( #2826 ) ;
#1289 = CARTESIAN_POINT ( 'NONE',  ( 0.6887718761201948592, -0.4686522447816141579, 0.08070866141732284393 ) ) ;
#1290 = VECTOR ( 'NONE', #3825, 39.37007874015748143 ) ;
#1291 = ORIENTED_EDGE ( 'NONE', *, *, #2312, .T. ) ;
#1292 = VECTOR ( 'NONE', #3470, 39.37007874015748143 ) ;
#1293 = ORIENTED_EDGE ( 'NONE', *, *, #2245, .T. ) ;
#1294 = DIRECTION ( 'NONE',  ( 1.000000000000000000, 0.000000000000000000, 0.000000000000000000 ) ) ;
#1295 = ORIENTED_EDGE ( 'NONE', *, *, #5393, .T. ) ;
#1296 = DIRECTION ( 'NONE',  ( 0.000000000000000000, 0.000000000000000000, 1.000000000000000000 ) ) ;
#1297 = CARTESIAN_POINT ( 'NONE',  ( 1.108747841484018393, -0.4308608785006204922, 0.06102362204724410405 ) ) ;
#1298 = CARTESIAN_POINT ( 'NONE',  ( 0.7892214156824370885, -0.5101808562992157237, -0.06003937007874016185 ) ) ;
#1299 = EDGE_CURVE ( 'NONE', #1556, #6369, #3648, .T. ) ;
#1300 = EDGE_CURVE ( 'NONE', #4918, #2558, #1466, .T. ) ;
#1301 = VECTOR ( 'NONE', #6966, 39.37007874015748143 ) ;
#1302 = VERTEX_POINT ( 'NONE', #3082 ) ;
#1303 = ORIENTED_EDGE ( 'NONE', *, *, #4492, .F. ) ;
#1304 = CARTESIAN_POINT ( 'NONE',  ( 1.099426393296936810, -0.4345584183326438033, -0.07086614173228578117 ) ) ;
#1305 = PLANE ( 'NONE',  #3302 ) ;
#1306 = VECTOR ( 'NONE', #2326, 39.37007874015748143 ) ;
#1307 = CARTESIAN_POINT ( 'NONE',  ( 1.058850616277521750, -0.6302595964568091791, -0.07874015748031495954 ) ) ;
#1308 = FACE_OUTER_BOUND ( 'NONE', #6156, .T. ) ;
#1309 = EDGE_CURVE ( 'NONE', #2156, #1622, #4170, .T. ) ;
#1310 = EDGE_CURVE ( 'NONE', #784, #5105, #5260, .T. ) ;
#1311 = AXIS2_PLACEMENT_3D ( 'NONE', #1119, #4380, #6542 ) ;
#1312 =( NAMED_UNIT ( * ) PLANE_ANGLE_UNIT ( ) SI_UNIT ( $, .RADIAN. ) );
#1313 = CARTESIAN_POINT ( 'NONE',  ( 0.7028089659448012450, -0.4366918175027173499, 0.07086614173229152658 ) ) ;
#1314 = ORIENTED_EDGE ( 'NONE', *, *, #3246, .F. ) ;
#1315 = ORIENTED_EDGE ( 'NONE', *, *, #984, .F. ) ;
#1316 = AXIS2_PLACEMENT_3D ( 'NONE', #1988, #4622, #902 ) ;
#1317 = DIRECTION ( 'NONE',  ( 0.000000000000000000, 0.000000000000000000, 1.000000000000000000 ) ) ;
#1318 = ORIENTED_EDGE ( 'NONE', *, *, #6688, .T. ) ;
#1319 = EDGE_CURVE ( 'NONE', #1695, #6336, #3218, .T. ) ;
#1320 = VERTEX_POINT ( 'NONE', #1541 ) ;
#1321 = CARTESIAN_POINT ( 'NONE',  ( 0.8410914944225630352, -0.5495509350395306747, 0.08070866141732284393 ) ) ;
#1322 = LINE ( 'NONE', #5210, #1863 ) ;
#1323 = DIRECTION ( 'NONE',  ( -2.523234146875315155E-14, 1.000000000000000000, 0.000000000000000000 ) ) ;
#1324 = VECTOR ( 'NONE', #6779, 39.37007874015748143 ) ;
#1325 = CARTESIAN_POINT ( 'NONE',  ( 1.099426393296936810, -0.4345584183326438033, -0.07086614173228578117 ) ) ;
#1326 = LINE ( 'NONE', #5581, #5467 ) ;
#1327 = DIRECTION ( 'NONE',  ( -1.000000000000000000, 0.000000000000000000, 0.000000000000000000 ) ) ;
#1328 = AXIS2_PLACEMENT_3D ( 'NONE', #5501, #1739, #3356 ) ;
#1329 = CARTESIAN_POINT ( 'NONE',  ( 0.7840048802493366775, -0.5908895177166575419, -0.08070866141732284393 ) ) ;
#1330 = EDGE_CURVE ( 'NONE', #2975, #569, #2760, .T. ) ;
#1331 = VERTEX_POINT ( 'NONE', #1675 ) ;
#1332 = ORIENTED_EDGE ( 'NONE', *, *, #1217, .T. ) ;
#1333 = CARTESIAN_POINT ( 'NONE',  ( 0.6935124299162600536, -0.4334092027560654259, -0.06102362204724410405 ) ) ;
#1334 = ORIENTED_EDGE ( 'NONE', *, *, #2854, .F. ) ;
#1335 = CARTESIAN_POINT ( 'NONE',  ( 1.113225350258976842, -0.4465950603893700244, 0.06102362204724395139 ) ) ;
#1336 = LINE ( 'NONE', #5516, #3614 ) ;
#1337 = ORIENTED_EDGE ( 'NONE', *, *, #5553, .T. ) ;
#1338 = EDGE_LOOP ( 'NONE', ( #581, #664, #2765, #4369, #3973, #5961, #5306, #349, #4355, #5013 ) ) ;
#1339 = DIRECTION ( 'NONE',  ( -1.000000000000000000, -4.014868514065930030E-13, 0.000000000000000000 ) ) ;
#1340 = CARTESIAN_POINT ( 'NONE',  ( 0.8915836204068524617, -0.3152989665353965187, 0.03937007874015747977 ) ) ;
#1341 = CARTESIAN_POINT ( 'NONE',  ( 1.059595431430434997, -0.5908895177166949564, -0.08070866141732284393 ) ) ;
#1342 = CARTESIAN_POINT ( 'NONE',  ( -15.73571914371283498, -17.06464897474958775, 0.01968503937007873988 ) ) ;
#1343 = CARTESIAN_POINT ( 'NONE',  ( 0.6911358675202047275, -0.4416276889486623336, 0.06102362204724410405 ) ) ;
#1344 = ORIENTED_EDGE ( 'NONE', *, *, #6074, .T. ) ;
#1345 = EDGE_CURVE ( 'NONE', #2598, #6898, #3149, .T. ) ;
#1346 = EDGE_LOOP ( 'NONE', ( #2668, #5923, #2063, #5408 ) ) ;
#1347 = EDGE_CURVE ( 'NONE', #363, #2902, #6406, .T. ) ;
#1348 = ADVANCED_FACE ( 'NONE', ( #5292 ), #4761, .F. ) ;
#1349 = CARTESIAN_POINT ( 'NONE',  ( 1.058850616277521750, -0.5908895177166516577, 0.06299212598425196763 ) ) ;
#1350 = PLANE ( 'NONE',  #614 ) ;
#1351 = EDGE_LOOP ( 'NONE', ( #6757, #4895, #1803, #6871 ) ) ;
#1352 = CARTESIAN_POINT ( 'NONE',  ( 1.114080404063698904, -0.4686522447816535153, -0.07677165354330708902 ) ) ;
#1353 = CARTESIAN_POINT ( 'NONE',  ( 0.9152056676509450206, -0.5298658956692529065, 0.04429133858267716994 ) ) ;
#1354 = DIRECTION ( 'NONE',  ( 1.000000000000000000, 2.467162276946890197E-12, 0.000000000000000000 ) ) ;
#1355 = VECTOR ( 'NONE', #3329, 39.37007874015748143 ) ;
#1356 = ORIENTED_EDGE ( 'NONE', *, *, #1918, .F. ) ;
#1357 = EDGE_CURVE ( 'NONE', #4851, #6451, #6370, .T. ) ;
#1358 = VECTOR ( 'NONE', #6399, 39.37007874015748143 ) ;
#1359 = DIRECTION ( 'NONE',  ( -1.000000000000000000, 5.286776307738859121E-14, 0.000000000000000000 ) ) ;
#1360 = CARTESIAN_POINT ( 'NONE',  ( 0.9289851952100020016, -0.4904958169290952741, 0.03051181102362205202 ) ) ;
#1361 = PLANE ( 'NONE',  #4219 ) ;
#1362 = DIRECTION ( 'NONE',  ( 1.000000000000000000, 0.000000000000000000, 0.000000000000000000 ) ) ;
#1363 = CARTESIAN_POINT ( 'NONE',  ( 1.011606521789328639, -0.7129367618111791538, 0.007874015748031495954 ) ) ;
#1364 = ORIENTED_EDGE ( 'NONE', *, *, #3989, .T. ) ;
#1365 = EDGE_CURVE ( 'NONE', #3148, #220, #5901, .T. ) ;
#1366 = EDGE_LOOP ( 'NONE', ( #5606, #4846, #3718, #3972 ) ) ;
#1367 = DIRECTION ( 'NONE',  ( 0.000000000000000000, -1.000000000000000000, 0.000000000000000000 ) ) ;
#1368 = ORIENTED_EDGE ( 'NONE', *, *, #3236, .T. ) ;
#1369 = CARTESIAN_POINT ( 'NONE',  ( 1.113575200979913360, -0.4477371391523062294, 0.06102362204724410405 ) ) ;
#1370 = ORIENTED_EDGE ( 'NONE', *, *, #10, .F. ) ;
#1371 = VERTEX_POINT ( 'NONE', #4248 ) ;
#1372 = LINE ( 'NONE', #1998, #6104 ) ;
#1373 = DIRECTION ( 'NONE',  ( 0.000000000000000000, 0.000000000000000000, -1.000000000000000000 ) ) ;
#1374 = CARTESIAN_POINT ( 'NONE',  ( 0.7636308645013326624, -0.5849840059054763897, -0.06003937007874016185 ) ) ;
#1375 = CARTESIAN_POINT ( 'NONE',  ( 0.7144182660761357884, -0.4491572342519299932, -0.06003937007874016185 ) ) ;
#1376 = CARTESIAN_POINT ( 'NONE',  ( 0.6910021517575737349, -0.4415890219915339365, 0.06102362204723928846 ) ) ;
#1377 = VECTOR ( 'NONE', #4951, 39.37007874015748143 ) ;
#1378 = EDGE_LOOP ( 'NONE', ( #5689, #2467, #319, #3703 ) ) ;
#1379 = ORIENTED_EDGE ( 'NONE', *, *, #916, .F. ) ;
#1380 = VECTOR ( 'NONE', #68, 39.37007874015748143 ) ;
#1381 = PLANE ( 'NONE',  #5980 ) ;
#1382 = ORIENTED_EDGE ( 'NONE', *, *, #1776, .F. ) ;
#1383 = ORIENTED_EDGE ( 'NONE', *, *, #237, .T. ) ;
#1384 = DIRECTION ( 'NONE',  ( 0.000000000000000000, 0.000000000000000000, -1.000000000000000000 ) ) ;
#1385 = CARTESIAN_POINT ( 'NONE',  ( 0.6887718761201948592, -0.6696296751970117755, 0.08070866141732284393 ) ) ;
#1386 = DIRECTION ( 'NONE',  ( 0.000000000000000000, 0.000000000000000000, 1.000000000000000000 ) ) ;
#1387 = ADVANCED_FACE ( 'NONE', ( #5434 ), #5364, .T. ) ;
#1388 = EDGE_CURVE ( 'NONE', #1870, #5023, #1047, .T. ) ;
#1389 = VECTOR ( 'NONE', #1359, 39.37007874015748143 ) ;
#1390 = ORIENTED_EDGE ( 'NONE', *, *, #5490, .F. ) ;
#1391 = DIRECTION ( 'NONE',  ( 0.000000000000000000, 0.000000000000000000, -1.000000000000000000 ) ) ;
#1392 = CARTESIAN_POINT ( 'NONE',  ( 0.7438899863564528703, -0.5908895177166516577, 0.06299212598425196763 ) ) ;
#1393 = DIRECTION ( 'NONE',  ( 0.000000000000000000, 0.000000000000000000, -1.000000000000000000 ) ) ;
#1394 = DIRECTION ( 'NONE',  ( 0.000000000000000000, -1.000000000000000000, 0.000000000000000000 ) ) ;
#1395 = EDGE_CURVE ( 'NONE', #4525, #1870, #1573, .T. ) ;
#1396 = FACE_OUTER_BOUND ( 'NONE', #6441, .T. ) ;
#1397 = VECTOR ( 'NONE', #4429, 39.37007874015748143 ) ;
#1398 = ORIENTED_EDGE ( 'NONE', *, *, #5928, .T. ) ;
#1399 = ORIENTED_EDGE ( 'NONE', *, *, #4520, .T. ) ;
#1400 = CARTESIAN_POINT ( 'NONE',  ( 0.9781977936351987646, -0.5849840059054763897, 0.06003937007874016185 ) ) ;
#1401 = ORIENTED_EDGE ( 'NONE', *, *, #5377, .T. ) ;
#1402 = LINE ( 'NONE', #3582, #2747 ) ;
#1403 = VECTOR ( 'NONE', #3019, 39.37007874015748143 ) ;
#1404 = DIRECTION ( 'NONE',  ( -1.000000000000000000, 0.000000000000000000, 0.000000000000000000 ) ) ;
#1405 = EDGE_CURVE ( 'NONE', #2004, #2647, #4867, .T. ) ;
#1406 = ORIENTED_EDGE ( 'NONE', *, *, #5030, .F. ) ;
#1407 = AXIS2_PLACEMENT_3D ( 'NONE', #1287, #1327, #2790 ) ;
#1408 = ORIENTED_EDGE ( 'NONE', *, *, #4444, .F. ) ;
#1409 = CARTESIAN_POINT ( 'NONE',  ( 0.7871970729706301295, -0.5908895177166516577, 0.07874015748031495954 ) ) ;
#1410 = CARTESIAN_POINT ( 'NONE',  ( 1.129828435559769861, -0.6696296751970117755, 0.08070866141732284393 ) ) ;
#1411 = DIRECTION ( 'NONE',  ( 0.000000000000000000, 0.000000000000000000, -1.000000000000000000 ) ) ;
#1412 = LINE ( 'NONE', #3621, #596 ) ;
#1413 = AXIS2_PLACEMENT_3D ( 'NONE', #5614, #128, #3361 ) ;
#1414 = ORIENTED_EDGE ( 'NONE', *, *, #834, .F. ) ;
#1415 = ORIENTED_EDGE ( 'NONE', *, *, #1734, .T. ) ;
#1416 = VECTOR ( 'NONE', #6929, 39.37007874015748143 ) ;
#1417 = DIRECTION ( 'NONE',  ( -0.000000000000000000, 1.000000000000000000, 0.000000000000000000 ) ) ;
#1418 = DIRECTION ( 'NONE',  ( 1.000000000000000000, 0.000000000000000000, 0.000000000000000000 ) ) ;
#1419 = ORIENTED_EDGE ( 'NONE', *, *, #1107, .T. ) ;
#1420 = CARTESIAN_POINT ( 'NONE',  ( 0.7871970729706301295, -0.7877399114174391537, 0.07874015748031495954 ) ) ;
#1421 = CARTESIAN_POINT ( 'NONE',  ( 0.6907403800572066155, -0.4686522447816141579, -0.06496062992125983815 ) ) ;
#1422 = CARTESIAN_POINT ( 'NONE',  ( 1.114080404063698904, -0.4491572342520874228, 0.06102362204724410405 ) ) ;
#1423 = VERTEX_POINT ( 'NONE', #4314 ) ;
#1424 = VECTOR ( 'NONE', #6148, 39.37007874015748143 ) ;
#1425 = CARTESIAN_POINT ( 'NONE',  ( 0.9289851952100020016, -0.5534879429133489070, 0.01968503937007873988 ) ) ;
#1426 = VECTOR ( 'NONE', #663, 39.37007874015748143 ) ;
#1427 = CYLINDRICAL_SURFACE ( 'NONE', #5921, 0.007874015748021887320 ) ;
#1428 = CARTESIAN_POINT ( 'NONE',  ( -72.67989785495451827, -0.6971887303151181881, -0.007874015748031495954 ) ) ;
#1429 = FACE_OUTER_BOUND ( 'NONE', #3691, .T. ) ;
#1430 = CARTESIAN_POINT ( 'NONE',  ( 0.8147561280887380963, -0.7877399114174391537, 0.07874015748031495954 ) ) ;
#1431 = EDGE_LOOP ( 'NONE', ( #1800, #2146, #3793, #946 ) ) ;
#1432 = VECTOR ( 'NONE', #6288, 39.37007874015748143 ) ;
#1433 = EDGE_CURVE ( 'NONE', #3561, #6671, #3786, .T. ) ;
#1434 = EDGE_CURVE ( 'NONE', #6634, #4574, #2205, .T. ) ;
#1435 = ORIENTED_EDGE ( 'NONE', *, *, #6212, .F. ) ;
#1436 = DIRECTION ( 'NONE',  ( 0.000000000000000000, 1.000000000000000000, 0.000000000000000000 ) ) ;
#1437 = VERTEX_POINT ( 'NONE', #2621 ) ;
#1438 = CARTESIAN_POINT ( 'NONE',  ( 1.058850616277521750, -1.063330462598543358, 0.06299212598425196763 ) ) ;
#1439 = DIRECTION ( 'NONE',  ( 1.000000000000000000, -7.569702440625950512E-14, 0.000000000000000000 ) ) ;
#1440 = VERTEX_POINT ( 'NONE', #2060 ) ;
#1441 = EDGE_CURVE ( 'NONE', #3765, #2030, #627, .T. ) ;
#1442 = ORIENTED_EDGE ( 'NONE', *, *, #887, .T. ) ;
#1443 = LINE ( 'NONE', #4038, #3057 ) ;
#1444 = DIRECTION ( 'NONE',  ( 0.000000000000000000, 0.000000000000000000, 1.000000000000000000 ) ) ;
#1445 = DIRECTION ( 'NONE',  ( 0.000000000000000000, -1.000000000000000000, 0.000000000000000000 ) ) ;
#1446 = CARTESIAN_POINT ( 'NONE',  ( 0.6907403800572066155, -0.5908895177166575419, -0.08070866141732284393 ) ) ;
#1447 = ORIENTED_EDGE ( 'NONE', *, *, #2286, .F. ) ;
#1448 = ORIENTED_EDGE ( 'NONE', *, *, #3989, .F. ) ;
#1449 = EDGE_CURVE ( 'NONE', #6590, #5319, #591, .T. ) ;
#1450 = CARTESIAN_POINT ( 'NONE',  ( 0.9407962188320474484, -0.4491572342519299932, 0.06003937007874016185 ) ) ;
#1451 = DIRECTION ( 'NONE',  ( 0.000000000000000000, 0.000000000000000000, 1.000000000000000000 ) ) ;
#1452 = EDGE_LOOP ( 'NONE', ( #1414, #5518, #6527, #6374 ) ) ;
#1453 = CARTESIAN_POINT ( 'NONE',  ( 1.058850616277521750, -0.7877399114174391537, 0.07874015748031495954 ) ) ;
#1454 = DIRECTION ( 'NONE',  ( 0.000000000000000000, 0.000000000000000000, -1.000000000000000000 ) ) ;
#1455 = DIRECTION ( 'NONE',  ( -6.530723674265489280E-14, -1.000000000000000000, 0.000000000000000000 ) ) ;
#1456 = ORIENTED_EDGE ( 'NONE', *, *, #1053, .T. ) ;
#1457 = DIRECTION ( 'NONE',  ( 0.000000000000000000, 0.000000000000000000, 1.000000000000000000 ) ) ;
#1458 = DIRECTION ( 'NONE',  ( 1.000000000000000000, 0.000000000000000000, 0.000000000000000000 ) ) ;
#1459 = LINE ( 'NONE', #3539, #5114 ) ;
#1460 = DIRECTION ( 'NONE',  ( 1.000000000000000000, -4.111937128241349667E-14, 0.000000000000000000 ) ) ;
#1461 = CIRCLE ( 'NONE', #3373, 0.01574803149606125718 ) ;
#1462 = CARTESIAN_POINT ( 'NONE',  ( 0.8895592776948445524, -0.6971887303151181881, -0.007874015748031495954 ) ) ;
#1463 = ORIENTED_EDGE ( 'NONE', *, *, #360, .T. ) ;
#1464 = LINE ( 'NONE', #5155, #4627 ) ;
#1465 = ORIENTED_EDGE ( 'NONE', *, *, #449, .T. ) ;
#1466 = LINE ( 'NONE', #5765, #5795 ) ;
#1467 = FILL_AREA_STYLE_COLOUR ( '', #5988 ) ;
#1468 = EDGE_CURVE ( 'NONE', #6013, #1748, #5397, .T. ) ;
#1469 = EDGE_CURVE ( 'NONE', #4634, #21, #60, .T. ) ;
#1470 = ORIENTED_EDGE ( 'NONE', *, *, #3450, .F. ) ;
#1471 = ORIENTED_EDGE ( 'NONE', *, *, #359, .F. ) ;
#1472 = LINE ( 'NONE', #4179, #4299 ) ;
#1473 = CARTESIAN_POINT ( 'NONE',  ( 0.7438899863564528703, -0.6302595964568091791, 0.07874015748031495954 ) ) ;
#1474 = CARTESIAN_POINT ( 'NONE',  ( 0.7892214156824370885, -0.5101808562992157237, 0.04429133858267716994 ) ) ;
#1475 = FACE_OUTER_BOUND ( 'NONE', #1926, .T. ) ;
#1476 = EDGE_CURVE ( 'NONE', #4640, #5778, #4801, .T. ) ;
#1477 = ADVANCED_FACE ( 'NONE', ( #3328 ), #5542, .F. ) ;
#1478 = ORIENTED_EDGE ( 'NONE', *, *, #3419, .T. ) ;
#1479 = ORIENTED_EDGE ( 'NONE', *, *, #5730, .T. ) ;
#1480 = ORIENTED_EDGE ( 'NONE', *, *, #5309, .F. ) ;
#1481 = LINE ( 'NONE', #5746, #697 ) ;
#1482 = CARTESIAN_POINT ( 'NONE',  ( 0.7596380178525137250, -0.5357714074804330595, 0.007874015748031495954 ) ) ;
#1483 = VECTOR ( 'NONE', #4878, 39.37007874015748143 ) ;
#1484 = ORIENTED_EDGE ( 'NONE', *, *, #4183, .F. ) ;
#1485 = AXIS2_PLACEMENT_3D ( 'NONE', #3982, #6143, #1317 ) ;
#1486 = CARTESIAN_POINT ( 'NONE',  ( 0.9900088172572442113, -0.5731729822834260579, 0.03051181102362205202 ) ) ;
#1487 = DIRECTION ( 'NONE',  ( 1.000000000000000000, 0.000000000000000000, 0.000000000000000000 ) ) ;
#1488 = DIRECTION ( 'NONE',  ( 0.000000000000000000, 0.000000000000000000, -1.000000000000000000 ) ) ;
#1489 = EDGE_CURVE ( 'NONE', #6376, #131, #4480, .T. ) ;
#1490 = EDGE_LOOP ( 'NONE', ( #424, #5942, #1054, #3896 ) ) ;
#1491 = VECTOR ( 'NONE', #883, 39.37007874015748143 ) ;
#1492 = LINE ( 'NONE', #6359, #5460 ) ;
#1493 = CARTESIAN_POINT ( 'NONE',  ( 0.6415277816318543103, -0.6302595964568091791, -0.007874015748031495954 ) ) ;
#1494 = FACE_BOUND ( 'NONE', #3732, .T. ) ;
#1495 = CARTESIAN_POINT ( 'NONE',  ( 0.9407962188320474484, -0.5298658956692529065, -0.06003937007874016185 ) ) ;
#1496 = EDGE_CURVE ( 'NONE', #4327, #1231, #5582, .T. ) ;
#1497 = LINE ( 'NONE', #516, #4710 ) ;
#1498 = VECTOR ( 'NONE', #6287, 39.37007874015748143 ) ;
#1499 = VERTEX_POINT ( 'NONE', #3856 ) ;
#1500 = CARTESIAN_POINT ( 'NONE',  ( 1.114080404063698904, -0.4529042132855922165, -0.07677165354330708902 ) ) ;
#1501 = ORIENTED_EDGE ( 'NONE', *, *, #5948, .F. ) ;
#1502 = DIRECTION ( 'NONE',  ( -7.859986015045359736E-14, 0.000000000000000000, 1.000000000000000000 ) ) ;
#1503 = DIRECTION ( 'NONE',  ( 0.000000000000000000, 0.000000000000000000, -1.000000000000000000 ) ) ;
#1504 = CARTESIAN_POINT ( 'NONE',  ( 0.6991414734096768058, -0.4493742713348488071, 0.06102362204724459671 ) ) ;
#1505 = VECTOR ( 'NONE', #3492, 39.37007874015748143 ) ;
#1506 = ORIENTED_EDGE ( 'NONE', *, *, #2247, .F. ) ;
#1507 = VECTOR ( 'NONE', #2118, 39.37007874015748143 ) ;
#1508 = EDGE_LOOP ( 'NONE', ( #3692, #4233, #6567, #1874 ) ) ;
#1509 = CARTESIAN_POINT ( 'NONE',  ( 0.9407962188320474484, -0.5298658956692529065, -0.04429133858267716994 ) ) ;
#1510 = LINE ( 'NONE', #6945, #6578 ) ;
#1511 = CARTESIAN_POINT ( 'NONE',  ( 1.043102584781460562, -0.5908895177166516577, 0.007874015748031495954 ) ) ;
#1512 = LINE ( 'NONE', #5165, #4960 ) ;
#1513 = VECTOR ( 'NONE', #4385, 39.37007874015748143 ) ;
#1514 = VERTEX_POINT ( 'NONE', #6005 ) ;
#1515 = VERTEX_POINT ( 'NONE', #6648 ) ;
#1516 = VERTEX_POINT ( 'NONE', #4936 ) ;
#1517 = EDGE_CURVE ( 'NONE', #4401, #5887, #1845, .T. ) ;
#1518 = ADVANCED_FACE ( 'NONE', ( #1185 ), #3892, .F. ) ;
#1519 = CARTESIAN_POINT ( 'NONE',  ( -72.67989785495451827, -0.6971887303151181881, -0.07874015748031495954 ) ) ;
#1520 = PLANE ( 'NONE',  #3644 ) ;
#1521 = AXIS2_PLACEMENT_3D ( 'NONE', #1082, #2167, #3750 ) ;
#1522 = ORIENTED_EDGE ( 'NONE', *, *, #2973, .T. ) ;
#1523 = CARTESIAN_POINT ( 'NONE',  ( 0.7525088172572126366, -0.6499446358269291846, 0.06496062992125983815 ) ) ;
#1524 = LINE ( 'NONE', #2644, #4665 ) ;
#1525 = LINE ( 'NONE', #5822, #1198 ) ;
#1526 = ORIENTED_EDGE ( 'NONE', *, *, #1981, .T. ) ;
#1527 = VECTOR ( 'NONE', #6219, 39.37007874015748143 ) ;
#1528 = EDGE_CURVE ( 'NONE', #6129, #2172, #165, .T. ) ;
#1529 = DIRECTION ( 'NONE',  ( 0.000000000000000000, -1.000000000000000000, 0.000000000000000000 ) ) ;
#1530 = LINE ( 'NONE', #3677, #11 ) ;
#1531 = LINE ( 'NONE', #5285, #5014 ) ;
#1532 = DIRECTION ( 'NONE',  ( 0.000000000000000000, 0.000000000000000000, 1.000000000000000000 ) ) ;
#1533 = VECTOR ( 'NONE', #6023, 39.37007874015748143 ) ;
#1534 = DIRECTION ( 'NONE',  ( 0.000000000000000000, 1.000000000000000000, 0.000000000000000000 ) ) ;
#1535 = VECTOR ( 'NONE', #44, 39.37007874015748143 ) ;
#1536 = EDGE_LOOP ( 'NONE', ( #1782, #6876, #5389, #2910 ) ) ;
#1537 = VECTOR ( 'NONE', #4281, 39.37007874015748143 ) ;
#1538 = ADVANCED_FACE ( 'NONE', ( #3396 ), #2268, .F. ) ;
#1539 = FACE_OUTER_BOUND ( 'NONE', #357, .T. ) ;
#1540 = ORIENTED_EDGE ( 'NONE', *, *, #5490, .T. ) ;
#1541 = CARTESIAN_POINT ( 'NONE',  ( 1.114080404063698904, -0.6696296751970117755, -0.08070866141732284393 ) ) ;
#1542 = CARTESIAN_POINT ( 'NONE',  ( 0.8895592776948445524, -0.6971887303151181881, 0.007874015748031495954 ) ) ;
#1543 = LINE ( 'NONE', #2588, #2533 ) ;
#1544 = AXIS2_PLACEMENT_3D ( 'NONE', #898, #5180, #4479 ) ;
#1545 = EDGE_LOOP ( 'NONE', ( #825, #3947, #2182, #3507 ) ) ;
#1546 = ORIENTED_EDGE ( 'NONE', *, *, #1468, .F. ) ;
#1547 = CARTESIAN_POINT ( 'NONE',  ( 1.110705391767238259, -0.4657805766128355063, 0.06496062992125983815 ) ) ;
#1548 = DIRECTION ( 'NONE',  ( 1.000000000000000000, 0.000000000000000000, 0.000000000000000000 ) ) ;
#1549 = DIRECTION ( 'NONE',  ( 0.000000000000000000, 0.000000000000000000, -1.000000000000000000 ) ) ;
#1550 = CARTESIAN_POINT ( 'NONE',  ( 0.6887718761201948592, -0.4491572342521267802, -0.04527559055118110520 ) ) ;
#1551 = EDGE_LOOP ( 'NONE', ( #2945, #6309, #3034, #6176 ) ) ;
#1552 = ORIENTED_EDGE ( 'NONE', *, *, #191, .F. ) ;
#1553 = VERTEX_POINT ( 'NONE', #5010 ) ;
#1554 = CARTESIAN_POINT ( 'NONE',  ( 0.7144182660761357884, -0.5180548720472071267, 0.06003937007874016185 ) ) ;
#1555 = DIRECTION ( 'NONE',  ( 0.000000000000000000, 0.000000000000000000, -1.000000000000000000 ) ) ;
#1556 = VERTEX_POINT ( 'NONE', #1710 ) ;
#1557 = DIRECTION ( 'NONE',  ( 4.111937128241349667E-14, 1.000000000000000000, 0.000000000000000000 ) ) ;
#1558 = DIRECTION ( 'NONE',  ( 0.000000000000000000, -1.000000000000000000, 0.000000000000000000 ) ) ;
#1559 = DIRECTION ( 'NONE',  ( 0.000000000000000000, 0.000000000000000000, 1.000000000000000000 ) ) ;
#1560 = ADVANCED_FACE ( 'NONE', ( #1812 ), #6615, .T. ) ;
#1561 = ADVANCED_FACE ( 'NONE', ( #3955 ), #6154, .T. ) ;
#1562 = ORIENTED_EDGE ( 'NONE', *, *, #6862, .T. ) ;
#1563 = ADVANCED_FACE ( 'NONE', ( #96 ), #661, .F. ) ;
#1564 = VERTEX_POINT ( 'NONE', #691 ) ;
#1565 = CARTESIAN_POINT ( 'NONE',  ( 0.8895592776948445524, -0.6971887303151181881, 0.007874015748031495954 ) ) ;
#1566 = DIRECTION ( 'NONE',  ( -1.000000000000000000, 0.000000000000000000, 0.000000000000000000 ) ) ;
#1567 = CARTESIAN_POINT ( 'NONE',  ( 1.011606521789521596, -0.7877399114174391537, -0.2027559055118110243 ) ) ;
#1568 = CARTESIAN_POINT ( 'NONE',  ( 0.9997954981672834140, -0.6971887303151181881, -0.2027559055118110243 ) ) ;
#1569 = CARTESIAN_POINT ( 'NONE',  ( 0.6415277816318543103, -0.6971887303151181881, -0.007874015748031495954 ) ) ;
#1570 = EDGE_CURVE ( 'NONE', #4706, #5084, #5565, .T. ) ;
#1571 = DIRECTION ( 'NONE',  ( 0.000000000000000000, 1.000000000000000000, 0.000000000000000000 ) ) ;
#1572 = EDGE_LOOP ( 'NONE', ( #906, #1478, #2662, #6246, #4982, #6089, #3000 ) ) ;
#1573 = LINE ( 'NONE', #1149, #6588 ) ;
#1574 = LINE ( 'NONE', #3820, #3850 ) ;
#1575 = CARTESIAN_POINT ( 'NONE',  ( 0.7754418881233877681, -0.4904958169290952741, -0.03051181102362205202 ) ) ;
#1576 = VECTOR ( 'NONE', #4249, 39.37007874015748143 ) ;
#1577 = EDGE_CURVE ( 'NONE', #1917, #6141, #4971, .T. ) ;
#1578 = EDGE_LOOP ( 'NONE', ( #5799, #5033, #4283, #5568, #1230, #6952 ) ) ;
#1579 = EDGE_LOOP ( 'NONE', ( #4805, #4543, #2485, #1969, #1935, #4591, #2585, #3066, #598, #2106 ) ) ;
#1580 = PLANE ( 'NONE',  #3958 ) ;
#1581 = CARTESIAN_POINT ( 'NONE',  ( 0.8647135416666634766, -0.5495509350395306747, 0.08070866141732284393 ) ) ;
#1582 = DIRECTION ( 'NONE',  ( -1.000000000000000000, 0.000000000000000000, 0.000000000000000000 ) ) ;
#1583 = CARTESIAN_POINT ( 'NONE',  ( 0.7036596816737267224, -0.4337499231587220172, 0.06886748817040355686 ) ) ;
#1584 = EDGE_CURVE ( 'NONE', #611, #5603, #3434, .T. ) ;
#1585 = VERTEX_POINT ( 'NONE', #5044 ) ;
#1586 = EDGE_LOOP ( 'NONE', ( #47, #2487, #681, #1295 ) ) ;
#1587 = ORIENTED_EDGE ( 'NONE', *, *, #2113, .F. ) ;
#1588 = DIRECTION ( 'NONE',  ( 0.000000000000000000, -1.000000000000000000, 0.000000000000000000 ) ) ;
#1589 = LINE ( 'NONE', #5782, #2064 ) ;
#1590 = EDGE_LOOP ( 'NONE', ( #3763, #3822, #6766, #6455 ) ) ;
#1591 = B_SPLINE_CURVE_WITH_KNOTS ( 'NONE', 3,
 ( #3931, #4976, #2905, #2870 ),
 .UNSPECIFIED., .F., .F.,
 ( 4, 4 ),
 ( 2.299379893598117772E-16, 0.0002375862818192376767 ),
 .UNSPECIFIED. ) ;
#1592 = LINE ( 'NONE', #6494, #4243 ) ;
#1593 = CARTESIAN_POINT ( 'NONE',  ( 1.011606521789328639, -0.7129367618111791538, -0.2027559055118110243 ) ) ;
#1594 = CARTESIAN_POINT ( 'NONE',  ( 0.7892214156824370885, -0.5298658956692529065, 0.06003937007874016185 ) ) ;
#1595 = EDGE_LOOP ( 'NONE', ( #1626, #3742, #5995, #4453, #3304, #2348, #396, #5385, #5769 ) ) ;
#1596 = CIRCLE ( 'NONE', #2937, 0.01181102362204594289 ) ;
#1597 = ORIENTED_EDGE ( 'NONE', *, *, #1023, .T. ) ;
#1598 = ADVANCED_FACE ( 'NONE', ( #234 ), #4515, .T. ) ;
#1599 = ADVANCED_FACE ( 'NONE', ( #4690 ), #1361, .F. ) ;
#1600 = DIRECTION ( 'NONE',  ( 0.000000000000000000, 0.000000000000000000, -1.000000000000000000 ) ) ;
#1601 = LINE ( 'NONE', #3744, #2980 ) ;
#1602 = CARTESIAN_POINT ( 'NONE',  ( 0.8647135416666634766, -0.5495509350395306747, 0.08070866141732284393 ) ) ;
#1603 = VECTOR ( 'NONE', #6088, 39.37007874015748143 ) ;
#1604 = VECTOR ( 'NONE', #6555, 39.37007874015748143 ) ;
#1605 = ADVANCED_FACE ( 'NONE', ( #2448 ), #6257, .F. ) ;
#1606 = EDGE_CURVE ( 'NONE', #1614, #4634, #5150, .T. ) ;
#1607 = AXIS2_PLACEMENT_3D ( 'NONE', #519, #4759, #1114 ) ;
#1608 = DIRECTION ( 'NONE',  ( 1.000000000000000000, 0.000000000000000000, 0.000000000000000000 ) ) ;
#1609 = VERTEX_POINT ( 'NONE', #932 ) ;
#1610 = CARTESIAN_POINT ( 'NONE',  ( 0.9407962188320474484, -0.4491572342519299932, 0.04429133858267716994 ) ) ;
#1611 = DIRECTION ( 'NONE',  ( 0.000000000000000000, -1.000000000000000000, 0.000000000000000000 ) ) ;
#1612 = LINE ( 'NONE', #4803, #1537 ) ;
#1613 = ORIENTED_EDGE ( 'NONE', *, *, #3186, .T. ) ;
#1614 = VERTEX_POINT ( 'NONE', #6788 ) ;
#1615 = ADVANCED_FACE ( 'NONE', ( #3502 ), #2410, .T. ) ;
#1616 = CARTESIAN_POINT ( 'NONE',  ( 0.9152056676509450206, -0.5298658956692529065, 0.06003937007874016185 ) ) ;
#1617 = CARTESIAN_POINT ( 'NONE',  ( 1.020225352690281584, -0.5908895177166575419, 0.08070866141732284393 ) ) ;
#1618 = LINE ( 'NONE', #1160, #5446 ) ;
#1619 = CARTESIAN_POINT ( 'NONE',  ( 0.7911899196194488448, -0.4491572342519299932, 0.03937007874015747977 ) ) ;
#1620 = ORIENTED_EDGE ( 'NONE', *, *, #1496, .F. ) ;
#1621 = AXIS2_PLACEMENT_3D ( 'NONE', #286, #4010, #4671 ) ;
#1622 = VERTEX_POINT ( 'NONE', #3573 ) ;
#1623 = EDGE_LOOP ( 'NONE', ( #776, #954, #1657, #3351, #3250, #589, #1700, #3585 ) ) ;
#1624 = DIRECTION ( 'NONE',  ( -1.000000000000000000, 4.111937128241349667E-14, 0.000000000000000000 ) ) ;
#1625 = LINE ( 'NONE', #3768, #2964 ) ;
#1626 = ORIENTED_EDGE ( 'NONE', *, *, #3104, .T. ) ;
#1627 = CARTESIAN_POINT ( 'NONE',  ( 0.7892214156824370885, -0.5101808562992157237, 0.06003937007874016185 ) ) ;
#1628 = AXIS2_PLACEMENT_3D ( 'NONE', #3910, #3379, #4990 ) ;
#1629 = FACE_OUTER_BOUND ( 'NONE', #2580, .T. ) ;
#1630 = ORIENTED_EDGE ( 'NONE', *, *, #3340, .T. ) ;
#1631 = AXIS2_PLACEMENT_3D ( 'NONE', #1248, #4378, #3993 ) ;
#1632 = ORIENTED_EDGE ( 'NONE', *, *, #6687, .F. ) ;
#1633 = LINE ( 'NONE', #4441, #1209 ) ;
#1634 = CARTESIAN_POINT ( 'NONE',  ( 0.7000999968777165128, -0.4460598125979830519, 0.08070866141732284393 ) ) ;
#1635 = CARTESIAN_POINT ( 'NONE',  ( 0.9604254194271298894, -0.5357714074804330595, 0.007874015748031495954 ) ) ;
#1636 = VECTOR ( 'NONE', #2899, 39.37007874015748143 ) ;
#1637 = VECTOR ( 'NONE', #3238, 39.37007874015748143 ) ;
#1638 = FACE_OUTER_BOUND ( 'NONE', #4229, .T. ) ;
#1639 = ORIENTED_EDGE ( 'NONE', *, *, #4512, .T. ) ;
#1640 = VECTOR ( 'NONE', #6285, 39.37007874015748143 ) ;
#1641 = DIRECTION ( 'NONE',  ( 0.000000000000000000, 0.000000000000000000, -1.000000000000000000 ) ) ;
#1642 = DIRECTION ( 'NONE',  ( 0.000000000000000000, 0.000000000000000000, -1.000000000000000000 ) ) ;
#1643 = PLANE ( 'NONE',  #3283 ) ;
#1644 = PLANE ( 'NONE',  #192 ) ;
#1645 = EDGE_CURVE ( 'NONE', #5594, #3100, #1986, .T. ) ;
#1646 = ADVANCED_FACE ( 'NONE', ( #3604 ), #338, .F. ) ;
#1647 = ORIENTED_EDGE ( 'NONE', *, *, #4529, .F. ) ;
#1648 = VECTOR ( 'NONE', #4589, 39.37007874015748143 ) ;
#1649 = ORIENTED_EDGE ( 'NONE', *, *, #1577, .T. ) ;
#1650 = CARTESIAN_POINT ( 'NONE',  ( 0.9900088172572442113, -0.4491572342519299932, 0.06003937007874016185 ) ) ;
#1651 = CARTESIAN_POINT ( 'NONE',  ( 0.9631387385170552262, -0.5495509350395306747, -0.08070866141732284393 ) ) ;
#1652 = DIRECTION ( 'NONE',  ( -1.000000000000000000, 0.000000000000000000, 0.000000000000000000 ) ) ;
#1653 = LINE ( 'NONE', #1619, #6325 ) ;
#1654 = VECTOR ( 'NONE', #1074, 39.37007874015748143 ) ;
#1655 = EDGE_CURVE ( 'NONE', #4835, #88, #1001, .T. ) ;
#1656 = ORIENTED_EDGE ( 'NONE', *, *, #580, .F. ) ;
#1657 = ORIENTED_EDGE ( 'NONE', *, *, #5690, .T. ) ;
#1658 = ORIENTED_EDGE ( 'NONE', *, *, #4174, .F. ) ;
#1659 = LINE ( 'NONE', #3305, #2822 ) ;
#1660 = CARTESIAN_POINT ( 'NONE',  ( 0.7525088172572126366, -0.6499446358269291846, -0.06496062992125983815 ) ) ;
#1661 = ORIENTED_EDGE ( 'NONE', *, *, #5393, .F. ) ;
#1662 = APPLICATION_PROTOCOL_DEFINITION ( 'draft international standard', 'automotive_design', 1998, #3145 ) ;
#1663 = SURFACE_SIDE_STYLE ('',( #186 ) ) ;
#1664 = CARTESIAN_POINT ( 'NONE',  ( 0.9395166912729547848, -0.5495509350395306747, 0.06496062992125983815 ) ) ;
#1665 = ORIENTED_EDGE ( 'NONE', *, *, #6074, .F. ) ;
#1666 = ORIENTED_EDGE ( 'NONE', *, *, #4608, .T. ) ;
#1667 = EDGE_CURVE ( 'NONE', #6460, #5449, #1882, .T. ) ;
#1668 = VERTEX_POINT ( 'NONE', #6289 ) ;
#1669 = CARTESIAN_POINT ( 'NONE',  ( 1.015543529663344602, -1.063330462598543358, -0.06299212598425196763 ) ) ;
#1670 = DIRECTION ( 'NONE',  ( 0.000000000000000000, 0.000000000000000000, 1.000000000000000000 ) ) ;
#1671 = CARTESIAN_POINT ( 'NONE',  ( 1.013630864501301243, -0.4491572342516898519, 0.04527559055118110520 ) ) ;
#1672 = CARTESIAN_POINT ( 'NONE',  ( 0.9395166912729547848, -0.5495509350395306747, 0.08070866141732284393 ) ) ;
#1673 = VERTEX_POINT ( 'NONE', #2967 ) ;
#1674 = LINE ( 'NONE', #4866, #6040 ) ;
#1675 = CARTESIAN_POINT ( 'NONE',  ( 1.059595431430434997, -0.5908895177166949564, -0.06496062992125983815 ) ) ;
#1676 = CARTESIAN_POINT ( 'NONE',  ( 1.099426393296895066, -0.4345584183326500760, 0.07086614173228314439 ) ) ;
#1677 = DIRECTION ( 'NONE',  ( -1.000000000000000000, 0.000000000000000000, 0.000000000000000000 ) ) ;
#1678 = ORIENTED_EDGE ( 'NONE', *, *, #1696, .T. ) ;
#1679 = ORIENTED_EDGE ( 'NONE', *, *, #3293, .T. ) ;
#1680 = CARTESIAN_POINT ( 'NONE',  ( 1.015543529663344602, -0.5908895177166516577, -0.06299212598425196763 ) ) ;
#1681 = ORIENTED_EDGE ( 'NONE', *, *, #5119, .F. ) ;
#1682 = CARTESIAN_POINT ( 'NONE',  ( 0.9407962188320474484, -0.5298658956692529065, 0.04429133858267716994 ) ) ;
#1683 = DIRECTION ( 'NONE',  ( 0.000000000000000000, 0.000000000000000000, -1.000000000000000000 ) ) ;
#1684 = LINE ( 'NONE', #4914, #3398 ) ;
#1685 = EDGE_CURVE ( 'NONE', #4129, #1945, #1459, .T. ) ;
#1686 = EDGE_CURVE ( 'NONE', #5603, #3303, #6185, .T. ) ;
#1687 = ORIENTED_EDGE ( 'NONE', *, *, #6343, .F. ) ;
#1688 = ORIENTED_EDGE ( 'NONE', *, *, #1808, .T. ) ;
#1689 = VERTEX_POINT ( 'NONE', #1495 ) ;
#1690 = CARTESIAN_POINT ( 'NONE',  ( 1.112111900126696806, -0.4686522447816535153, -0.06496062992125983815 ) ) ;
#1691 = PLANE ( 'NONE',  #1736 ) ;
#1692 = DIRECTION ( 'NONE',  ( 1.000000000000000000, 0.000000000000000000, 0.000000000000000000 ) ) ;
#1693 = DIRECTION ( 'NONE',  ( 0.000000000000000000, 0.000000000000000000, -1.000000000000000000 ) ) ;
#1694 = EDGE_CURVE ( 'NONE', #569, #102, #866, .T. ) ;
#1695 = VERTEX_POINT ( 'NONE', #5113 ) ;
#1696 = EDGE_CURVE ( 'NONE', #4405, #4817, #307, .T. ) ;
#1697 = CARTESIAN_POINT ( 'NONE',  ( 0.6691985142999252734, -0.6696296751970117755, -0.08070866141732284393 ) ) ;
#1698 = CARTESIAN_POINT ( 'NONE',  ( 0.7840048802493366775, -0.5908895177166575419, 0.08070866141732284393 ) ) ;
#1699 = ORIENTED_EDGE ( 'NONE', *, *, #14, .T. ) ;
#1700 = ORIENTED_EDGE ( 'NONE', *, *, #230, .T. ) ;
#1701 = ORIENTED_EDGE ( 'NONE', *, *, #1053, .F. ) ;
#1702 = DIRECTION ( 'NONE',  ( 0.000000000000000000, 0.000000000000000000, -1.000000000000000000 ) ) ;
#1703 = LINE ( 'NONE', #6000, #739 ) ;
#1704 = DIRECTION ( 'NONE',  ( 0.000000000000000000, 0.000000000000000000, 1.000000000000000000 ) ) ;
#1705 = ADVANCED_FACE ( 'NONE', ( #4165 ), #6323, .F. ) ;
#1706 = VECTOR ( 'NONE', #288, 39.37007874015748143 ) ;
#1707 = EDGE_CURVE ( 'NONE', #993, #4649, #971, .T. ) ;
#1708 = DIRECTION ( 'NONE',  ( 1.000000000000000000, 1.256933370947832118E-12, 0.000000000000000000 ) ) ;
#1709 = DIRECTION ( 'NONE',  ( 2.220446049250557842E-12, -1.000000000000000000, 0.000000000000000000 ) ) ;
#1710 = CARTESIAN_POINT ( 'NONE',  ( 0.9900088172572442113, -0.5731729822834260579, -0.06003937007874016185 ) ) ;
#1711 = AXIS2_PLACEMENT_3D ( 'NONE', #908, #4071, #6836 ) ;
#1712 = VECTOR ( 'NONE', #2365, 39.37007874015748143 ) ;
#1713 = DIRECTION ( 'NONE',  ( 0.000000000000000000, 1.000000000000000000, 0.000000000000000000 ) ) ;
#1714 = ORIENTED_EDGE ( 'NONE', *, *, #3276, .T. ) ;
#1715 = VECTOR ( 'NONE', #2832, 39.37007874015748143 ) ;
#1716 = ORIENTED_EDGE ( 'NONE', *, *, #3661, .T. ) ;
#1717 = DIRECTION ( 'NONE',  ( 0.000000000000000000, 0.000000000000000000, 1.000000000000000000 ) ) ;
#1718 = DIRECTION ( 'NONE',  ( 0.000000000000000000, 0.000000000000000000, 1.000000000000000000 ) ) ;
#1719 = CARTESIAN_POINT ( 'NONE',  ( 0.7438899863564528703, -0.5908895177166516577, -0.06299212598425196763 ) ) ;
#1720 = DIRECTION ( 'NONE',  ( 0.000000000000000000, 0.000000000000000000, -1.000000000000000000 ) ) ;
#1721 = VECTOR ( 'NONE', #3547, 39.37007874015748143 ) ;
#1722 = ORIENTED_EDGE ( 'NONE', *, *, #1827, .T. ) ;
#1723 = EDGE_LOOP ( 'NONE', ( #3152, #5409, #2702, #1163 ) ) ;
#1724 = CARTESIAN_POINT ( 'NONE',  ( 0.7144182660761357884, -0.5731729822834260579, -0.01968503937007873988 ) ) ;
#1725 = DIRECTION ( 'NONE',  ( -0.000000000000000000, 1.000000000000000000, 0.000000000000000000 ) ) ;
#1726 = DIRECTION ( 'NONE',  ( 1.000000000000000000, 2.467162276946890197E-12, 0.000000000000000000 ) ) ;
#1727 = DIRECTION ( 'NONE',  ( 0.000000000000000000, -1.000000000000000000, 0.000000000000000000 ) ) ;
#1728 = CARTESIAN_POINT ( 'NONE',  ( 0.7262292896981831225, -0.5731729822834260579, -0.03051181102362205202 ) ) ;
#1729 = LINE ( 'NONE', #1697, #3664 ) ;
#1730 = LINE ( 'NONE', #1664, #5348 ) ;
#1731 = ORIENTED_EDGE ( 'NONE', *, *, #4305, .T. ) ;
#1732 = EDGE_CURVE ( 'NONE', #2869, #6081, #269, .T. ) ;
#1733 = ORIENTED_EDGE ( 'NONE', *, *, #4666, .F. ) ;
#1734 = EDGE_CURVE ( 'NONE', #5109, #4597, #6890, .T. ) ;
#1735 = ORIENTED_EDGE ( 'NONE', *, *, #339, .T. ) ;
#1736 = AXIS2_PLACEMENT_3D ( 'NONE', #2842, #5452, #2808 ) ;
#1737 = CARTESIAN_POINT ( 'NONE',  ( 0.6952443799662597623, -0.4594564280026795511, 0.06496062992125983815 ) ) ;
#1738 = CARTESIAN_POINT ( 'NONE',  ( 0.6889441245034685357, -0.4492070437938189831, -0.07086614173228347746 ) ) ;
#1739 = DIRECTION ( 'NONE',  ( 0.000000000000000000, 0.000000000000000000, -1.000000000000000000 ) ) ;
#1740 = AXIS2_PLACEMENT_3D ( 'NONE', #2393, #3519, #252 ) ;
#1741 = EDGE_CURVE ( 'NONE', #1320, #5257, #17, .T. ) ;
#1742 = CARTESIAN_POINT ( 'NONE',  ( 1.114080404063698904, -0.4529042132855922165, 0.06102362204724410405 ) ) ;
#1743 = CARTESIAN_POINT ( 'NONE',  ( 1.129828435559769861, -0.4686522447816141579, 0.06102362204724410405 ) ) ;
#1744 = CARTESIAN_POINT ( 'NONE',  ( 0.7636308645013326624, -0.5101808562992157237, 0.06003937007874016185 ) ) ;
#1745 = VECTOR ( 'NONE', #1957, 39.37007874015748143 ) ;
#1746 = PLANE ( 'NONE',  #119 ) ;
#1747 = DIRECTION ( 'NONE',  ( 0.000000000000000000, -1.000000000000000000, 0.000000000000000000 ) ) ;
#1748 = VERTEX_POINT ( 'NONE', #5323 ) ;
#1749 = VECTOR ( 'NONE', #2537, 39.37007874015748143 ) ;
#1750 = ORIENTED_EDGE ( 'NONE', *, *, #4360, .T. ) ;
#1751 = PLANE ( 'NONE',  #5652 ) ;
#1752 = ORIENTED_EDGE ( 'NONE', *, *, #552, .F. ) ;
#1753 = CARTESIAN_POINT ( 'NONE',  ( 0.7911340808444526917, -0.6971887303151181881, -0.2145669291338582751 ) ) ;
#1754 = CARTESIAN_POINT ( 'NONE',  ( 1.109567689610174046, -0.4339465657428484557, 0.06102362204724030154 ) ) ;
#1755 = DIRECTION ( 'NONE',  ( -1.000000000000000000, 0.000000000000000000, 0.000000000000000000 ) ) ;
#1756 = AXIS2_PLACEMENT_3D ( 'NONE', #5418, #613, #2744 ) ;
#1757 = VERTEX_POINT ( 'NONE', #443 ) ;
#1758 = ORIENTED_EDGE ( 'NONE', *, *, #4955, .T. ) ;
#1759 = LINE ( 'NONE', #2251, #4067 ) ;
#1760 = AXIS2_PLACEMENT_3D ( 'NONE', #2933, #5584, #730 ) ;
#1761 = FACE_OUTER_BOUND ( 'NONE', #4606, .T. ) ;
#1762 = FACE_OUTER_BOUND ( 'NONE', #6974, .T. ) ;
#1763 = DIRECTION ( 'NONE',  ( -1.000000000000000000, 0.000000000000000000, 0.000000000000000000 ) ) ;
#1764 = CARTESIAN_POINT ( 'NONE',  ( 1.011606521789328639, -0.6971887303151181881, -0.007874015748031495954 ) ) ;
#1765 = FACE_OUTER_BOUND ( 'NONE', #4612, .T. ) ;
#1766 = ORIENTED_EDGE ( 'NONE', *, *, #5437, .T. ) ;
#1767 = VECTOR ( 'NONE', #6714, 39.37007874015748143 ) ;
#1768 = VERTEX_POINT ( 'NONE', #6401 ) ;
#1769 = FACE_OUTER_BOUND ( 'NONE', #6672, .T. ) ;
#1770 = VERTEX_POINT ( 'NONE', #2684 ) ;
#1771 = FACE_OUTER_BOUND ( 'NONE', #2512, .T. ) ;
#1772 = DIRECTION ( 'NONE',  ( 0.000000000000000000, 0.000000000000000000, -1.000000000000000000 ) ) ;
#1773 = CARTESIAN_POINT ( 'NONE',  ( 0.7840048802493366775, -0.5908895177166575419, -0.06496062992125983815 ) ) ;
#1774 = EDGE_CURVE ( 'NONE', #718, #2021, #2614, .T. ) ;
#1775 = EDGE_CURVE ( 'NONE', #3506, #6158, #1601, .T. ) ;
#1776 = EDGE_CURVE ( 'NONE', #6700, #5934, #5896, .T. ) ;
#1777 = CARTESIAN_POINT ( 'NONE',  ( 0.8647135416666634766, -0.5495509350395306747, 0.08070866141732284393 ) ) ;
#1778 = FACE_OUTER_BOUND ( 'NONE', #1490, .T. ) ;
#1779 = DIRECTION ( 'NONE',  ( -2.523234146875315155E-14, 1.000000000000000000, 0.000000000000000000 ) ) ;
#1780 = EDGE_CURVE ( 'NONE', #242, #4640, #405, .T. ) ;
#1781 = CARTESIAN_POINT ( 'NONE',  ( 1.015543529663344602, -0.6302595964568091791, 0.07874015748031495954 ) ) ;
#1782 = ORIENTED_EDGE ( 'NONE', *, *, #5119, .T. ) ;
#1783 = ORIENTED_EDGE ( 'NONE', *, *, #2098, .T. ) ;
#1784 = CARTESIAN_POINT ( 'NONE',  ( 0.9152056676509450206, -0.5298658956692529065, -0.04429133858267716994 ) ) ;
#1785 = LINE ( 'NONE', #3932, #6010 ) ;
#1786 = CARTESIAN_POINT ( 'NONE',  ( 1.058850616277521750, -0.6302595964568091791, 0.07874015748031495954 ) ) ;
#1787 = CARTESIAN_POINT ( 'NONE',  ( 0.9900088172572442113, -0.4491572342519299932, 0.06003937007874016185 ) ) ;
#1788 = ADVANCED_FACE ( 'NONE', ( #5286 ), #3211, .T. ) ;
#1789 = VERTEX_POINT ( 'NONE', #3680 ) ;
#1790 = ORIENTED_EDGE ( 'NONE', *, *, #3140, .F. ) ;
#1791 = DIRECTION ( 'NONE',  ( 1.000000000000000000, -4.111937128241349667E-14, 0.000000000000000000 ) ) ;
#1792 = CARTESIAN_POINT ( 'NONE',  ( 0.7754418881233877681, -0.5534879429133489070, -0.03051181102362205202 ) ) ;
#1793 = EDGE_CURVE ( 'NONE', #190, #1157, #4848, .T. ) ;
#1794 = CARTESIAN_POINT ( 'NONE',  ( 0.9289851952100020016, -0.4904958169290952741, -0.03051181102362205202 ) ) ;
#1795 = DIRECTION ( 'NONE',  ( 0.000000000000000000, 0.000000000000000000, -1.000000000000000000 ) ) ;
#1796 = VECTOR ( 'NONE', #1007, 39.37007874015748143 ) ;
#1797 = CARTESIAN_POINT ( 'NONE',  ( 0.8147561280885452506, -0.6302595964568091791, -0.06299212598425196763 ) ) ;
#1798 = DIRECTION ( 'NONE',  ( 7.151594084048490304E-14, -1.000000000000000000, 0.000000000000000000 ) ) ;
#1799 = ORIENTED_EDGE ( 'NONE', *, *, #2671, .T. ) ;
#1800 = ORIENTED_EDGE ( 'NONE', *, *, #5469, .T. ) ;
#1801 = AXIS2_PLACEMENT_3D ( 'NONE', #114, #2254, #4012 ) ;
#1802 = LINE ( 'NONE', #4576, #1712 ) ;
#1803 = ORIENTED_EDGE ( 'NONE', *, *, #4708, .F. ) ;
#1804 = ORIENTED_EDGE ( 'NONE', *, *, #4919, .F. ) ;
#1805 = PLANE ( 'NONE',  #3221 ) ;
#1806 = LINE ( 'NONE', #1840, #965 ) ;
#1807 = FACE_OUTER_BOUND ( 'NONE', #756, .T. ) ;
#1808 = EDGE_CURVE ( 'NONE', #1673, #5031, #477, .T. ) ;
#1809 = EDGE_CURVE ( 'NONE', #571, #1331, #5359, .T. ) ;
#1810 = LINE ( 'NONE', #2756, #2280 ) ;
#1811 = LINE ( 'NONE', #5149, #5236 ) ;
#1812 = FACE_OUTER_BOUND ( 'NONE', #45, .T. ) ;
#1813 = CARTESIAN_POINT ( 'NONE',  ( 1.114080404063698904, -0.4491572342520874228, 0.06102362204724410405 ) ) ;
#1814 = LINE ( 'NONE', #5046, #4452 ) ;
#1815 = ORIENTED_EDGE ( 'NONE', *, *, #2199, .F. ) ;
#1816 = EDGE_CURVE ( 'NONE', #385, #4574, #2091, .T. ) ;
#1817 = EDGE_CURVE ( 'NONE', #6742, #4640, #4274, .T. ) ;
#1818 = VERTEX_POINT ( 'NONE', #5391 ) ;
#1819 = AXIS2_PLACEMENT_3D ( 'NONE', #5952, #3265, #3701 ) ;
#1820 = LINE ( 'NONE', #3442, #4739 ) ;
#1821 = ORIENTED_EDGE ( 'NONE', *, *, #3877, .F. ) ;
#1822 = DIRECTION ( 'NONE',  ( 1.000000000000000000, 0.000000000000000000, 0.000000000000000000 ) ) ;
#1823 = CARTESIAN_POINT ( 'NONE',  ( 1.103260008740230003, -0.4478155983812652230, 0.06102362204724270933 ) ) ;
#1824 = CARTESIAN_POINT ( 'NONE',  ( 0.9879844745452361909, -0.6971887303151181881, -0.2027559055118110243 ) ) ;
#1825 = VECTOR ( 'NONE', #4454, 39.37007874015748143 ) ;
#1826 = ORIENTED_EDGE ( 'NONE', *, *, #5653, .T. ) ;
#1827 = EDGE_CURVE ( 'NONE', #3197, #2890, #6463, .T. ) ;
#1828 = ORIENTED_EDGE ( 'NONE', *, *, #294, .F. ) ;
#1829 = DIRECTION ( 'NONE',  ( 0.000000000000000000, -1.000000000000000000, 0.000000000000000000 ) ) ;
#1830 = LINE ( 'NONE', #3975, #5211 ) ;
#1831 = CARTESIAN_POINT ( 'NONE',  ( 0.6415277816318543103, -0.7995509350395256787, 0.007874015748031495954 ) ) ;
#1832 = DIRECTION ( 'NONE',  ( 0.000000000000000000, -1.000000000000000000, 0.000000000000000000 ) ) ;
#1833 = DIRECTION ( 'NONE',  ( -0.000000000000000000, 1.000000000000000000, 0.000000000000000000 ) ) ;
#1834 = VERTEX_POINT ( 'NONE', #2158 ) ;
#1835 = ORIENTED_EDGE ( 'NONE', *, *, #3162, .F. ) ;
#1836 = DIRECTION ( 'NONE',  ( -1.000000000000000000, 0.000000000000000000, 0.000000000000000000 ) ) ;
#1837 = VERTEX_POINT ( 'NONE', #5865 ) ;
#1838 = ORIENTED_EDGE ( 'NONE', *, *, #461, .F. ) ;
#1839 = DIRECTION ( 'NONE',  ( 0.000000000000000000, 0.000000000000000000, -1.000000000000000000 ) ) ;
#1840 = CARTESIAN_POINT ( 'NONE',  ( 1.015543529663344602, -1.063330462598543358, 0.06299212598425196763 ) ) ;
#1841 = CARTESIAN_POINT ( 'NONE',  ( -72.78106826860452827, -0.5731729822834260579, -0.06003937007874016185 ) ) ;
#1842 = VECTOR ( 'NONE', #4736, 39.37007874015748143 ) ;
#1843 = DIRECTION ( 'NONE',  ( 0.000000000000000000, 0.000000000000000000, -1.000000000000000000 ) ) ;
#1844 = DIRECTION ( 'NONE',  ( 1.000000000000000000, 0.000000000000000000, 0.000000000000000000 ) ) ;
#1845 = LINE ( 'NONE', #6541, #1292 ) ;
#1846 = CARTESIAN_POINT ( 'NONE',  ( 0.7446348015091733830, -0.6420706200788995899, 0.08070866141732284393 ) ) ;
#1847 = CARTESIAN_POINT ( 'NONE',  ( 1.020225352690281584, -0.5908895177166575419, -0.08070866141732284393 ) ) ;
#1848 = VECTOR ( 'NONE', #4254, 39.37007874015748143 ) ;
#1849 = VERTEX_POINT ( 'NONE', #515 ) ;
#1850 = VECTOR ( 'NONE', #2724, 39.37007874015748143 ) ;
#1851 = ORIENTED_EDGE ( 'NONE', *, *, #754, .T. ) ;
#1852 = CARTESIAN_POINT ( 'NONE',  ( 0.7840048802493366775, -0.6420706200788995899, 0.08070866141732284393 ) ) ;
#1853 = EDGE_LOOP ( 'NONE', ( #3023, #6327, #1750, #6707 ) ) ;
#1854 = CARTESIAN_POINT ( 'NONE',  ( 1.102705817487446893, -0.4458991272774324721, 0.06102362204724270933 ) ) ;
#1855 = FACE_OUTER_BOUND ( 'NONE', #4205, .T. ) ;
#1856 = EDGE_CURVE ( 'NONE', #3645, #5724, #2652, .T. ) ;
#1857 = EDGE_CURVE ( 'NONE', #4382, #1499, #4794, .T. ) ;
#1858 = VECTOR ( 'NONE', #6430, 39.37007874015748143 ) ;
#1859 = ORIENTED_EDGE ( 'NONE', *, *, #4389, .T. ) ;
#1860 = ORIENTED_EDGE ( 'NONE', *, *, #67, .F. ) ;
#1861 = DIRECTION ( 'NONE',  ( 0.000000000000000000, -1.000000000000000000, 0.000000000000000000 ) ) ;
#1862 = CYLINDRICAL_SURFACE ( 'NONE', #1621, 0.01574803149606125718 ) ;
#1863 = VECTOR ( 'NONE', #400, 39.37007874015748143 ) ;
#1864 = CARTESIAN_POINT ( 'NONE',  ( 1.051721415682403515, -0.6499446358269685975, 0.08070866141732284393 ) ) ;
#1865 = CARTESIAN_POINT ( 'NONE',  ( 0.9013703013168917755, -0.6971887303151181881, -0.2027559055118110243 ) ) ;
#1866 = AXIS2_PLACEMENT_3D ( 'NONE', #3466, #401, #6680 ) ;
#1867 = CARTESIAN_POINT ( 'NONE',  ( 0.6923997893414400862, -0.4370063325475714855, 0.06102362204724892658 ) ) ;
#1868 = ADVANCED_FACE ( 'NONE', ( #1112, #3244, #585 ), #2715, .F. ) ;
#1869 = ORIENTED_EDGE ( 'NONE', *, *, #415, .F. ) ;
#1870 = VERTEX_POINT ( 'NONE', #5500 ) ;
#1871 = AXIS2_PLACEMENT_3D ( 'NONE', #5433, #6614, #202 ) ;
#1872 = LINE ( 'NONE', #4439, #5298 ) ;
#1873 = EDGE_LOOP ( 'NONE', ( #4784, #6544, #2228, #2922 ) ) ;
#1874 = ORIENTED_EDGE ( 'NONE', *, *, #2846, .T. ) ;
#1875 = DIRECTION ( 'NONE',  ( -1.000000000000000000, -2.498001805405489884E-12, 0.000000000000000000 ) ) ;
#1876 = FACE_OUTER_BOUND ( 'NONE', #6172, .T. ) ;
#1877 = CARTESIAN_POINT ( 'NONE',  ( 0.7262292896981831225, -0.5731729822834260579, 0.06003937007874016185 ) ) ;
#1878 = AXIS2_PLACEMENT_3D ( 'NONE', #5714, #3101, #4193 ) ;
#1879 = EDGE_CURVE ( 'NONE', #4929, #3516, #1806, .T. ) ;
#1880 = FACE_OUTER_BOUND ( 'NONE', #6865, .T. ) ;
#1881 = DIRECTION ( 'NONE',  ( 0.000000000000000000, 0.000000000000000000, -1.000000000000000000 ) ) ;
#1882 = LINE ( 'NONE', #3075, #1077 ) ;
#1883 = DIRECTION ( 'NONE',  ( -4.111937128241349667E-14, -1.000000000000000000, 0.000000000000000000 ) ) ;
#1884 = CARTESIAN_POINT ( 'NONE',  ( 0.7892214156824370885, -0.5101808562992157237, -0.06003937007874016185 ) ) ;
#1885 = ORIENTED_EDGE ( 'NONE', *, *, #2220, .T. ) ;
#1886 = ORIENTED_EDGE ( 'NONE', *, *, #107, .T. ) ;
#1887 = FACE_OUTER_BOUND ( 'NONE', #2774, .T. ) ;
#1888 = ORIENTED_EDGE ( 'NONE', *, *, #107, .F. ) ;
#1889 = CARTESIAN_POINT ( 'NONE',  ( 1.112992236617442954, -0.4460396671732251850, 0.06102362204724410405 ) ) ;
#1890 = LINE ( 'NONE', #3611, #5414 ) ;
#1891 = ORIENTED_EDGE ( 'NONE', *, *, #745, .F. ) ;
#1892 = VERTEX_POINT ( 'NONE', #3428 ) ;
#1893 = ADVANCED_FACE ( 'NONE', ( #2786 ), #123, .F. ) ;
#1894 = DIRECTION ( 'NONE',  ( 0.000000000000000000, 0.000000000000000000, -1.000000000000000000 ) ) ;
#1895 = EDGE_CURVE ( 'NONE', #5265, #6158, #5465, .T. ) ;
#1896 = LINE ( 'NONE', #6168, #5436 ) ;
#1897 = CARTESIAN_POINT ( 'NONE',  ( 0.6992043068859487009, -0.4491572342521267802, 0.08070866141732284393 ) ) ;
#1898 = CARTESIAN_POINT ( 'NONE',  ( 0.9131813249391299570, -0.7877399114174391537, 0.007874015748031495954 ) ) ;
#1899 = PLANE ( 'NONE',  #6262 ) ;
#1900 = VERTEX_POINT ( 'NONE', #686 ) ;
#1901 = ORIENTED_EDGE ( 'NONE', *, *, #5422, .T. ) ;
#1902 = EDGE_CURVE ( 'NONE', #500, #5555, #4775, .T. ) ;
#1903 = LINE ( 'NONE', #6032, #3159 ) ;
#1904 = DIRECTION ( 'NONE',  ( 1.000000000000000000, 0.000000000000000000, 0.000000000000000000 ) ) ;
#1905 = EDGE_LOOP ( 'NONE', ( #6761, #6651, #4590, #2757, #2350, #2693, #5375 ) ) ;
#1906 = PLANE ( 'NONE',  #2999 ) ;
#1907 = PLANE ( 'NONE',  #5569 ) ;
#1908 = CYLINDRICAL_SURFACE ( 'NONE', #5915, 0.01181102362204724046 ) ;
#1909 = AXIS2_PLACEMENT_3D ( 'NONE', #1949, #6186, #1362 ) ;
#1910 = VERTEX_POINT ( 'NONE', #3848 ) ;
#1911 = EDGE_CURVE ( 'NONE', #3022, #3279, #3769, .T. ) ;
#1912 = CARTESIAN_POINT ( 'NONE',  ( 0.9407962188320474484, -0.5849840059054763897, 0.04429133858267716994 ) ) ;
#1913 = CARTESIAN_POINT ( 'NONE',  ( 0.8580632147027226209, -0.5357714074804330595, 0.007874015748031495954 ) ) ;
#1914 = CARTESIAN_POINT ( 'NONE',  ( 0.8410720751282716456, -1.103569300329370284, 0.06102362204724410405 ) ) ;
#1915 = LINE ( 'NONE', #5182, #6758 ) ;
#1916 = LINE ( 'NONE', #4655, #2436 ) ;
#1917 = VERTEX_POINT ( 'NONE', #2893 ) ;
#1918 = EDGE_CURVE ( 'NONE', #5105, #3838, #1244, .T. ) ;
#1919 = ORIENTED_EDGE ( 'NONE', *, *, #568, .T. ) ;
#1920 = CARTESIAN_POINT ( 'NONE',  ( 0.8410914944225630352, -0.5495509350395306747, -0.08070866141732284393 ) ) ;
#1921 = EDGE_LOOP ( 'NONE', ( #4002, #4493, #3309, #2451 ) ) ;
#1922 = DIRECTION ( 'NONE',  ( 0.000000000000000000, 1.000000000000000000, 0.000000000000000000 ) ) ;
#1923 = CARTESIAN_POINT ( 'NONE',  ( 1.104719345611147929, -0.4528621900221267982, -0.06496062992125983815 ) ) ;
#1924 = VERTEX_POINT ( 'NONE', #2300 ) ;
#1925 = VECTOR ( 'NONE', #6524, 39.37007874015748143 ) ;
#1926 = EDGE_LOOP ( 'NONE', ( #5271, #6452, #2805, #4258 ) ) ;
#1927 = DIRECTION ( 'NONE',  ( 0.000000000000000000, 0.000000000000000000, -1.000000000000000000 ) ) ;
#1928 = DIRECTION ( 'NONE',  ( 0.000000000000000000, 0.000000000000000000, -1.000000000000000000 ) ) ;
#1929 = PLANE ( 'NONE',  #6925 ) ;
#1930 = DIRECTION ( 'NONE',  ( 0.000000000000000000, -1.000000000000000000, 0.000000000000000000 ) ) ;
#1931 = VECTOR ( 'NONE', #6844, 39.37007874015748143 ) ;
#1932 = AXIS2_PLACEMENT_3D ( 'NONE', #2841, #3344, #111 ) ;
#1933 = ORIENTED_EDGE ( 'NONE', *, *, #5047, .T. ) ;
#1934 = B_SPLINE_CURVE_WITH_KNOTS ( 'NONE', 3,
 ( #6860, #4621, #2968, #2509 ),
 .UNSPECIFIED., .F., .F.,
 ( 4, 4 ),
 ( 2.379751405037038705E-16, 0.0001631303082053833526 ),
 .UNSPECIFIED. ) ;
#1935 = ORIENTED_EDGE ( 'NONE', *, *, #464, .F. ) ;
#1936 = AXIS2_PLACEMENT_3D ( 'NONE', #2656, #4799, #2165 ) ;
#1937 = DIRECTION ( 'NONE',  ( -7.569702440625950512E-14, 1.000000000000000000, 0.000000000000000000 ) ) ;
#1938 = CARTESIAN_POINT ( 'NONE',  ( 0.7144182660761357884, -0.5731729822834260579, -0.03051181102362205202 ) ) ;
#1939 = ORIENTED_EDGE ( 'NONE', *, *, #4289, .F. ) ;
#1940 = DIRECTION ( 'NONE',  ( -1.000000000000000000, 0.000000000000000000, 0.000000000000000000 ) ) ;
#1941 = DIRECTION ( 'NONE',  ( 1.000000000000000000, -4.111937128241349667E-14, 0.000000000000000000 ) ) ;
#1942 = LINE ( 'NONE', #4089, #1640 ) ;
#1943 = EDGE_CURVE ( 'NONE', #1900, #2074, #6640, .T. ) ;
#1944 = ADVANCED_FACE ( 'NONE', ( #4408 ), #3919, .F. ) ;
#1945 = VERTEX_POINT ( 'NONE', #6569 ) ;
#1946 = LINE ( 'NONE', #5646, #36 ) ;
#1947 = LINE ( 'NONE', #5647, #3562 ) ;
#1948 = DIRECTION ( 'NONE',  ( -1.000000000000000000, 0.000000000000000000, 0.000000000000000000 ) ) ;
#1949 = CARTESIAN_POINT ( 'NONE',  ( 0.9013703013170828449, -0.7877399114174391537, -0.07874015748031495954 ) ) ;
#1950 = FACE_OUTER_BOUND ( 'NONE', #5909, .T. ) ;
#1951 = ADVANCED_FACE ( 'NONE', ( #6536 ), #6110, .F. ) ;
#1952 = VECTOR ( 'NONE', #1444, 39.37007874015748143 ) ;
#1953 = ORIENTED_EDGE ( 'NONE', *, *, #4944, .T. ) ;
#1954 = ORIENTED_EDGE ( 'NONE', *, *, #3410, .T. ) ;
#1955 = CARTESIAN_POINT ( 'NONE',  ( 0.7596380178525137250, -0.5908895177166516577, 0.007874015748031495954 ) ) ;
#1956 = VERTEX_POINT ( 'NONE', #3884 ) ;
#1957 = DIRECTION ( 'NONE',  ( -1.000000000000000000, -2.467162276946890197E-12, 0.000000000000000000 ) ) ;
#1958 = VECTOR ( 'NONE', #1411, 39.37007874015748143 ) ;
#1959 = DIRECTION ( 'NONE',  ( -1.000000000000000000, 0.000000000000000000, 0.000000000000000000 ) ) ;
#1960 = EDGE_CURVE ( 'NONE', #888, #787, #2336, .T. ) ;
#1961 = ORIENTED_EDGE ( 'NONE', *, *, #5173, .F. ) ;
#1962 = ORIENTED_EDGE ( 'NONE', *, *, #5047, .F. ) ;
#1963 = CARTESIAN_POINT ( 'NONE',  ( 0.7636308645013326624, -0.5101808562992157237, 0.04429133858267716994 ) ) ;
#1964 = DIRECTION ( 'NONE',  ( -4.111937128241349667E-14, -1.000000000000000000, 0.000000000000000000 ) ) ;
#1965 = CARTESIAN_POINT ( 'NONE',  ( 1.051721415682403515, -0.6420706200788995899, -0.08070866141732284393 ) ) ;
#1966 = DIRECTION ( 'NONE',  ( -1.000000000000000000, 0.000000000000000000, 0.000000000000000000 ) ) ;
#1967 = VECTOR ( 'NONE', #203, 39.37007874015748143 ) ;
#1968 = ORIENTED_EDGE ( 'NONE', *, *, #2346, .T. ) ;
#1969 = ORIENTED_EDGE ( 'NONE', *, *, #5429, .T. ) ;
#1970 = AXIS2_PLACEMENT_3D ( 'NONE', #2779, #1136, #612 ) ;
#1971 = DIRECTION ( 'NONE',  ( 0.000000000000000000, 0.000000000000000000, 1.000000000000000000 ) ) ;
#1972 = AXIS2_PLACEMENT_3D ( 'NONE', #98, #1677, #5838 ) ;
#1973 = VERTEX_POINT ( 'NONE', #1281 ) ;
#1974 = ORIENTED_EDGE ( 'NONE', *, *, #5448, .F. ) ;
#1975 = LINE ( 'NONE', #1453, #3782 ) ;
#1976 = DIRECTION ( 'NONE',  ( -4.111937128241349667E-14, -1.000000000000000000, 0.000000000000000000 ) ) ;
#1977 = CARTESIAN_POINT ( 'NONE',  ( 1.129828435559769861, -0.4529042132855922165, 0.06102362204724410405 ) ) ;
#1978 = ORIENTED_EDGE ( 'NONE', *, *, #1365, .T. ) ;
#1979 = VECTOR ( 'NONE', #2824, 39.37007874015748143 ) ;
#1980 = EDGE_CURVE ( 'NONE', #2713, #5449, #3355, .T. ) ;
#1981 = EDGE_CURVE ( 'NONE', #5555, #5450, #4965, .T. ) ;
#1982 = LINE ( 'NONE', #4130, #1498 ) ;
#1983 = EDGE_CURVE ( 'NONE', #3523, #1516, #1703, .T. ) ;
#1984 = VECTOR ( 'NONE', #1600, 39.37007874015748143 ) ;
#1985 = LINE ( 'NONE', #2053, #4128 ) ;
#1986 = LINE ( 'NONE', #5721, #6142 ) ;
#1987 = LINE ( 'NONE', #4027, #5850 ) ;
#1988 = CARTESIAN_POINT ( 'NONE',  ( 0.5963080298556693304, -33.39667614831810738, -0.01968503937007873988 ) ) ;
#1989 = ORIENTED_EDGE ( 'NONE', *, *, #3014, .F. ) ;
#1990 = VECTOR ( 'NONE', #6256, 39.37007874015748143 ) ;
#1991 = ADVANCED_FACE ( 'NONE', ( #722 ), #2856, .F. ) ;
#1992 = FACE_OUTER_BOUND ( 'NONE', #2036, .T. ) ;
#1993 = VERTEX_POINT ( 'NONE', #4508 ) ;
#1994 = PLANE ( 'NONE',  #5681 ) ;
#1995 = FACE_OUTER_BOUND ( 'NONE', #1338, .T. ) ;
#1996 = ORIENTED_EDGE ( 'NONE', *, *, #139, .F. ) ;
#1997 = ORIENTED_EDGE ( 'NONE', *, *, #1252, .T. ) ;
#1998 = CARTESIAN_POINT ( 'NONE',  ( 0.7144182660761357884, -0.5849840059054763897, 0.06003937007874016185 ) ) ;
#1999 = CARTESIAN_POINT ( 'NONE',  ( 1.028099368438311068, -0.6420706200788995899, 0.08070866141732284393 ) ) ;
#2000 = CARTESIAN_POINT ( 'NONE',  ( 1.110705391767238259, -0.4657805766128355063, 0.08070866141732284393 ) ) ;
#2001 = LINE ( 'NONE', #5774, #5406 ) ;
#2002 = EDGE_CURVE ( 'NONE', #6019, #4908, #6679, .T. ) ;
#2003 = ORIENTED_EDGE ( 'NONE', *, *, #5429, .F. ) ;
#2004 = VERTEX_POINT ( 'NONE', #299 ) ;
#2005 = EDGE_CURVE ( 'NONE', #4596, #1757, #6853, .T. ) ;
#2006 = ORIENTED_EDGE ( 'NONE', *, *, #3961, .F. ) ;
#2007 = DIRECTION ( 'NONE',  ( 1.000000000000000000, 0.000000000000000000, 0.000000000000000000 ) ) ;
#2008 = VERTEX_POINT ( 'NONE', #2471 ) ;
#2009 = VERTEX_POINT ( 'NONE', #5715 ) ;
#2010 = DIRECTION ( 'NONE',  ( 0.000000000000000000, 0.000000000000000000, -1.000000000000000000 ) ) ;
#2011 = DIRECTION ( 'NONE',  ( 1.000000000000000000, 0.000000000000000000, 0.000000000000000000 ) ) ;
#2012 = CARTESIAN_POINT ( 'NONE',  ( 0.7636308645013326624, -0.5298658956692529065, -0.04429133858267716994 ) ) ;
#2013 = VERTEX_POINT ( 'NONE', #1385 ) ;
#2014 = DIRECTION ( 'NONE',  ( 2.220446049250557842E-12, -1.000000000000000000, 0.000000000000000000 ) ) ;
#2015 = DIRECTION ( 'NONE',  ( 0.000000000000000000, 1.000000000000000000, 0.000000000000000000 ) ) ;
#2016 = CARTESIAN_POINT ( 'NONE',  ( 0.7840048802493366775, -0.5908895177166575419, 0.08070866141732284393 ) ) ;
#2017 = DIRECTION ( 'NONE',  ( 1.110223024625156036E-13, -1.000000000000000000, 0.000000000000000000 ) ) ;
#2018 = FACE_OUTER_BOUND ( 'NONE', #4519, .T. ) ;
#2019 = AXIS2_PLACEMENT_3D ( 'NONE', #3282, #2857, #2787 ) ;
#2020 = ADVANCED_FACE ( 'NONE', ( #4545 ), #3495, .F. ) ;
#2021 = VERTEX_POINT ( 'NONE', #4580 ) ;
#2022 = CARTESIAN_POINT ( 'NONE',  ( 0.8147561280885452506, -0.6971887303151181881, -0.2027559055118110243 ) ) ;
#2023 = ORIENTED_EDGE ( 'NONE', *, *, #6264, .F. ) ;
#2024 = LINE ( 'NONE', #2553, #4547 ) ;
#2025 = CARTESIAN_POINT ( 'NONE',  ( 1.103647973297753992, -0.4491572342520874228, -0.08070866141732284393 ) ) ;
#2026 = CARTESIAN_POINT ( 'NONE',  ( 0.6898051392686319616, -0.4462297272228354372, 0.06102362204724410405 ) ) ;
#2027 = EDGE_CURVE ( 'NONE', #3842, #6961, #6284, .T. ) ;
#2028 = ADVANCED_FACE ( 'NONE', ( #5678 ), #5176, .F. ) ;
#2029 = ORIENTED_EDGE ( 'NONE', *, *, #3623, .F. ) ;
#2030 = VERTEX_POINT ( 'NONE', #3068 ) ;
#2031 = FACE_OUTER_BOUND ( 'NONE', #434, .T. ) ;
#2032 = DIRECTION ( 'NONE',  ( -1.000000000000000000, 0.000000000000000000, 0.000000000000000000 ) ) ;
#2033 = CARTESIAN_POINT ( 'NONE',  ( 1.104719345611147929, -0.4528621900221267982, 0.08070866141732284393 ) ) ;
#2034 = CARTESIAN_POINT ( 'NONE',  ( 0.6887718761202302753, -0.5908895177166516577, -0.07874015748031495954 ) ) ;
#2035 = EDGE_CURVE ( 'NONE', #21, #4197, #859, .T. ) ;
#2036 = EDGE_LOOP ( 'NONE', ( #108, #398, #121, #1562 ) ) ;
#2037 = VERTEX_POINT ( 'NONE', #2441 ) ;
#2038 = ORIENTED_EDGE ( 'NONE', *, *, #26, .F. ) ;
#2039 = DIRECTION ( 'NONE',  ( 0.000000000000000000, 0.000000000000000000, 1.000000000000000000 ) ) ;
#2040 = FACE_OUTER_BOUND ( 'NONE', #1595, .T. ) ;
#2041 = VECTOR ( 'NONE', #5978, 39.37007874015748143 ) ;
#2042 = ORIENTED_EDGE ( 'NONE', *, *, #1895, .F. ) ;
#2043 = VECTOR ( 'NONE', #5533, 39.37007874015748143 ) ;
#2044 = DIRECTION ( 'NONE',  ( 0.000000000000000000, -1.000000000000000000, 0.000000000000000000 ) ) ;
#2045 = DIRECTION ( 'NONE',  ( 1.000000000000000000, 7.151594084048490304E-14, 0.000000000000000000 ) ) ;
#2046 = DIRECTION ( 'NONE',  ( 1.000000000000000000, 0.000000000000000000, 0.000000000000000000 ) ) ;
#2047 = VERTEX_POINT ( 'NONE', #2502 ) ;
#2048 = VECTOR ( 'NONE', #1048, 39.37007874015748143 ) ;
#2049 = AXIS2_PLACEMENT_3D ( 'NONE', #215, #1829, #3974 ) ;
#2050 = ADVANCED_FACE ( 'NONE', ( #6749 ), #1907, .F. ) ;
#2051 = LINE ( 'NONE', #5986, #3774 ) ;
#2052 = DIRECTION ( 'NONE',  ( 1.000000000000000000, 0.000000000000000000, 0.000000000000000000 ) ) ;
#2053 = CARTESIAN_POINT ( 'NONE',  ( 1.112111900126696806, -0.5908895177166949564, 0.08070866141732284393 ) ) ;
#2054 = DIRECTION ( 'NONE',  ( 0.000000000000000000, 0.000000000000000000, 1.000000000000000000 ) ) ;
#2055 = CARTESIAN_POINT ( 'NONE',  ( 0.6730238446241337824, -0.4529042132855922165, 0.07677165354330708902 ) ) ;
#2056 = VECTOR ( 'NONE', #588, 39.37007874015748143 ) ;
#2057 = ORIENTED_EDGE ( 'NONE', *, *, #955, .F. ) ;
#2058 = CARTESIAN_POINT ( 'NONE',  ( 0.7525088172572126366, -0.6499446358269291846, 0.08070866141732284393 ) ) ;
#2059 = ORIENTED_EDGE ( 'NONE', *, *, #3410, .F. ) ;
#2060 = CARTESIAN_POINT ( 'NONE',  ( 1.051721415682403515, -0.6499446358269685975, 0.08070866141732284393 ) ) ;
#2061 = FACE_OUTER_BOUND ( 'NONE', #3980, .T. ) ;
#2062 = CARTESIAN_POINT ( 'NONE',  ( 0.6924666472227558600, -0.4370256660261417347, 0.06102362204724410405 ) ) ;
#2063 = ORIENTED_EDGE ( 'NONE', *, *, #4224, .F. ) ;
#2064 = VECTOR ( 'NONE', #5242, 39.37007874015748143 ) ;
#2065 = EDGE_LOOP ( 'NONE', ( #1344, #5710, #5238, #5625 ) ) ;
#2066 = LINE ( 'NONE', #4768, #6896 ) ;
#2067 = CARTESIAN_POINT ( 'NONE',  ( 0.7144182660761357884, -0.4491572342519299932, 0.06003937007874016185 ) ) ;
#2068 = FACE_OUTER_BOUND ( 'NONE', #5308, .T. ) ;
#2069 = LINE ( 'NONE', #1375, #4510 ) ;
#2070 = EDGE_CURVE ( 'NONE', #1892, #3553, #2960, .T. ) ;
#2071 = ADVANCED_FACE ( 'NONE', ( #1876 ), #332, .F. ) ;
#2072 = ADVANCED_FACE ( 'NONE', ( #5639 ), #4053, .T. ) ;
#2073 = VECTOR ( 'NONE', #3485, 39.37007874015748143 ) ;
#2074 = VERTEX_POINT ( 'NONE', #6147 ) ;
#2075 = EDGE_LOOP ( 'NONE', ( #852, #2981, #3160, #1954, #2885 ) ) ;
#2076 = ORIENTED_EDGE ( 'NONE', *, *, #3154, .F. ) ;
#2077 = FACE_OUTER_BOUND ( 'NONE', #1138, .T. ) ;
#2078 = CARTESIAN_POINT ( 'NONE',  ( 0.9900088172572442113, -0.4491572342519299932, 0.06003937007874016185 ) ) ;
#2079 = VECTOR ( 'NONE', #33, 39.37007874015748143 ) ;
#2080 = EDGE_CURVE ( 'NONE', #6924, #6234, #5750, .T. ) ;
#2081 = ORIENTED_EDGE ( 'NONE', *, *, #6774, .F. ) ;
#2082 = FACE_OUTER_BOUND ( 'NONE', #3915, .T. ) ;
#2083 = CARTESIAN_POINT ( 'NONE',  ( 0.7911340808444526917, -0.7129367618111791538, -0.007874015748031495954 ) ) ;
#2084 = FACE_OUTER_BOUND ( 'NONE', #1366, .T. ) ;
#2085 = ORIENTED_EDGE ( 'NONE', *, *, #3236, .F. ) ;
#2086 = AXIS2_PLACEMENT_3D ( 'NONE', #3037, #5793, #4026 ) ;
#2087 = VERTEX_POINT ( 'NONE', #1421 ) ;
#2088 = DIRECTION ( 'NONE',  ( 0.000000000000000000, 0.000000000000000000, -1.000000000000000000 ) ) ;
#2089 = CARTESIAN_POINT ( 'NONE',  ( 0.6887718761201948592, -0.4491572342521267802, -0.06102362204724410405 ) ) ;
#2090 = LINE ( 'NONE', #514, #3904 ) ;
#2091 = LINE ( 'NONE', #4241, #3092 ) ;
#2092 = VECTOR ( 'NONE', #5991, 39.37007874015748143 ) ;
#2093 = LINE ( 'NONE', #3112, #4485 ) ;
#2094 = EDGE_CURVE ( 'NONE', #888, #6278, #4331, .T. ) ;
#2095 = VECTOR ( 'NONE', #6816, 39.37007874015748143 ) ;
#2096 = UNCERTAINTY_MEASURE_WITH_UNIT (LENGTH_MEASURE( 1.000000000000000082E-05 ), #6136, 'distance_accuracy_value', 'NONE');
#2097 = VECTOR ( 'NONE', #690, 39.37007874015748143 ) ;
#2098 = EDGE_CURVE ( 'NONE', #277, #4790, #1322, .T. ) ;
#2099 = CARTESIAN_POINT ( 'NONE',  ( 0.7446348015091733830, -0.5908895177166949564, -0.06496062992125983815 ) ) ;
#2100 = ORIENTED_EDGE ( 'NONE', *, *, #2125, .T. ) ;
#2101 = CARTESIAN_POINT ( 'NONE',  ( 0.8089064550524862618, -0.4491572342518473371, -0.04527559055118110520 ) ) ;
#2102 = PLANE ( 'NONE',  #6895 ) ;
#2103 = LINE ( 'NONE', #3722, #5230 ) ;
#2104 = VECTOR ( 'NONE', #1875, 39.37007874015748143 ) ;
#2105 = VERTEX_POINT ( 'NONE', #4682 ) ;
#2106 = ORIENTED_EDGE ( 'NONE', *, *, #3684, .T. ) ;
#2107 = LINE ( 'NONE', #4253, #6329 ) ;
#2108 = PRODUCT_DEFINITION_FORMATION_WITH_SPECIFIED_SOURCE ( 'ANY', '', #6100, .NOT_KNOWN. ) ;
#2109 = CARTESIAN_POINT ( 'NONE',  ( -72.67989785495451827, -0.7129367618111791538, -0.007874015748031495954 ) ) ;
#2110 = LINE ( 'NONE', #6414, #3653 ) ;
#2111 = CARTESIAN_POINT ( 'NONE',  ( 0.8423151832068446199, -0.5908895177166516577, 0.007874015748031495954 ) ) ;
#2112 = EDGE_LOOP ( 'NONE', ( #6390, #6101, #1752, #5313, #6487 ) ) ;
#2113 = EDGE_CURVE ( 'NONE', #4161, #5272, #264, .T. ) ;
#2114 = EDGE_LOOP ( 'NONE', ( #4583, #3754, #5273, #6861 ) ) ;
#2115 = EDGE_CURVE ( 'NONE', #3196, #3209, #789, .T. ) ;
#2116 = ORIENTED_EDGE ( 'NONE', *, *, #496, .T. ) ;
#2117 = FACE_OUTER_BOUND ( 'NONE', #5858, .T. ) ;
#2118 = DIRECTION ( 'NONE',  ( 1.000000000000000000, 0.000000000000000000, 0.000000000000000000 ) ) ;
#2119 = ORIENTED_EDGE ( 'NONE', *, *, #6189, .F. ) ;
#2120 = CARTESIAN_POINT ( 'NONE',  ( 0.7446348015091733830, -0.6420706200788995899, 0.08070866141732284393 ) ) ;
#2121 = CARTESIAN_POINT ( 'NONE',  ( 0.9131813249391299570, -0.6971887303151181881, -0.2027559055118110243 ) ) ;
#2122 = LINE ( 'NONE', #6317, #6828 ) ;
#2123 = ORIENTED_EDGE ( 'NONE', *, *, #1449, .T. ) ;
#2124 = EDGE_CURVE ( 'NONE', #1818, #6912, #5004, .T. ) ;
#2125 = EDGE_CURVE ( 'NONE', #4778, #6700, #3998, .T. ) ;
#2126 = ORIENTED_EDGE ( 'NONE', *, *, #2002, .F. ) ;
#2127 = CARTESIAN_POINT ( 'NONE',  ( 0.9152056676509450206, -0.5101808562992157237, 0.04429133858267716994 ) ) ;
#2128 = FACE_BOUND ( 'NONE', #1853, .T. ) ;
#2129 = CARTESIAN_POINT ( 'NONE',  ( 1.129828435559769861, -0.4686522447816141579, 0.06102362204724410405 ) ) ;
#2130 = LINE ( 'NONE', #3642, #6075 ) ;
#2131 = ADVANCED_FACE ( 'NONE', ( #5821 ), #6457, .T. ) ;
#2132 = PLANE ( 'NONE',  #1607 ) ;
#2133 = EDGE_LOOP ( 'NONE', ( #2523, #2282, #5299, #3577, #5191, #1419, #2994 ) ) ;
#2134 = DIRECTION ( 'NONE',  ( 0.000000000000000000, 1.000000000000000000, 0.000000000000000000 ) ) ;
#2135 = CARTESIAN_POINT ( 'NONE',  ( 1.110705391767238259, -0.4657805766128355063, 0.08070866141733053223 ) ) ;
#2136 = DIRECTION ( 'NONE',  ( 0.000000000000000000, -1.000000000000000000, 0.000000000000000000 ) ) ;
#2137 = AXIS2_PLACEMENT_3D ( 'NONE', #1602, #3745, #4242 ) ;
#2138 = ORIENTED_EDGE ( 'NONE', *, *, #4521, .F. ) ;
#2139 = ORIENTED_EDGE ( 'NONE', *, *, #5318, .T. ) ;
#2140 = EDGE_CURVE ( 'NONE', #5764, #66, #8, .T. ) ;
#2141 = CARTESIAN_POINT ( 'NONE',  ( 0.6887718761201948592, -0.4686522447816141579, 0.08070866141732284393 ) ) ;
#2142 = CARTESIAN_POINT ( 'NONE',  ( 0.7144182660761357884, -0.5180548720472071267, -0.01968503937007873988 ) ) ;
#2143 = FACE_OUTER_BOUND ( 'NONE', #1508, .T. ) ;
#2144 = LINE ( 'NONE', #4288, #4066 ) ;
#2145 = ORIENTED_EDGE ( 'NONE', *, *, #5332, .F. ) ;
#2146 = ORIENTED_EDGE ( 'NONE', *, *, #4244, .T. ) ;
#2147 = ORIENTED_EDGE ( 'NONE', *, *, #1685, .F. ) ;
#2148 = CARTESIAN_POINT ( 'NONE',  ( 0.9781977936351987646, -0.5731729822834260579, -0.06003937007874016185 ) ) ;
#2149 = CARTESIAN_POINT ( 'NONE',  ( 1.114080404063698904, -0.4686522447816535153, 0.07677165354330708902 ) ) ;
#2150 = VERTEX_POINT ( 'NONE', #5924 ) ;
#2151 =( NAMED_UNIT ( * ) PLANE_ANGLE_UNIT ( ) SI_UNIT ( $, .RADIAN. ) );
#2152 = CARTESIAN_POINT ( 'NONE',  ( 1.110860813454055185, -0.4386689068417732873, 0.06102362204724410405 ) ) ;
#2153 = CARTESIAN_POINT ( 'NONE',  ( 0.9407962188320474484, -0.4491572342519299932, -0.06003937007874016185 ) ) ;
#2154 = ORIENTED_EDGE ( 'NONE', *, *, #533, .T. ) ;
#2155 = VECTOR ( 'NONE', #4531, 39.37007874015748143 ) ;
#2156 = VERTEX_POINT ( 'NONE', #2121 ) ;
#2157 = CARTESIAN_POINT ( 'NONE',  ( 1.043102584781460562, -0.5357714074804725835, 0.007874015748031495954 ) ) ;
#2158 = CARTESIAN_POINT ( 'NONE',  ( 0.8147561280887380963, -0.6971887303151181881, 0.007874015748031495954 ) ) ;
#2159 = LINE ( 'NONE', #2578, #6533 ) ;
#2160 = EDGE_CURVE ( 'NONE', #1423, #2629, #3007, .T. ) ;
#2161 = EDGE_CURVE ( 'NONE', #6028, #2398, #1524, .T. ) ;
#2162 = VECTOR ( 'NONE', #212, 39.37007874015748143 ) ;
#2163 = VECTOR ( 'NONE', #938, 39.37007874015748143 ) ;
#2164 = CIRCLE ( 'NONE', #3062, 0.007874015748039371598 ) ;
#2165 = DIRECTION ( 'NONE',  ( 1.000000000000000000, 0.000000000000000000, 0.000000000000000000 ) ) ;
#2166 = VERTEX_POINT ( 'NONE', #4853 ) ;
#2167 = DIRECTION ( 'NONE',  ( 0.000000000000000000, 0.000000000000000000, -1.000000000000000000 ) ) ;
#2168 = CARTESIAN_POINT ( 'NONE',  ( 1.011606521789521596, -0.6971887303151181881, 0.007874015748031495954 ) ) ;
#2169 = EDGE_CURVE ( 'NONE', #3197, #1834, #43, .T. ) ;
#2170 = EDGE_CURVE ( 'NONE', #3516, #3094, #3771, .T. ) ;
#2171 = CARTESIAN_POINT ( 'NONE',  ( 0.6966753283849593803, -0.4334092027560654814, 0.06102362204733684237 ) ) ;
#2172 = VERTEX_POINT ( 'NONE', #1627 ) ;
#2173 = ORIENTED_EDGE ( 'NONE', *, *, #1405, .T. ) ;
#2174 = CARTESIAN_POINT ( 'NONE',  ( 0.8410914944225630352, -0.4904958169292921721, -0.08070866141732284393 ) ) ;
#2175 = CARTESIAN_POINT ( 'NONE',  ( 0.9997954981672834140, -0.7129367618111791538, -0.2027559055118110243 ) ) ;
#2176 = DIRECTION ( 'NONE',  ( 0.000000000000000000, 0.000000000000000000, -1.000000000000000000 ) ) ;
#2177 = CARTESIAN_POINT ( 'NONE',  ( 0.8128434629265374189, -0.4491572342519299932, -0.3543307086614173596 ) ) ;
#2178 = EDGE_CURVE ( 'NONE', #571, #6008, #1105, .T. ) ;
#2179 = VERTEX_POINT ( 'NONE', #1593 ) ;
#2180 = VECTOR ( 'NONE', #5666, 39.37007874015748143 ) ;
#2181 = EDGE_LOOP ( 'NONE', ( #2711, #4471, #1471, #889 ) ) ;
#2182 = ORIENTED_EDGE ( 'NONE', *, *, #3072, .T. ) ;
#2183 = FACE_OUTER_BOUND ( 'NONE', #835, .T. ) ;
#2184 = LINE ( 'NONE', #1660, #945 ) ;
#2185 = ORIENTED_EDGE ( 'NONE', *, *, #2199, .T. ) ;
#2186 = PRODUCT_CONTEXT ( 'NONE', #3145, 'mechanical' ) ;
#2187 = FACE_OUTER_BOUND ( 'NONE', #5917, .T. ) ;
#2188 = VECTOR ( 'NONE', #6978, 39.37007874015748143 ) ;
#2189 = CARTESIAN_POINT ( 'NONE',  ( 0.9407962188320474484, -0.5849840059054763897, 0.04429133858267716994 ) ) ;
#2190 = VERTEX_POINT ( 'NONE', #5383 ) ;
#2191 = ORIENTED_EDGE ( 'NONE', *, *, #1570, .T. ) ;
#2192 = VECTOR ( 'NONE', #2176, 39.37007874015748143 ) ;
#2193 = ORIENTED_EDGE ( 'NONE', *, *, #1584, .T. ) ;
#2194 = DIRECTION ( 'NONE',  ( -1.000000000000000000, 4.111937128241349667E-14, 0.000000000000000000 ) ) ;
#2195 = CARTESIAN_POINT ( 'NONE',  ( 0.9407962188320474484, -0.5298658956692529065, 0.04429133858267716994 ) ) ;
#2196 = CARTESIAN_POINT ( 'NONE',  ( 0.7636308645013326624, -0.5101808562992157237, 0.04429133858267716994 ) ) ;
#2197 = AXIS2_PLACEMENT_3D ( 'NONE', #1179, #160, #2750 ) ;
#2198 = ADVANCED_FACE ( 'NONE', ( #5246 ), #6883, .F. ) ;
#2199 = EDGE_CURVE ( 'NONE', #1199, #213, #2677, .T. ) ;
#2200 = EDGE_CURVE ( 'NONE', #4633, #500, #6316, .T. ) ;
#2201 = VECTOR ( 'NONE', #2811, 39.37007874015748143 ) ;
#2202 = CARTESIAN_POINT ( 'NONE',  ( 1.129828435559769861, -0.4686522447816141579, -0.08070866141732284393 ) ) ;
#2203 = EDGE_LOOP ( 'NONE', ( #4821, #6303, #4460, #4717 ) ) ;
#2204 = CARTESIAN_POINT ( 'NONE',  ( 0.9781977936351987646, -0.5849840059054763897, 0.06003937007874016185 ) ) ;
#2205 = LINE ( 'NONE', #1117, #6137 ) ;
#2206 = LINE ( 'NONE', #62, #816 ) ;
#2207 = CARTESIAN_POINT ( 'NONE',  ( 0.8580632147027226209, -0.5908895177166516577, -0.007874015748031495954 ) ) ;
#2208 = ORIENTED_EDGE ( 'NONE', *, *, #6511, .T. ) ;
#2209 = VECTOR ( 'NONE', #6683, 39.37007874015748143 ) ;
#2210 = EDGE_CURVE ( 'NONE', #1190, #2902, #2606, .T. ) ;
#2211 = ORIENTED_EDGE ( 'NONE', *, *, #4955, .F. ) ;
#2212 = CARTESIAN_POINT ( 'NONE',  ( 0.7144182660761357884, -0.4491572342519299932, -0.06003937007874016185 ) ) ;
#2213 = CARTESIAN_POINT ( 'NONE',  ( 1.103647973308183428, -0.4491572342516056415, 0.06819219406871870892 ) ) ;
#2214 = CARTESIAN_POINT ( 'NONE',  ( 0.7636308645013326624, -0.4491572342519299932, 0.04429133858267716994 ) ) ;
#2215 = CARTESIAN_POINT ( 'NONE',  ( 0.9407962188320474484, -0.5101808562992157237, 0.06003937007874016185 ) ) ;
#2216 = VECTOR ( 'NONE', #3598, 39.37007874015748143 ) ;
#2217 = ORIENTED_EDGE ( 'NONE', *, *, #1130, .T. ) ;
#2218 = ORIENTED_EDGE ( 'NONE', *, *, #1793, .F. ) ;
#2219 = ORIENTED_EDGE ( 'NONE', *, *, #887, .F. ) ;
#2220 = EDGE_CURVE ( 'NONE', #1000, #1256, #6393, .T. ) ;
#2221 = CARTESIAN_POINT ( 'NONE',  ( 0.7438899863562618009, -1.063330462598543358, 0.07874015748031495954 ) ) ;
#2222 = CARTESIAN_POINT ( 'NONE',  ( 1.058850616277521750, -0.6302595964568091791, 0.07874015748031495954 ) ) ;
#2223 = LINE ( 'NONE', #1168, #479 ) ;
#2224 = VERTEX_POINT ( 'NONE', #4264 ) ;
#2225 = CARTESIAN_POINT ( 'NONE',  ( 0.7754418881233877681, -0.5849840059054763897, 0.03051181102362205202 ) ) ;
#2226 = ORIENTED_EDGE ( 'NONE', *, *, #6189, .T. ) ;
#2227 = EDGE_CURVE ( 'NONE', #3426, #5727, #3705, .T. ) ;
#2228 = ORIENTED_EDGE ( 'NONE', *, *, #2346, .F. ) ;
#2229 = ORIENTED_EDGE ( 'NONE', *, *, #4774, .F. ) ;
#2230 = CARTESIAN_POINT ( 'NONE',  ( 0.6981329345725629798, -0.4528621900221267982, 0.08070866141732284393 ) ) ;
#2231 = DIRECTION ( 'NONE',  ( -4.111937128241349667E-14, -1.000000000000000000, 0.000000000000000000 ) ) ;
#2232 = CARTESIAN_POINT ( 'NONE',  ( 0.6730238446241337824, -0.4529042132855922165, -0.06102362204724410405 ) ) ;
#2233 = DIRECTION ( 'NONE',  ( 0.000000000000000000, 0.000000000000000000, -1.000000000000000000 ) ) ;
#2234 = ORIENTED_EDGE ( 'NONE', *, *, #4869, .F. ) ;
#2235 = DIRECTION ( 'NONE',  ( 1.000000000000000000, 0.000000000000000000, 0.000000000000000000 ) ) ;
#2236 = DIRECTION ( 'NONE',  ( 1.000000000000000000, -5.046468293751270233E-14, 0.000000000000000000 ) ) ;
#2237 = DIRECTION ( 'NONE',  ( -1.000000000000000000, 4.111937128241349667E-14, 0.000000000000000000 ) ) ;
#2238 = CARTESIAN_POINT ( 'NONE',  ( 0.6889520275807236027, -0.4484677247319017179, 0.06102362204724410405 ) ) ;
#2239 = ORIENTED_EDGE ( 'NONE', *, *, #6139, .T. ) ;
#2240 = ORIENTED_EDGE ( 'NONE', *, *, #251, .T. ) ;
#2241 = LINE ( 'NONE', #667, #1715 ) ;
#2242 = DIRECTION ( 'NONE',  ( -4.111937128241349667E-14, -1.000000000000000000, 0.000000000000000000 ) ) ;
#2243 = CARTESIAN_POINT ( 'NONE',  ( 0.7871970729706301295, -0.6302595964568091791, 0.07874015748031495954 ) ) ;
#2244 = LINE ( 'NONE', #1550, #4732 ) ;
#2245 = EDGE_CURVE ( 'NONE', #4427, #5498, #1067, .T. ) ;
#2246 = AXIS2_PLACEMENT_3D ( 'NONE', #4654, #2547, #5078 ) ;
#2247 = EDGE_CURVE ( 'NONE', #1910, #15, #543, .T. ) ;
#2248 = ORIENTED_EDGE ( 'NONE', *, *, #956, .F. ) ;
#2249 = ORIENTED_EDGE ( 'NONE', *, *, #100, .F. ) ;
#2250 = VERTEX_POINT ( 'NONE', #3839 ) ;
#2251 = CARTESIAN_POINT ( 'NONE',  ( 0.6907403800572066155, -0.5908895177166575419, 0.08070866141732284393 ) ) ;
#2252 = CARTESIAN_POINT ( 'NONE',  ( 0.6915122067053611765, -0.4491572342521236161, 0.06102362204724411793 ) ) ;
#2253 = PLANE ( 'NONE',  #6258 ) ;
#2254 = DIRECTION ( 'NONE',  ( 0.000000000000000000, 0.000000000000000000, 1.000000000000000000 ) ) ;
#2255 = LINE ( 'NONE', #1272, #1078 ) ;
#2256 = LINE ( 'NONE', #1207, #1535 ) ;
#2257 = EDGE_CURVE ( 'NONE', #6898, #4000, #3806, .T. ) ;
#2258 = VERTEX_POINT ( 'NONE', #5028 ) ;
#2259 = ORIENTED_EDGE ( 'NONE', *, *, #4360, .F. ) ;
#2260 = ORIENTED_EDGE ( 'NONE', *, *, #878, .F. ) ;
#2261 = DIRECTION ( 'NONE',  ( 0.000000000000000000, 0.000000000000000000, 1.000000000000000000 ) ) ;
#2262 = DIRECTION ( 'NONE',  ( 1.000000000000000000, 0.000000000000000000, 0.000000000000000000 ) ) ;
#2263 = CARTESIAN_POINT ( 'NONE',  ( 0.9604254194271298894, -0.5357714074804330595, -0.007874015748031495954 ) ) ;
#2264 = ADVANCED_FACE ( 'NONE', ( #648 ), #3311, .F. ) ;
#2265 = VECTOR ( 'NONE', #4745, 39.37007874015748143 ) ;
#2266 = DIRECTION ( 'NONE',  ( 1.000000000000000000, -1.009293658750049953E-13, 4.928191693115478900E-17 ) ) ;
#2267 = CARTESIAN_POINT ( 'NONE',  ( 0.6415277816318543103, -0.6971887303151181881, -0.007874015748031495954 ) ) ;
#2268 = PLANE ( 'NONE',  #850 ) ;
#2269 = DIRECTION ( 'NONE',  ( -0.000000000000000000, 1.000000000000000000, 0.000000000000000000 ) ) ;
#2270 = VECTOR ( 'NONE', #2988, 39.37007874015748143 ) ;
#2271 = AXIS2_PLACEMENT_3D ( 'NONE', #361, #5206, #6280 ) ;
#2272 = FACE_OUTER_BOUND ( 'NONE', #6809, .T. ) ;
#2273 = ORIENTED_EDGE ( 'NONE', *, *, #6746, .T. ) ;
#2274 = VECTOR ( 'NONE', #1339, 39.37007874015748143 ) ;
#2275 = VERTEX_POINT ( 'NONE', #1764 ) ;
#2276 = DIRECTION ( 'NONE',  ( 0.000000000000000000, -1.000000000000000000, 0.000000000000000000 ) ) ;
#2277 = DIRECTION ( 'NONE',  ( 0.000000000000000000, 0.000000000000000000, -1.000000000000000000 ) ) ;
#2278 = CARTESIAN_POINT ( 'NONE',  ( 0.7892214156824370885, -0.5101808562992157237, -0.04429133858267716994 ) ) ;
#2279 = LINE ( 'NONE', #2874, #2162 ) ;
#2280 = VECTOR ( 'NONE', #3432, 39.37007874015748143 ) ;
#2281 = EDGE_LOOP ( 'NONE', ( #1968, #2145, #3116, #3983 ) ) ;
#2282 = ORIENTED_EDGE ( 'NONE', *, *, #1476, .T. ) ;
#2283 = ADVANCED_FACE ( 'NONE', ( #115 ), #4924, .T. ) ;
#2284 = EDGE_CURVE ( 'NONE', #5237, #320, #2255, .T. ) ;
#2285 = LINE ( 'NONE', #6132, #1156 ) ;
#2286 = EDGE_CURVE ( 'NONE', #6173, #3255, #2753, .T. ) ;
#2287 = CARTESIAN_POINT ( 'NONE',  ( 1.113968726513744123, -0.5908895177166516577, -0.07874015748031495954 ) ) ;
#2288 = DIRECTION ( 'NONE',  ( 0.7071067811865475727, -0.7071067811865475727, 0.000000000000000000 ) ) ;
#2289 = LINE ( 'NONE', #4431, #3166 ) ;
#2290 = CARTESIAN_POINT ( 'NONE',  ( 1.103647973297753992, -0.4491572342520874228, -0.06102362204724410405 ) ) ;
#2291 = DIRECTION ( 'NONE',  ( 0.000000000000000000, 1.000000000000000000, 0.000000000000000000 ) ) ;
#2292 = VECTOR ( 'NONE', #5349, 39.37007874015748143 ) ;
#2293 = ORIENTED_EDGE ( 'NONE', *, *, #4154, .F. ) ;
#2294 = ORIENTED_EDGE ( 'NONE', *, *, #5789, .F. ) ;
#2295 = ADVANCED_FACE ( 'NONE', ( #4398 ), #3874, .T. ) ;
#2296 = CYLINDRICAL_SURFACE ( 'NONE', #1152, 0.01181102362204594289 ) ;
#2297 = VERTEX_POINT ( 'NONE', #4466 ) ;
#2298 = VECTOR ( 'NONE', #4181, 39.37007874015748143 ) ;
#2299 = LINE ( 'NONE', #3883, #872 ) ;
#2300 = CARTESIAN_POINT ( 'NONE',  ( 0.7636308645013326624, -0.5849840059054763897, 0.06003937007874016185 ) ) ;
#2301 = LINE ( 'NONE', #6001, #3392 ) ;
#2302 = AXIS2_PLACEMENT_3D ( 'NONE', #6044, #2375, #1220 ) ;
#2303 = EDGE_CURVE ( 'NONE', #2813, #4872, #3942, .T. ) ;
#2304 = DIRECTION ( 'NONE',  ( 0.000000000000000000, 1.000000000000000000, 0.000000000000000000 ) ) ;
#2305 = CYLINDRICAL_SURFACE ( 'NONE', #6948, 0.007874015748039371598 ) ;
#2306 = DIRECTION ( 'NONE',  ( 1.000000000000000000, 0.000000000000000000, 0.000000000000000000 ) ) ;
#2307 = VECTOR ( 'NONE', #3779, 39.37007874015748143 ) ;
#2308 = CARTESIAN_POINT ( 'NONE',  ( 0.6921468884164625468, -0.4657805766128355063, -0.08070866141732284393 ) ) ;
#2309 = CARTESIAN_POINT ( 'NONE',  ( 0.6992043068861396593, -0.4491572342520047112, -0.06496062992125983815 ) ) ;
#2310 = ORIENTED_EDGE ( 'NONE', *, *, #6231, .F. ) ;
#2311 = VECTOR ( 'NONE', #3987, 39.37007874015748143 ) ;
#2312 = EDGE_CURVE ( 'NONE', #5291, #2696, #714, .T. ) ;
#2313 = ORIENTED_EDGE ( 'NONE', *, *, #5994, .T. ) ;
#2314 = DIRECTION ( 'NONE',  ( -1.000000000000000000, 4.111937128241349667E-14, 0.000000000000000000 ) ) ;
#2315 = CARTESIAN_POINT ( 'NONE',  ( 0.6921468884164625468, -0.4657805766128355063, -0.06496062992125983815 ) ) ;
#2316 = CARTESIAN_POINT ( 'NONE',  ( 1.112892837122783307, -0.4454453923635978696, 0.06102362204724450651 ) ) ;
#2317 = CARTESIAN_POINT ( 'NONE',  ( 1.107607900217634000, -0.4594564280026795511, -0.08070866141732284393 ) ) ;
#2318 = VECTOR ( 'NONE', #5212, 39.37007874015748143 ) ;
#2319 = ORIENTED_EDGE ( 'NONE', *, *, #447, .T. ) ;
#2320 = ORIENTED_EDGE ( 'NONE', *, *, #1960, .F. ) ;
#2321 = FACE_OUTER_BOUND ( 'NONE', #3376, .T. ) ;
#2322 = AXIS2_PLACEMENT_3D ( 'NONE', #6118, #271, #3472 ) ;
#2323 = CARTESIAN_POINT ( 'NONE',  ( 0.7636308645013326624, -0.5298658956692529065, -0.06003937007874016185 ) ) ;
#2324 = CARTESIAN_POINT ( 'NONE',  ( 1.059595431430434997, -0.6420706200788995899, -0.08070866141732284393 ) ) ;
#2325 = LINE ( 'NONE', #1342, #696 ) ;
#2326 = DIRECTION ( 'NONE',  ( -1.000000000000000000, 0.000000000000000000, 0.000000000000000000 ) ) ;
#2327 = PLANE ( 'NONE',  #5462 ) ;
#2328 = EDGE_CURVE ( 'NONE', #456, #1190, #1729, .T. ) ;
#2329 = ORIENTED_EDGE ( 'NONE', *, *, #5839, .F. ) ;
#2330 = ADVANCED_FACE ( 'NONE', ( #1236 ), #5564, .F. ) ;
#2331 = VECTOR ( 'NONE', #6361, 39.37007874015748143 ) ;
#2332 = ORIENTED_EDGE ( 'NONE', *, *, #2496, .T. ) ;
#2333 = LINE ( 'NONE', #755, #5645 ) ;
#2334 = ORIENTED_EDGE ( 'NONE', *, *, #5318, .F. ) ;
#2335 = CARTESIAN_POINT ( 'NONE',  ( 0.9152056676509450206, -0.5298658956692529065, 0.06003937007874016185 ) ) ;
#2336 = LINE ( 'NONE', #6035, #6593 ) ;
#2337 = CARTESIAN_POINT ( 'NONE',  ( 0.9289851952100020016, -0.4904958169290952741, 0.03051181102362205202 ) ) ;
#2338 = EDGE_CURVE ( 'NONE', #5449, #3917, #4953, .T. ) ;
#2339 = ADVANCED_FACE ( 'NONE', ( #2187 ), #1206, .F. ) ;
#2340 = FACE_OUTER_BOUND ( 'NONE', #814, .T. ) ;
#2341 = CARTESIAN_POINT ( 'NONE',  ( 0.8410720751264960660, -0.4529042132862607373, 0.07677165354330708902 ) ) ;
#2342 = DIRECTION ( 'NONE',  ( -1.000000000000000000, 0.000000000000000000, 0.000000000000000000 ) ) ;
#2343 = CARTESIAN_POINT ( 'NONE',  ( 0.7871970729706301295, -0.6302595964568091791, 0.07874015748031495954 ) ) ;
#2344 = MANIFOLD_SOLID_BREP ( 'NONE', #2962 ) ;
#2345 = LINE ( 'NONE', #4483, #4121 ) ;
#2346 = EDGE_CURVE ( 'NONE', #4370, #3422, #2916, .T. ) ;
#2347 = ORIENTED_EDGE ( 'NONE', *, *, #6182, .T. ) ;
#2348 = ORIENTED_EDGE ( 'NONE', *, *, #2634, .F. ) ;
#2349 = CARTESIAN_POINT ( 'NONE',  ( 0.7871970729704389491, -1.063330462598543358, -0.06299212598425196763 ) ) ;
#2350 = ORIENTED_EDGE ( 'NONE', *, *, #5846, .T. ) ;
#2351 = DIRECTION ( 'NONE',  ( 1.000000000000000000, 0.000000000000000000, 0.000000000000000000 ) ) ;
#2352 = DIRECTION ( 'NONE',  ( 0.000000000000000000, 0.000000000000000000, -1.000000000000000000 ) ) ;
#2353 = CARTESIAN_POINT ( 'NONE',  ( 0.8128434629265374189, -0.3152989665353965187, 0.03937007874015747977 ) ) ;
#2354 = ORIENTED_EDGE ( 'NONE', *, *, #360, .F. ) ;
#2355 = EDGE_CURVE ( 'NONE', #6106, #2483, #6495, .T. ) ;
#2356 = ORIENTED_EDGE ( 'NONE', *, *, #189, .F. ) ;
#2357 = CARTESIAN_POINT ( 'NONE',  ( 0.9395166912729547848, -0.4904958169292921721, 0.06496062992125983815 ) ) ;
#2358 = CARTESIAN_POINT ( 'NONE',  ( 1.058850616277521750, -0.6302595964568091791, 0.06299212598425196763 ) ) ;
#2359 = CARTESIAN_POINT ( 'NONE',  ( 0.7871970729706301295, -0.5908895177166516577, -0.07874015748031495954 ) ) ;
#2360 = DIRECTION ( 'NONE',  ( 0.000000000000000000, 0.000000000000000000, 1.000000000000000000 ) ) ;
#2361 = VECTOR ( 'NONE', #2863, 39.37007874015748143 ) ;
#2362 = CARTESIAN_POINT ( 'NONE',  ( 0.6942410201635021982, -0.4308896354616535973, 0.06102362204724410405 ) ) ;
#2363 = EDGE_LOOP ( 'NONE', ( #2729, #4765, #3586, #6192 ) ) ;
#2364 = ORIENTED_EDGE ( 'NONE', *, *, #2210, .F. ) ;
#2365 = DIRECTION ( 'NONE',  ( 1.000000000000000000, 0.000000000000000000, 0.000000000000000000 ) ) ;
#2366 = ORIENTED_EDGE ( 'NONE', *, *, #4310, .T. ) ;
#2367 = EDGE_LOOP ( 'NONE', ( #6163, #6800, #6348, #1303, #3613, #5087 ) ) ;
#2368 = LINE ( 'NONE', #4507, #6272 ) ;
#2369 = DIRECTION ( 'NONE',  ( 0.000000000000000000, 1.000000000000000000, 0.000000000000000000 ) ) ;
#2370 = DIRECTION ( 'NONE',  ( 0.000000000000000000, 0.000000000000000000, -1.000000000000000000 ) ) ;
#2371 = ADVANCED_FACE ( 'NONE', ( #1134 ), #2253, .T. ) ;
#2372 = EDGE_CURVE ( 'NONE', #3114, #2390, #5454, .T. ) ;
#2373 = CARTESIAN_POINT ( 'NONE',  ( 1.101143227212111331, -0.4334092027560654259, -0.06496062992125983815 ) ) ;
#2374 = CARTESIAN_POINT ( 'NONE',  ( 0.7017090529716969449, -0.4334092027560654259, -0.06496062992125983815 ) ) ;
#2375 = DIRECTION ( 'NONE',  ( 0.000000000000000000, 0.000000000000000000, -1.000000000000000000 ) ) ;
#2376 = DIRECTION ( 'NONE',  ( 1.000000000000000000, 0.000000000000000000, 0.000000000000000000 ) ) ;
#2377 = DIRECTION ( 'NONE',  ( 1.000000000000000000, 0.000000000000000000, 0.000000000000000000 ) ) ;
#2378 = ORIENTED_EDGE ( 'NONE', *, *, #2681, .T. ) ;
#2379 = B_SPLINE_CURVE_WITH_KNOTS ( 'NONE', 3,
 ( #3258, #5481, #3370, #3336, #2213, #669 ),
 .UNSPECIFIED., .F., .F.,
 ( 4, 2, 4 ),
 ( 7.023086426956682172E-18, 0.0002006204699068406120, 0.0004012409398136742309 ),
 .UNSPECIFIED. ) ;
#2380 = ORIENTED_EDGE ( 'NONE', *, *, #5420, .T. ) ;
#2381 = EDGE_CURVE ( 'NONE', #2224, #5998, #2051, .T. ) ;
#2382 = VECTOR ( 'NONE', #5669, 39.37007874015748143 ) ;
#2383 = VECTOR ( 'NONE', #6557, 39.37007874015748143 ) ;
#2384 = CARTESIAN_POINT ( 'NONE',  ( 0.9604254194271298894, -0.5908895177166516577, -0.007874015748031495954 ) ) ;
#2385 = ORIENTED_EDGE ( 'NONE', *, *, #1732, .T. ) ;
#2386 = CARTESIAN_POINT ( 'NONE',  ( 1.103584425054848328, -0.4489374755119669436, 0.07086614173228347746 ) ) ;
#2387 = CARTESIAN_POINT ( 'NONE',  ( 1.101143227212111331, -0.4334092027560654259, -0.06496062992125983815 ) ) ;
#2388 = VECTOR ( 'NONE', #457, 39.37007874015748143 ) ;
#2389 = VERTEX_POINT ( 'NONE', #4198 ) ;
#2390 = VERTEX_POINT ( 'NONE', #5250 ) ;
#2391 = DIRECTION ( 'NONE',  ( -1.000000000000000000, 0.000000000000000000, 0.000000000000000000 ) ) ;
#2392 = FACE_OUTER_BOUND ( 'NONE', #3800, .T. ) ;
#2393 = CARTESIAN_POINT ( 'NONE',  ( 0.9289851952100020016, -0.4904958169290952741, -0.03051181102362205202 ) ) ;
#2394 = CARTESIAN_POINT ( 'NONE',  ( 0.9631387385170552262, -0.5495509350395306747, 0.08070866141732284393 ) ) ;
#2395 = EDGE_CURVE ( 'NONE', #5717, #6847, #1492, .T. ) ;
#2396 = VECTOR ( 'NONE', #3115, 39.37007874015748143 ) ;
#2397 = CARTESIAN_POINT ( 'NONE',  ( 0.6901377827410670740, -0.4450792061410621669, 0.06102362204724410405 ) ) ;
#2398 = VERTEX_POINT ( 'NONE', #3267 ) ;
#2399 = VERTEX_POINT ( 'NONE', #6526 ) ;
#2400 = FACE_OUTER_BOUND ( 'NONE', #4402, .T. ) ;
#2401 = PLANE ( 'NONE',  #3185 ) ;
#2402 = ORIENTED_EDGE ( 'NONE', *, *, #4276, .T. ) ;
#2403 = LINE ( 'NONE', #2570, #3569 ) ;
#2404 = DIRECTION ( 'NONE',  ( 0.000000000000000000, -1.000000000000000000, 0.000000000000000000 ) ) ;
#2405 = LINE ( 'NONE', #790, #2095 ) ;
#2406 = VECTOR ( 'NONE', #2499, 39.37007874015748143 ) ;
#2407 = VECTOR ( 'NONE', #2704, 39.37007874015748143 ) ;
#2408 = CARTESIAN_POINT ( 'NONE',  ( 0.8915836204068524617, -0.3152989665353965187, -0.3543307086614173596 ) ) ;
#2409 = DIRECTION ( 'NONE',  ( 0.000000000000000000, 0.000000000000000000, -1.000000000000000000 ) ) ;
#2410 = CYLINDRICAL_SURFACE ( 'NONE', #3886, 0.01574803149606299191 ) ;
#2411 = DIRECTION ( 'NONE',  ( -1.000000000000000000, 2.774828755419889813E-13, 0.000000000000000000 ) ) ;
#2412 = CARTESIAN_POINT ( 'NONE',  ( 0.8647135416666634766, -0.5495509350395306747, 0.08070866141732284393 ) ) ;
#2413 = CIRCLE ( 'NONE', #3312, 0.01574803149606125718 ) ;
#2414 = ADVANCED_FACE ( 'NONE', ( #4752 ), #5413, .F. ) ;
#2415 = ORIENTED_EDGE ( 'NONE', *, *, #6396, .T. ) ;
#2416 = ADVANCED_FACE ( 'NONE', ( #3347 ), #2741, .F. ) ;
#2417 = VECTOR ( 'NONE', #5728, 39.37007874015748143 ) ;
#2418 = VERTEX_POINT ( 'NONE', #5488 ) ;
#2419 = LINE ( 'NONE', #2453, #3741 ) ;
#2420 = ORIENTED_EDGE ( 'NONE', *, *, #4774, .T. ) ;
#2421 = DIRECTION ( 'NONE',  ( -1.000000000000000000, 0.000000000000000000, 0.000000000000000000 ) ) ;
#2422 = DIRECTION ( 'NONE',  ( 0.000000000000000000, 0.000000000000000000, -1.000000000000000000 ) ) ;
#2423 = AXIS2_PLACEMENT_3D ( 'NONE', #5002, #196, #4474 ) ;
#2424 = EDGE_CURVE ( 'NONE', #3792, #4706, #2223, .T. ) ;
#2425 = ORIENTED_EDGE ( 'NONE', *, *, #2463, .T. ) ;
#2426 = EDGE_LOOP ( 'NONE', ( #6384, #6108, #6478, #5459 ) ) ;
#2427 = DIRECTION ( 'NONE',  ( -1.000000000000000000, 0.000000000000000000, 0.000000000000000000 ) ) ;
#2428 = DIRECTION ( 'NONE',  ( 1.000000000000000000, 0.000000000000000000, 0.000000000000000000 ) ) ;
#2429 = VECTOR ( 'NONE', #3738, 39.37007874015748143 ) ;
#2430 = LINE ( 'NONE', #1374, #4650 ) ;
#2431 = CARTESIAN_POINT ( 'NONE',  ( 0.6730238446241337824, -0.4686522447816141579, -0.08070866141732284393 ) ) ;
#2432 = VECTOR ( 'NONE', #2291, 39.37007874015748143 ) ;
#2433 = CARTESIAN_POINT ( 'NONE',  ( 0.9939458251312244252, -0.4491572342516898519, 0.04527559055118110520 ) ) ;
#2434 = ORIENTED_EDGE ( 'NONE', *, *, #1960, .T. ) ;
#2435 = VERTEX_POINT ( 'NONE', #3638 ) ;
#2436 = VECTOR ( 'NONE', #341, 39.37007874015748143 ) ;
#2437 = FACE_BOUND ( 'NONE', #4680, .T. ) ;
#2438 = DIRECTION ( 'NONE',  ( 1.000000000000000000, 0.000000000000000000, 0.000000000000000000 ) ) ;
#2439 = EDGE_LOOP ( 'NONE', ( #6894, #1961, #4278, #4882 ) ) ;
#2440 = CARTESIAN_POINT ( 'NONE',  ( 1.114080404063698904, -0.4529042132855922165, -0.06102362204724410405 ) ) ;
#2441 = CARTESIAN_POINT ( 'NONE',  ( 0.9395166912729547848, -0.4904958169292921721, 0.08070866141732284393 ) ) ;
#2442 = CARTESIAN_POINT ( 'NONE',  ( 0.7557568487533014023, -0.5731729822834260579, -0.01968503937007873988 ) ) ;
#2443 = AXIS2_PLACEMENT_3D ( 'NONE', #1669, #2194, #2261 ) ;
#2444 = ADVANCED_FACE ( 'NONE', ( #2777 ), #4366, .F. ) ;
#2445 = ORIENTED_EDGE ( 'NONE', *, *, #3963, .F. ) ;
#2446 = LINE ( 'NONE', #3536, #1389 ) ;
#2447 = CARTESIAN_POINT ( 'NONE',  ( 0.9407962188320474484, -0.5101808562992157237, -0.04429133858267716994 ) ) ;
#2448 = FACE_OUTER_BOUND ( 'NONE', #3652, .T. ) ;
#2449 = LINE ( 'NONE', #4588, #4153 ) ;
#2450 = CARTESIAN_POINT ( 'NONE',  ( 0.7144182660761357884, -0.5731729822834260579, -0.03051181102362205202 ) ) ;
#2451 = ORIENTED_EDGE ( 'NONE', *, *, #1388, .T. ) ;
#2452 = ORIENTED_EDGE ( 'NONE', *, *, #869, .F. ) ;
#2453 = CARTESIAN_POINT ( 'NONE',  ( 0.9407962188320474484, -0.5298658956692529065, -0.06003937007874016185 ) ) ;
#2454 = EDGE_LOOP ( 'NONE', ( #1052, #6140, #1687, #3424, #2669, #6652, #2701, #875 ) ) ;
#2455 = CARTESIAN_POINT ( 'NONE',  ( 1.104818451081230446, -0.4526857174848768484, 0.06102362204723756761 ) ) ;
#2456 = ORIENTED_EDGE ( 'NONE', *, *, #2115, .T. ) ;
#2457 = ORIENTED_EDGE ( 'NONE', *, *, #4610, .F. ) ;
#2458 = DIRECTION ( 'NONE',  ( 0.7071067811865474617, 0.7071067811865474617, 0.000000000000000000 ) ) ;
#2459 = CARTESIAN_POINT ( 'NONE',  ( 0.6897921472818188127, -0.4465840586884654018, 0.06102362204724410405 ) ) ;
#2460 = CARTESIAN_POINT ( 'NONE',  ( 0.9997954981672834140, -0.7129367618111791538, -0.2027559055118110243 ) ) ;
#2461 = CARTESIAN_POINT ( 'NONE',  ( 0.9395166912729547848, -0.4904958169292921721, -0.06496062992125983815 ) ) ;
#2462 = EDGE_CURVE ( 'NONE', #468, #6129, #3307, .T. ) ;
#2463 = EDGE_CURVE ( 'NONE', #1212, #3511, #2809, .T. ) ;
#2464 = ORIENTED_EDGE ( 'NONE', *, *, #5691, .F. ) ;
#2465 = ORIENTED_EDGE ( 'NONE', *, *, #1173, .T. ) ;
#2466 = PLANE ( 'NONE',  #5407 ) ;
#2467 = ORIENTED_EDGE ( 'NONE', *, *, #3052, .T. ) ;
#2468 = EDGE_CURVE ( 'NONE', #5727, #6122, #6926, .T. ) ;
#2469 = ORIENTED_EDGE ( 'NONE', *, *, #4396, .T. ) ;
#2470 = LINE ( 'NONE', #758, #1324 ) ;
#2471 = CARTESIAN_POINT ( 'NONE',  ( 0.8089064550524862618, -0.4491572342518473371, 0.04527559055118110520 ) ) ;
#2472 = DIRECTION ( 'NONE',  ( 0.000000000000000000, 0.000000000000000000, -1.000000000000000000 ) ) ;
#2473 = PRESENTATION_LAYER_ASSIGNMENT (  '', '', ( #3594 ) ) ;
#2474 = ORIENTED_EDGE ( 'NONE', *, *, #1252, .F. ) ;
#2475 = DIRECTION ( 'NONE',  ( 0.000000000000000000, 1.000000000000000000, 0.000000000000000000 ) ) ;
#2476 = LINE ( 'NONE', #4095, #1990 ) ;
#2477 = DIRECTION ( 'NONE',  ( 1.000000000000000000, 0.000000000000000000, 0.000000000000000000 ) ) ;
#2478 = DIRECTION ( 'NONE',  ( 0.000000000000000000, 0.000000000000000000, -1.000000000000000000 ) ) ;
#2479 = CARTESIAN_POINT ( 'NONE',  ( 0.7840048802493366775, -0.6420706200788995899, -0.06496062992125983815 ) ) ;
#2480 = VERTEX_POINT ( 'NONE', #968 ) ;
#2481 = ORIENTED_EDGE ( 'NONE', *, *, #4986, .F. ) ;
#2482 = DIRECTION ( 'NONE',  ( 1.000000000000000000, 0.000000000000000000, 0.000000000000000000 ) ) ;
#2483 = VERTEX_POINT ( 'NONE', #6856 ) ;
#2484 = CARTESIAN_POINT ( 'NONE',  ( 1.113834743520502268, -0.4484912347277835165, 0.06102362204724270933 ) ) ;
#2485 = ORIENTED_EDGE ( 'NONE', *, *, #3546, .T. ) ;
#2486 = VECTOR ( 'NONE', #1203, 39.37007874015748143 ) ;
#2487 = ORIENTED_EDGE ( 'NONE', *, *, #6687, .T. ) ;
#2488 = DIRECTION ( 'NONE',  ( 0.000000000000000000, 0.000000000000000000, -1.000000000000000000 ) ) ;
#2489 = LINE ( 'NONE', #4569, #4317 ) ;
#2490 = CARTESIAN_POINT ( 'NONE',  ( 1.112111900126696806, -0.4686522447816535153, 0.08070866141732284393 ) ) ;
#2491 = DIRECTION ( 'NONE',  ( 1.000000000000000000, -8.110221191910629847E-14, 0.000000000000000000 ) ) ;
#2492 = VECTOR ( 'NONE', #5402, 39.37007874015748143 ) ;
#2493 = ORIENTED_EDGE ( 'NONE', *, *, #754, .F. ) ;
#2494 = ADVANCED_FACE ( 'NONE', ( #440 ), #4718, .F. ) ;
#2495 = ORIENTED_EDGE ( 'NONE', *, *, #2338, .T. ) ;
#2496 = EDGE_CURVE ( 'NONE', #102, #5142, #3676, .T. ) ;
#2497 = VECTOR ( 'NONE', #3394, 39.37007874015748143 ) ;
#2498 = CARTESIAN_POINT ( 'NONE',  ( 0.8647135416666634766, -0.4904958169292921721, 0.08070866141732284393 ) ) ;
#2499 = DIRECTION ( 'NONE',  ( -1.000000000000000000, 0.000000000000000000, 0.000000000000000000 ) ) ;
#2500 = VERTEX_POINT ( 'NONE', #3138 ) ;
#2501 = CARTESIAN_POINT ( 'NONE',  ( 0.8147561280885452506, -0.7129367618111791538, -0.2027559055118110243 ) ) ;
#2502 = CARTESIAN_POINT ( 'NONE',  ( 0.8915836204068524617, -0.3152989665353965187, -0.03937007874015747977 ) ) ;
#2503 = CARTESIAN_POINT ( 'NONE',  ( 0.9486702345800788194, -0.5731729822834260579, 0.01968503937007873988 ) ) ;
#2504 = ORIENTED_EDGE ( 'NONE', *, *, #5700, .F. ) ;
#2505 = EDGE_CURVE ( 'NONE', #3731, #6532, #5283, .T. ) ;
#2506 = LINE ( 'NONE', #3468, #1271 ) ;
#2507 = CARTESIAN_POINT ( 'NONE',  ( 0.7761308645013051954, -0.6499446358269291846, 0.08070866141732284393 ) ) ;
#2508 = CARTESIAN_POINT ( 'NONE',  ( 0.8580632147027226209, -0.5357714074804330595, -0.007874015748031495954 ) ) ;
#2509 = CARTESIAN_POINT ( 'NONE',  ( 1.099426393296895066, -0.4345584183326500760, 0.07086614173228314439 ) ) ;
#2510 = DIRECTION ( 'NONE',  ( -0.2777913427740334451, 0.9606414366868626376, 0.000000000000000000 ) ) ;
#2511 = VECTOR ( 'NONE', #3870, 39.37007874015748143 ) ;
#2512 = EDGE_LOOP ( 'NONE', ( #5231, #248, #4831, #4593 ) ) ;
#2513 = EDGE_CURVE ( 'NONE', #2389, #5849, #1903, .T. ) ;
#2514 = ORIENTED_EDGE ( 'NONE', *, *, #3474, .T. ) ;
#2515 = CARTESIAN_POINT ( 'NONE',  ( 0.9289851952100020016, -0.4904958169290952741, 0.03051181102362205202 ) ) ;
#2516 = EDGE_LOOP ( 'NONE', ( #2637, #6878, #5100, #2958 ) ) ;
#2517 = DIRECTION ( 'NONE',  ( 0.000000000000000000, 0.000000000000000000, -1.000000000000000000 ) ) ;
#2518 = VECTOR ( 'NONE', #2277, 39.37007874015748143 ) ;
#2519 = LINE ( 'NONE', #4561, #6559 ) ;
#2520 = ADVANCED_FACE ( 'NONE', ( #5064, #2437, #785, #5634 ), #6711, .F. ) ;
#2521 = ORIENTED_EDGE ( 'NONE', *, *, #4563, .F. ) ;
#2522 = VECTOR ( 'NONE', #2421, 39.37007874015748143 ) ;
#2523 = ORIENTED_EDGE ( 'NONE', *, *, #1817, .T. ) ;
#2524 = CARTESIAN_POINT ( 'NONE',  ( 1.043102584781460562, -0.5357714074804725835, 0.007874015748031495954 ) ) ;
#2525 = DIRECTION ( 'NONE',  ( -1.110223024625156036E-13, 1.000000000000000000, 0.000000000000000000 ) ) ;
#2526 = CARTESIAN_POINT ( 'NONE',  ( 1.114080404063698904, -0.4686522447816535153, -0.06102362204724410405 ) ) ;
#2527 = CARTESIAN_POINT ( 'NONE',  ( 1.011606521789328639, -0.6302595964568091791, 0.007874015748031495954 ) ) ;
#2528 = VECTOR ( 'NONE', #6859, 39.37007874015748143 ) ;
#2529 = EDGE_LOOP ( 'NONE', ( #6250, #3828, #6444, #2456 ) ) ;
#2530 = ORIENTED_EDGE ( 'NONE', *, *, #1300, .T. ) ;
#2531 = ORIENTED_EDGE ( 'NONE', *, *, #4411, .T. ) ;
#2532 = FACE_OUTER_BOUND ( 'NONE', #2114, .T. ) ;
#2533 = VECTOR ( 'NONE', #4572, 39.37007874015748143 ) ;
#2534 = ORIENTED_EDGE ( 'NONE', *, *, #3675, .T. ) ;
#2535 = ORIENTED_EDGE ( 'NONE', *, *, #138, .T. ) ;
#2536 = DIRECTION ( 'NONE',  ( -4.111937128241349667E-14, -1.000000000000000000, 0.000000000000000000 ) ) ;
#2537 = DIRECTION ( 'NONE',  ( 0.000000000000000000, 0.000000000000000000, -1.000000000000000000 ) ) ;
#2538 = DIRECTION ( 'NONE',  ( 0.000000000000000000, -1.000000000000000000, 0.000000000000000000 ) ) ;
#2539 = EDGE_CURVE ( 'NONE', #2224, #4751, #6175, .T. ) ;
#2540 = ADVANCED_FACE ( 'NONE', ( #1769 ), #6105, .T. ) ;
#2541 = ORIENTED_EDGE ( 'NONE', *, *, #5585, .T. ) ;
#2542 = VECTOR ( 'NONE', #6187, 39.37007874015748143 ) ;
#2543 = CARTESIAN_POINT ( 'NONE',  ( 0.7871970729704389491, -1.063330462598543358, -0.06299212598425196763 ) ) ;
#2544 = CIRCLE ( 'NONE', #1544, 0.007874015748039371598 ) ;
#2545 = DIRECTION ( 'NONE',  ( 4.111937128241349667E-14, 1.000000000000000000, 0.000000000000000000 ) ) ;
#2546 = CARTESIAN_POINT ( 'NONE',  ( 0.5963080298556693304, -0.5180548720472071267, -0.01968503937007873988 ) ) ;
#2547 = DIRECTION ( 'NONE',  ( 1.000000000000000000, 0.000000000000000000, 0.000000000000000000 ) ) ;
#2548 = ADVANCED_FACE ( 'NONE', ( #5497 ), #2296, .T. ) ;
#2549 = EDGE_CURVE ( 'NONE', #2696, #5548, #1872, .T. ) ;
#2550 = ORIENTED_EDGE ( 'NONE', *, *, #6499, .F. ) ;
#2551 = CARTESIAN_POINT ( 'NONE',  ( -72.78106826860452827, -0.5731729822834260579, -0.06003937007874016185 ) ) ;
#2552 = VERTEX_POINT ( 'NONE', #193 ) ;
#2553 = CARTESIAN_POINT ( 'NONE',  ( 0.9631387385170552262, -0.5495509350395306747, -0.06496062992125983815 ) ) ;
#2554 =( NAMED_UNIT ( * ) SI_UNIT ( $, .STERADIAN. ) SOLID_ANGLE_UNIT ( ) );
#2555 = EDGE_CURVE ( 'NONE', #5036, #3071, #2956, .T. ) ;
#2556 = CARTESIAN_POINT ( 'NONE',  ( 0.6994820166831889896, -0.4481968748110614631, 0.07086614173228347746 ) ) ;
#2557 = VERTEX_POINT ( 'NONE', #260 ) ;
#2558 = VERTEX_POINT ( 'NONE', #1349 ) ;
#2559 = CARTESIAN_POINT ( 'NONE',  ( 0.7761308645013051954, -0.6420706200788995899, -0.06496062992125983815 ) ) ;
#2560 = CARTESIAN_POINT ( 'NONE',  ( 0.9395166912729547848, -0.4904958169292921721, 0.08070866141732284393 ) ) ;
#2561 = CARTESIAN_POINT ( 'NONE',  ( 1.103647973297753770, -0.4491572342521070738, 0.08070866141732284393 ) ) ;
#2562 = CYLINDRICAL_SURFACE ( 'NONE', #6549, 0.01574803149606125718 ) ;
#2563 = ADVANCED_FACE ( 'NONE', ( #2400 ), #3491, .F. ) ;
#2564 = ORIENTED_EDGE ( 'NONE', *, *, #3230, .T. ) ;
#2565 = ORIENTED_EDGE ( 'NONE', *, *, #3072, .F. ) ;
#2566 = ORIENTED_EDGE ( 'NONE', *, *, #916, .T. ) ;
#2567 = CARTESIAN_POINT ( 'NONE',  ( 0.9407962188320474484, -0.4491572342519299932, -0.04429133858267716994 ) ) ;
#2568 = CARTESIAN_POINT ( 'NONE',  ( 0.7027076562541346716, -0.4370421606263182324, -0.07700611701249419905 ) ) ;
#2569 = ORIENTED_EDGE ( 'NONE', *, *, #6697, .F. ) ;
#2570 = CARTESIAN_POINT ( 'NONE',  ( 0.8147561280887380963, -0.7129367618111791538, 0.007874015748031495954 ) ) ;
#2571 = CARTESIAN_POINT ( 'NONE',  ( 0.7840048802493366775, -0.5908895177166575419, 0.08070866141732284393 ) ) ;
#2572 = DIRECTION ( 'NONE',  ( 0.000000000000000000, 0.000000000000000000, 1.000000000000000000 ) ) ;
#2573 = ORIENTED_EDGE ( 'NONE', *, *, #5289, .F. ) ;
#2574 = CARTESIAN_POINT ( 'NONE',  ( 1.114080404063698904, -0.4529042132855922165, -0.07677165354330708902 ) ) ;
#2575 = LINE ( 'NONE', #6888, #1358 ) ;
#2576 = CARTESIAN_POINT ( 'NONE',  ( 0.8647135416666634766, -0.4904958169292921721, 0.08070866141732284393 ) ) ;
#2577 = DIRECTION ( 'NONE',  ( 0.000000000000000000, 0.000000000000000000, -1.000000000000000000 ) ) ;
#2578 = CARTESIAN_POINT ( 'NONE',  ( 0.8423151832068446199, -0.5357714074804330595, -0.007874015748031495954 ) ) ;
#2579 = AXIS2_PLACEMENT_3D ( 'NONE', #4691, #1460, #5757 ) ;
#2580 = EDGE_LOOP ( 'NONE', ( #2670, #5118, #4856, #3817, #5968, #842, #2939, #2076, #6619, #1274, #5664, #6579, #3757, #6469, #996, #1098, #76, #4318 ) ) ;
#2581 = EDGE_CURVE ( 'NONE', #3008, #6957, #1802, .T. ) ;
#2582 = EDGE_CURVE ( 'NONE', #3511, #2552, #295, .T. ) ;
#2583 = ADVANCED_FACE ( 'NONE', ( #719 ), #1211, .T. ) ;
#2584 = LINE ( 'NONE', #6897, #5194 ) ;
#2585 = ORIENTED_EDGE ( 'NONE', *, *, #1310, .F. ) ;
#2586 = CARTESIAN_POINT ( 'NONE',  ( 1.113282247845526873, -0.4467856335376075294, 0.06102362204724410405 ) ) ;
#2587 = DIRECTION ( 'NONE',  ( 1.850371707708115196E-13, 1.000000000000000000, 0.000000000000000000 ) ) ;
#2588 = CARTESIAN_POINT ( 'NONE',  ( 0.6907403800572066155, -0.4686522447816141579, -0.06496062992125983815 ) ) ;
#2589 = ORIENTED_EDGE ( 'NONE', *, *, #5342, .F. ) ;
#2590 = EDGE_CURVE ( 'NONE', #5633, #6742, #3385, .T. ) ;
#2591 = EDGE_CURVE ( 'NONE', #423, #3263, #2333, .T. ) ;
#2592 = VERTEX_POINT ( 'NONE', #4470 ) ;
#2593 = DIRECTION ( 'NONE',  ( 0.000000000000000000, 0.000000000000000000, 1.000000000000000000 ) ) ;
#2594 = CARTESIAN_POINT ( 'NONE',  ( 0.8089064550524862618, -0.4334092027560654259, 0.04527559055118110520 ) ) ;
#2595 = DIRECTION ( 'NONE',  ( 1.000000000000000000, 0.000000000000000000, 0.000000000000000000 ) ) ;
#2596 = CARTESIAN_POINT ( 'NONE',  ( 0.7754418881233877681, -0.5180548720472071267, 0.01968503937007873988 ) ) ;
#2597 = ORIENTED_EDGE ( 'NONE', *, *, #5117, .F. ) ;
#2598 = VERTEX_POINT ( 'NONE', #6636 ) ;
#2599 = ORIENTED_EDGE ( 'NONE', *, *, #2513, .F. ) ;
#2600 = ADVANCED_FACE ( 'NONE', ( #4504 ), #2889, .F. ) ;
#2601 = LINE ( 'NONE', #6916, #4733 ) ;
#2602 = LINE ( 'NONE', #4746, #6125 ) ;
#2603 = ORIENTED_EDGE ( 'NONE', *, *, #5222, .F. ) ;
#2604 = AXIS2_PLACEMENT_3D ( 'NONE', #6320, #81, #4162 ) ;
#2605 = CARTESIAN_POINT ( 'NONE',  ( 0.7438899863562618009, -1.063330462598543358, 0.06299212598425196763 ) ) ;
#2606 = LINE ( 'NONE', #4749, #3325 ) ;
#2607 = CARTESIAN_POINT ( 'NONE',  ( 0.7871970729706301295, -0.5908895177166516577, -0.06299212598425196763 ) ) ;
#2608 = ORIENTED_EDGE ( 'NONE', *, *, #5168, .F. ) ;
#2609 = EDGE_CURVE ( 'NONE', #5450, #3197, #3461, .T. ) ;
#2610 = VECTOR ( 'NONE', #6050, 39.37007874015748143 ) ;
#2611 = DIRECTION ( 'NONE',  ( 0.000000000000000000, 1.000000000000000000, 0.000000000000000000 ) ) ;
#2612 = CARTESIAN_POINT ( 'NONE',  ( 0.8147561280885452506, -0.6302595964568091791, 0.06299212598425196763 ) ) ;
#2613 = CARTESIAN_POINT ( 'NONE',  ( 0.6887718761201948592, -0.4491572342520047112, -0.06496062992125983815 ) ) ;
#2614 = LINE ( 'NONE', #2195, #4885 ) ;
#2615 = CARTESIAN_POINT ( 'NONE',  ( 0.9604254194271298894, -0.5357714074804330595, -0.007874015748031495954 ) ) ;
#2616 = VECTOR ( 'NONE', #1391, 39.37007874015748143 ) ;
#2617 = VECTOR ( 'NONE', #5284, 39.37007874015748143 ) ;
#2618 = ADVANCED_FACE ( 'NONE', ( #4155 ), #2993, .F. ) ;
#2619 = DIRECTION ( 'NONE',  ( 1.000000000000000000, 0.000000000000000000, 0.000000000000000000 ) ) ;
#2620 = EDGE_LOOP ( 'NONE', ( #6589, #3906, #4469, #1061 ) ) ;
#2621 = CARTESIAN_POINT ( 'NONE',  ( 0.6887718761201948592, -0.4529042132855922165, -0.06102362204724410405 ) ) ;
#2622 = LINE ( 'NONE', #6938, #1576 ) ;
#2623 = CARTESIAN_POINT ( 'NONE',  ( 0.7438899863562618009, -1.063330462598543358, -0.06299212598425196763 ) ) ;
#2624 = VECTOR ( 'NONE', #948, 39.37007874015748143 ) ;
#2625 = EDGE_CURVE ( 'NONE', #2700, #2156, #1481, .T. ) ;
#2626 = ADVANCED_FACE ( 'NONE', ( #5817 ), #2466, .F. ) ;
#2627 = ORIENTED_EDGE ( 'NONE', *, *, #5572, .F. ) ;
#2628 = VECTOR ( 'NONE', #676, 39.37007874015748143 ) ;
#2629 = VERTEX_POINT ( 'NONE', #855 ) ;
#2630 = CARTESIAN_POINT ( 'NONE',  ( 0.7446348015091733830, -0.5908895177166949564, 0.08070866141732284393 ) ) ;
#2631 = DIRECTION ( 'NONE',  ( 0.000000000000000000, 0.000000000000000000, 1.000000000000000000 ) ) ;
#2632 = DIRECTION ( 'NONE',  ( 0.000000000000000000, 0.000000000000000000, 1.000000000000000000 ) ) ;
#2633 = CARTESIAN_POINT ( 'NONE',  ( 0.9395166912729547848, -0.5495509350395306747, 0.08070866141732284393 ) ) ;
#2634 = EDGE_CURVE ( 'NONE', #2172, #5594, #6312, .T. ) ;
#2635 = AXIS2_PLACEMENT_3D ( 'NONE', #635, #601, #5549 ) ;
#2636 = VERTEX_POINT ( 'NONE', #919 ) ;
#2637 = ORIENTED_EDGE ( 'NONE', *, *, #5868, .F. ) ;
#2638 = VERTEX_POINT ( 'NONE', #6810 ) ;
#2639 = CARTESIAN_POINT ( 'NONE',  ( 0.8580632147027226209, -0.5908895177166516577, 0.007874015748031495954 ) ) ;
#2640 = LINE ( 'NONE', #3667, #2407 ) ;
#2641 = VECTOR ( 'NONE', #6471, 39.37007874015748143 ) ;
#2642 = ORIENTED_EDGE ( 'NONE', *, *, #5509, .T. ) ;
#2643 = CARTESIAN_POINT ( 'NONE',  ( 0.7636308645013326624, -0.5298658956692529065, -0.04429133858267716994 ) ) ;
#2644 = CARTESIAN_POINT ( 'NONE',  ( 0.6992043068859487009, -0.4491572342520874228, 0.08070866141732284393 ) ) ;
#2645 = DIRECTION ( 'NONE',  ( 1.000000000000000000, 0.000000000000000000, 0.000000000000000000 ) ) ;
#2646 = EDGE_CURVE ( 'NONE', #6409, #2105, #5140, .T. ) ;
#2647 = VERTEX_POINT ( 'NONE', #1450 ) ;
#2648 = VECTOR ( 'NONE', #6780, 39.37007874015748143 ) ;
#2649 = ORIENTED_EDGE ( 'NONE', *, *, #1667, .F. ) ;
#2650 = DIRECTION ( 'NONE',  ( -0.000000000000000000, 1.000000000000000000, 0.000000000000000000 ) ) ;
#2651 = DIRECTION ( 'NONE',  ( 0.000000000000000000, 0.000000000000000000, -1.000000000000000000 ) ) ;
#2652 = LINE ( 'NONE', #2129, #2307 ) ;
#2653 = LINE ( 'NONE', #6402, #3715 ) ;
#2654 = AXIS2_PLACEMENT_3D ( 'NONE', #963, #2572, #2046 ) ;
#2655 = VECTOR ( 'NONE', #5683, 39.37007874015748143 ) ;
#2656 = CARTESIAN_POINT ( 'NONE',  ( 0.6887718761201948592, -0.4491572342521267802, 0.06102362204724410405 ) ) ;
#2657 = ORIENTED_EDGE ( 'NONE', *, *, #4562, .T. ) ;
#2658 = DIRECTION ( 'NONE',  ( 0.000000000000000000, 0.000000000000000000, 1.000000000000000000 ) ) ;
#2659 = CARTESIAN_POINT ( 'NONE',  ( 1.104719345611147929, -0.4528621900221267982, 0.08070866141733053223 ) ) ;
#2660 = PLANE ( 'NONE',  #3208 ) ;
#2661 = VECTOR ( 'NONE', #5574, 39.37007874015748143 ) ;
#2662 = ORIENTED_EDGE ( 'NONE', *, *, #283, .T. ) ;
#2663 = ORIENTED_EDGE ( 'NONE', *, *, #1008, .T. ) ;
#2664 = CARTESIAN_POINT ( 'NONE',  ( 0.9152056676509450206, -0.5298658956692529065, 0.04429133858267716994 ) ) ;
#2665 = LINE ( 'NONE', #1473, #1182 ) ;
#2666 = DIRECTION ( 'NONE',  ( 0.000000000000000000, 0.000000000000000000, 1.000000000000000000 ) ) ;
#2667 = DIRECTION ( 'NONE',  ( 1.000000000000000000, 0.000000000000000000, 0.000000000000000000 ) ) ;
#2668 = ORIENTED_EDGE ( 'NONE', *, *, #2821, .F. ) ;
#2669 = ORIENTED_EDGE ( 'NONE', *, *, #1310, .T. ) ;
#2670 = ORIENTED_EDGE ( 'NONE', *, *, #6477, .F. ) ;
#2671 = EDGE_CURVE ( 'NONE', #6336, #1165, #6775, .T. ) ;
#2672 = EDGE_CURVE ( 'NONE', #1208, #6065, #958, .T. ) ;
#2673 = CARTESIAN_POINT ( 'NONE',  ( 0.7840048802493366775, -0.5908895177166575419, -0.06496062992125983815 ) ) ;
#2674 = CARTESIAN_POINT ( 'NONE',  ( 0.6887718761201948592, -0.4334092027560654259, 0.06496062992125983815 ) ) ;
#2675 = VERTEX_POINT ( 'NONE', #466 ) ;
#2676 = CARTESIAN_POINT ( 'NONE',  ( 0.9152056676509450206, -0.5101808562992157237, -0.06003937007874016185 ) ) ;
#2677 = LINE ( 'NONE', #4300, #3439 ) ;
#2678 = FACE_OUTER_BOUND ( 'NONE', #4081, .T. ) ;
#2679 = B_SPLINE_CURVE_WITH_KNOTS ( 'NONE', 3,
 ( #6428, #6927, #2778, #4923, #1036 ),
 .UNSPECIFIED., .F., .F.,
 ( 4, 1, 4 ),
 ( 0.4164027226815409932, 0.7102972968268650433, 0.9547498601043559185 ),
 .UNSPECIFIED. ) ;
#2680 = VERTEX_POINT ( 'NONE', #5241 ) ;
#2681 = EDGE_CURVE ( 'NONE', #4939, #3027, #432, .T. ) ;
#2682 = ORIENTED_EDGE ( 'NONE', *, *, #1857, .T. ) ;
#2683 = CARTESIAN_POINT ( 'NONE',  ( 0.6992043068859487009, -0.4491572342521267802, 0.08070866141732284393 ) ) ;
#2684 = CARTESIAN_POINT ( 'NONE',  ( 1.103647973297753992, -0.4491572342520874228, 0.06496062992125983815 ) ) ;
#2685 = PLANE ( 'NONE',  #4604 ) ;
#2686 = AXIS2_PLACEMENT_3D ( 'NONE', #5428, #3320, #2820 ) ;
#2687 = CARTESIAN_POINT ( 'NONE',  ( 0.9604254194271298894, -0.5357714074804330595, 0.007874015748031495954 ) ) ;
#2688 = ORIENTED_EDGE ( 'NONE', *, *, #3755, .T. ) ;
#2689 = CARTESIAN_POINT ( 'NONE',  ( 0.6907403800572066155, -0.5908895177166575419, -0.06496062992125983815 ) ) ;
#2690 = DIRECTION ( 'NONE',  ( 8.110221191910629847E-14, 1.000000000000000000, 0.000000000000000000 ) ) ;
#2691 = DIRECTION ( 'NONE',  ( 0.000000000000000000, 0.000000000000000000, -1.000000000000000000 ) ) ;
#2692 = AXIS2_PLACEMENT_3D ( 'NONE', #5455, #4272, #2015 ) ;
#2693 = ORIENTED_EDGE ( 'NONE', *, *, #6903, .T. ) ;
#2694 = EDGE_LOOP ( 'NONE', ( #6160, #2682, #438, #3708 ) ) ;
#2695 = CARTESIAN_POINT ( 'NONE',  ( 1.059595431430434997, -0.5908895177166949564, 0.08070866141732284393 ) ) ;
#2696 = VERTEX_POINT ( 'NONE', #2567 ) ;
#2697 = CYLINDRICAL_SURFACE ( 'NONE', #4873, 0.007874015748021887320 ) ;
#2698 = PLANE ( 'NONE',  #732 ) ;
#2699 = DIRECTION ( 'NONE',  ( -1.000000000000000000, -1.256933370947832118E-12, 0.000000000000000000 ) ) ;
#2700 = VERTEX_POINT ( 'NONE', #328 ) ;
#2701 = ORIENTED_EDGE ( 'NONE', *, *, #4245, .T. ) ;
#2702 = ORIENTED_EDGE ( 'NONE', *, *, #826, .F. ) ;
#2703 = LINE ( 'NONE', #1690, #1925 ) ;
#2704 = DIRECTION ( 'NONE',  ( 4.111937128241349667E-14, 1.000000000000000000, 0.000000000000000000 ) ) ;
#2705 = EDGE_LOOP ( 'NONE', ( #2085, #1356, #2029, #327 ) ) ;
#2706 = CARTESIAN_POINT ( 'NONE',  ( 1.110100331860748080, -0.4360390547988977072, 0.06102362204724410405 ) ) ;
#2707 = CARTESIAN_POINT ( 'NONE',  ( 1.129828435559769861, -0.4491572342521267802, 0.06102362204724410405 ) ) ;
#2708 = EDGE_CURVE ( 'NONE', #1900, #1147, #4190, .T. ) ;
#2709 = EDGE_CURVE ( 'NONE', #5264, #6924, #4843, .T. ) ;
#2710 = ORIENTED_EDGE ( 'NONE', *, *, #6572, .T. ) ;
#2711 = ORIENTED_EDGE ( 'NONE', *, *, #6954, .F. ) ;
#2712 = VECTOR ( 'NONE', #6675, 39.37007874015748143 ) ;
#2713 = VERTEX_POINT ( 'NONE', #5171 ) ;
#2714 = CARTESIAN_POINT ( 'NONE',  ( 0.7006317184227559558, -0.4442210448957070734, 0.08070866141732284393 ) ) ;
#2715 = PLANE ( 'NONE',  #2197 ) ;
#2716 = CARTESIAN_POINT ( 'NONE',  ( 0.8128434629265374189, -0.4491572342519299932, 0.03937007874015747977 ) ) ;
#2717 = ADVANCED_FACE ( 'NONE', ( #6349 ), #3595, .T. ) ;
#2718 = AXIS2_PLACEMENT_3D ( 'NONE', #137, #1720, #4387 ) ;
#2719 = VECTOR ( 'NONE', #144, 39.37007874015748143 ) ;
#2720 = AXIS2_PLACEMENT_3D ( 'NONE', #6191, #802, #837 ) ;
#2721 = LINE ( 'NONE', #4168, #2952 ) ;
#2722 = ORIENTED_EDGE ( 'NONE', *, *, #3247, .F. ) ;
#2723 = LINE ( 'NONE', #5009, #2097 ) ;
#2724 = DIRECTION ( 'NONE',  ( 0.000000000000000000, 0.000000000000000000, -1.000000000000000000 ) ) ;
#2725 = PLANE ( 'NONE',  #5079 ) ;
#2726 = DIRECTION ( 'NONE',  ( 0.000000000000000000, -1.000000000000000000, 0.000000000000000000 ) ) ;
#2727 = ADVANCED_FACE ( 'NONE', ( #890 ), #3025, .F. ) ;
#2728 = ORIENTED_EDGE ( 'NONE', *, *, #5420, .F. ) ;
#2729 = ORIENTED_EDGE ( 'NONE', *, *, #1140, .F. ) ;
#2730 = LINE ( 'NONE', #1122, #817 ) ;
#2731 = FACE_BOUND ( 'NONE', #861, .T. ) ;
#2732 = LINE ( 'NONE', #564, #6130 ) ;
#2733 = DIRECTION ( 'NONE',  ( 1.000000000000000000, 1.256933370947832118E-12, 0.000000000000000000 ) ) ;
#2734 = ADVANCED_FACE ( 'NONE', ( #2532 ), #1381, .T. ) ;
#2735 = ORIENTED_EDGE ( 'NONE', *, *, #2424, .F. ) ;
#2736 = VECTOR ( 'NONE', #3225, 39.37007874015748143 ) ;
#2737 = EDGE_LOOP ( 'NONE', ( #499, #4660, #1176, #3188 ) ) ;
#2738 = ORIENTED_EDGE ( 'NONE', *, *, #2125, .F. ) ;
#2739 = DIRECTION ( 'NONE',  ( -1.000000000000000000, 0.000000000000000000, 0.000000000000000000 ) ) ;
#2740 = CARTESIAN_POINT ( 'NONE',  ( 0.9407962188320474484, -0.4491572342519299932, -0.04429133858267716994 ) ) ;
#2741 = PLANE ( 'NONE',  #2604 ) ;
#2742 = ORIENTED_EDGE ( 'NONE', *, *, #3050, .T. ) ;
#2743 = CARTESIAN_POINT ( 'NONE',  ( 0.9013703013170828449, -0.7877399114174391537, 0.07874015748031495954 ) ) ;
#2744 = DIRECTION ( 'NONE',  ( 1.000000000000000000, 0.000000000000000000, 0.000000000000000000 ) ) ;
#2745 = ORIENTED_EDGE ( 'NONE', *, *, #552, .T. ) ;
#2746 = EDGE_LOOP ( 'NONE', ( #3441, #5981, #1463, #3866 ) ) ;
#2747 = VECTOR ( 'NONE', #5192, 39.37007874015748143 ) ;
#2748 = EDGE_LOOP ( 'NONE', ( #5243, #1962, #6691, #1735 ) ) ;
#2749 = PLANE ( 'NONE',  #2771 ) ;
#2750 = DIRECTION ( 'NONE',  ( 0.000000000000000000, -1.000000000000000000, 0.000000000000000000 ) ) ;
#2751 = LINE ( 'NONE', #3951, #6642 ) ;
#2752 = VECTOR ( 'NONE', #3813, 39.37007874015748143 ) ;
#2753 = CIRCLE ( 'NONE', #5914, 0.01574803149606125718 ) ;
#2754 = EDGE_CURVE ( 'NONE', #2037, #1035, #2601, .T. ) ;
#2755 = ADVANCED_FACE ( 'NONE', ( #3525 ), #4847, .F. ) ;
#2756 = CARTESIAN_POINT ( 'NONE',  ( 0.9939458251312244252, -0.4491572342516898519, -0.04527559055118110520 ) ) ;
#2757 = ORIENTED_EDGE ( 'NONE', *, *, #5262, .T. ) ;
#2758 = VECTOR ( 'NONE', #6750, 39.37007874015748143 ) ;
#2759 = CARTESIAN_POINT ( 'NONE',  ( 0.7761308645013051954, -0.6420706200788995899, 0.08070866141732284393 ) ) ;
#2760 = LINE ( 'NONE', #4905, #5329 ) ;
#2761 = CARTESIAN_POINT ( 'NONE',  ( 0.9900088172572442113, -0.5180548720472071267, 0.01968503937007873988 ) ) ;
#2762 = CARTESIAN_POINT ( 'NONE',  ( 0.6983660642243307848, -0.4517896986707913287, 0.07086614173228347746 ) ) ;
#2763 = ORIENTED_EDGE ( 'NONE', *, *, #1253, .F. ) ;
#2764 = AXIS2_PLACEMENT_3D ( 'NONE', #2789, #4347, #3327 ) ;
#2765 = ORIENTED_EDGE ( 'NONE', *, *, #6572, .F. ) ;
#2766 = EDGE_CURVE ( 'NONE', #3367, #571, #2703, .T. ) ;
#2767 = LINE ( 'NONE', #771, #6443 ) ;
#2768 = DIRECTION ( 'NONE',  ( 0.000000000000000000, 1.000000000000000000, 0.000000000000000000 ) ) ;
#2769 = CARTESIAN_POINT ( 'NONE',  ( 0.7892214156824370885, -0.5101808562992157237, -0.04429133858267716994 ) ) ;
#2770 = CARTESIAN_POINT ( 'NONE',  ( 0.7017090529716969449, -0.4334092027560654259, -0.06496062992125983815 ) ) ;
#2771 = AXIS2_PLACEMENT_3D ( 'NONE', #2157, #685, #4340 ) ;
#2772 = VERTEX_POINT ( 'NONE', #4364 ) ;
#2773 = VERTEX_POINT ( 'NONE', #40 ) ;
#2774 = EDGE_LOOP ( 'NONE', ( #4947, #1332, #1315, #5178, #1526, #1456, #851 ) ) ;
#2775 = FACE_OUTER_BOUND ( 'NONE', #1723, .T. ) ;
#2776 = CARTESIAN_POINT ( 'NONE',  ( 0.6941579896216888423, -0.4491572342521106820, 0.06201548418020488840 ) ) ;
#2777 = FACE_OUTER_BOUND ( 'NONE', #5440, .T. ) ;
#2778 = CARTESIAN_POINT ( 'NONE',  ( 1.107607900217634000, -0.4594564280026795511, -0.06496062992125983815 ) ) ;
#2779 = CARTESIAN_POINT ( 'NONE',  ( 1.059595431430434997, -0.5908895177166949564, 0.08070866141732284393 ) ) ;
#2780 = CARTESIAN_POINT ( 'NONE',  ( 1.103647973297753992, -0.4491572342520874228, 0.08070866141732284393 ) ) ;
#2781 = ADVANCED_FACE ( 'NONE', ( #2183 ), #5311, .F. ) ;
#2782 = EDGE_LOOP ( 'NONE', ( #1110, #6677, #512, #154, #5529 ) ) ;
#2783 = VERTEX_POINT ( 'NONE', #3833 ) ;
#2784 = ORIENTED_EDGE ( 'NONE', *, *, #3832, .T. ) ;
#2785 = PLANE ( 'NONE',  #2443 ) ;
#2786 = FACE_OUTER_BOUND ( 'NONE', #4747, .T. ) ;
#2787 = DIRECTION ( 'NONE',  ( -4.111937128241349667E-14, -1.000000000000000000, 0.000000000000000000 ) ) ;
#2788 = CARTESIAN_POINT ( 'NONE',  ( 1.051721415682403515, -0.6420706200788995899, 0.08070866141732284393 ) ) ;
#2789 = CARTESIAN_POINT ( 'NONE',  ( 1.129828435559769861, -0.4529042132855922165, 0.07677165354330708902 ) ) ;
#2790 = DIRECTION ( 'NONE',  ( 0.000000000000000000, 0.000000000000000000, 1.000000000000000000 ) ) ;
#2791 = CARTESIAN_POINT ( 'NONE',  ( 0.6981329345725629798, -0.4528621900221267982, -0.08070866141732284393 ) ) ;
#2792 = LINE ( 'NONE', #5012, #864 ) ;
#2793 = EDGE_CURVE ( 'NONE', #1622, #6106, #6420, .T. ) ;
#2794 = ADVANCED_FACE ( 'NONE', ( #2077 ), #6490, .T. ) ;
#2795 = ORIENTED_EDGE ( 'NONE', *, *, #5554, .T. ) ;
#2796 = EDGE_CURVE ( 'NONE', #1556, #3731, #1596, .T. ) ;
#2797 = ORIENTED_EDGE ( 'NONE', *, *, #6690, .F. ) ;
#2798 = CARTESIAN_POINT ( 'NONE',  ( 1.103647973297753992, -0.4491572342520874228, -0.08070866141732284393 ) ) ;
#2799 = ORIENTED_EDGE ( 'NONE', *, *, #6968, .F. ) ;
#2800 = DIRECTION ( 'NONE',  ( 0.000000000000000000, -1.000000000000000000, 0.000000000000000000 ) ) ;
#2801 = CARTESIAN_POINT ( 'NONE',  ( 1.103711460179254145, -0.4493767807948441106, 0.07086614173228347746 ) ) ;
#2802 = DIRECTION ( 'NONE',  ( 0.000000000000000000, 0.000000000000000000, -1.000000000000000000 ) ) ;
#2803 = VECTOR ( 'NONE', #5392, 39.37007874015748143 ) ;
#2804 = EDGE_CURVE ( 'NONE', #4706, #6460, #78, .T. ) ;
#2805 = ORIENTED_EDGE ( 'NONE', *, *, #6383, .F. ) ;
#2806 = ORIENTED_EDGE ( 'NONE', *, *, #3721, .F. ) ;
#2807 = LINE ( 'NONE', #6058, #6674 ) ;
#2808 = DIRECTION ( 'NONE',  ( 0.000000000000000000, 0.000000000000000000, 1.000000000000000000 ) ) ;
#2809 = LINE ( 'NONE', #113, #2486 ) ;
#2810 = DIRECTION ( 'NONE',  ( 1.000000000000000000, 0.000000000000000000, 0.000000000000000000 ) ) ;
#2811 = DIRECTION ( 'NONE',  ( 1.000000000000000000, 0.000000000000000000, 0.000000000000000000 ) ) ;
#2812 = CARTESIAN_POINT ( 'NONE',  ( 0.7892214156824370885, -0.5298658956692529065, 0.04429133858267716994 ) ) ;
#2813 = VERTEX_POINT ( 'NONE', #1166 ) ;
#2814 = ORIENTED_EDGE ( 'NONE', *, *, #5508, .T. ) ;
#2815 = EDGE_CURVE ( 'NONE', #1224, #2638, #1659, .T. ) ;
#2816 = CARTESIAN_POINT ( 'NONE',  ( 0.8580632147027226209, -0.5908895177166516577, 0.007874015748031495954 ) ) ;
#2817 = ORIENTED_EDGE ( 'NONE', *, *, #953, .F. ) ;
#2818 = CARTESIAN_POINT ( 'NONE',  ( 1.051721415682403515, -0.6499446358269685975, 0.08070866141732284393 ) ) ;
#2819 = DIRECTION ( 'NONE',  ( -1.000000000000000000, 0.000000000000000000, 0.000000000000000000 ) ) ;
#2820 = DIRECTION ( 'NONE',  ( 0.000000000000000000, 0.000000000000000000, -1.000000000000000000 ) ) ;
#2821 = EDGE_CURVE ( 'NONE', #6582, #2700, #6778, .T. ) ;
#2822 = VECTOR ( 'NONE', #5451, 39.37007874015748143 ) ;
#2823 = FACE_OUTER_BOUND ( 'NONE', #1378, .T. ) ;
#2824 = DIRECTION ( 'NONE',  ( -1.000000000000000000, 0.000000000000000000, 0.000000000000000000 ) ) ;
#2825 = CARTESIAN_POINT ( 'NONE',  ( 0.9781977936351987646, -0.5731729822834260579, 0.03051181102362205202 ) ) ;
#2826 = FILL_AREA_STYLE ('',( #2900 ) ) ;
#2827 = VECTOR ( 'NONE', #5945, 39.37007874015748143 ) ;
#2828 = VECTOR ( 'NONE', #5337, 39.37007874015748143 ) ;
#2829 = LINE ( 'NONE', #3858, #4343 ) ;
#2830 = EDGE_LOOP ( 'NONE', ( #2745, #2535, #986 ) ) ;
#2831 = EDGE_LOOP ( 'NONE', ( #1989, #509, #3570, #4616 ) ) ;
#2832 = DIRECTION ( 'NONE',  ( -4.111937128241349667E-14, -1.000000000000000000, 0.000000000000000000 ) ) ;
#2833 = ORIENTED_EDGE ( 'NONE', *, *, #148, .T. ) ;
#2834 = FACE_OUTER_BOUND ( 'NONE', #1623, .T. ) ;
#2835 = DIRECTION ( 'NONE',  ( 0.000000000000000000, 1.000000000000000000, 0.000000000000000000 ) ) ;
#2836 = CARTESIAN_POINT ( 'NONE',  ( 1.110705391767238259, -0.4657805766128355063, -0.06496062992125983815 ) ) ;
#2837 = ADVANCED_FACE ( 'NONE', ( #2775 ), #4920, .F. ) ;
#2838 = EDGE_CURVE ( 'NONE', #5887, #993, #5411, .T. ) ;
#2839 = ORIENTED_EDGE ( 'NONE', *, *, #1645, .T. ) ;
#2840 = ORIENTED_EDGE ( 'NONE', *, *, #4647, .T. ) ;
#2841 = CARTESIAN_POINT ( 'NONE',  ( 0.7840048802493366775, -0.5908895177166575419, 0.08070866141732284393 ) ) ;
#2842 = CARTESIAN_POINT ( 'NONE',  ( 0.7636308645013326624, -0.5849840059054763897, -0.04429133858267716994 ) ) ;
#2843 = CARTESIAN_POINT ( 'NONE',  ( 0.7557568487533014023, -0.5731729822834260579, -0.06003937007874016185 ) ) ;
#2844 = LINE ( 'NONE', #5027, #572 ) ;
#2845 = EDGE_CURVE ( 'NONE', #5849, #3511, #3164, .T. ) ;
#2846 = EDGE_CURVE ( 'NONE', #5595, #5363, #3733, .T. ) ;
#2847 = DIRECTION ( 'NONE',  ( 0.000000000000000000, 0.000000000000000000, 1.000000000000000000 ) ) ;
#2848 = LINE ( 'NONE', #4368, #303 ) ;
#2849 = AXIS2_PLACEMENT_3D ( 'NONE', #3804, #3414, #80 ) ;
#2850 = ORIENTED_EDGE ( 'NONE', *, *, #3013, .T. ) ;
#2851 = ORIENTED_EDGE ( 'NONE', *, *, #1107, .F. ) ;
#2852 = DIRECTION ( 'NONE',  ( 0.000000000000000000, -1.000000000000000000, 0.000000000000000000 ) ) ;
#2853 = ORIENTED_EDGE ( 'NONE', *, *, #6818, .F. ) ;
#2854 = EDGE_CURVE ( 'NONE', #5958, #569, #6388, .T. ) ;
#2855 = FACE_OUTER_BOUND ( 'NONE', #5671, .T. ) ;
#2856 = PLANE ( 'NONE',  #2423 ) ;
#2857 = DIRECTION ( 'NONE',  ( 1.000000000000000000, -4.111937128241349667E-14, 0.000000000000000000 ) ) ;
#2858 = VECTOR ( 'NONE', #5328, 39.37007874015748143 ) ;
#2859 = LINE ( 'NONE', #4478, #5997 ) ;
#2860 = CARTESIAN_POINT ( 'NONE',  ( 0.8647135416666634766, -0.4904958169292921721, -0.08070866141732284393 ) ) ;
#2861 = DIRECTION ( 'NONE',  ( 0.000000000000000000, 0.000000000000000000, -1.000000000000000000 ) ) ;
#2862 = VECTOR ( 'NONE', #6248, 39.37007874015748143 ) ;
#2863 = DIRECTION ( 'NONE',  ( -1.000000000000000000, 1.256933370943620080E-12, 0.000000000000000000 ) ) ;
#2864 = FACE_OUTER_BOUND ( 'NONE', #5484, .T. ) ;
#2865 = ADVANCED_FACE ( 'NONE', ( #2117 ), #4260, .F. ) ;
#2866 = EDGE_LOOP ( 'NONE', ( #2457, #2521, #1480, #2871 ) ) ;
#2867 =( GEOMETRIC_REPRESENTATION_CONTEXT ( 3 ) GLOBAL_UNCERTAINTY_ASSIGNED_CONTEXT ( ( #2096 ) ) GLOBAL_UNIT_ASSIGNED_CONTEXT ( ( #6136, #1312, #4500 ) ) REPRESENTATION_CONTEXT ( 'NONE', 'WORKASPACE' ) );
#2868 = VECTOR ( 'NONE', #2726, 39.37007874015748143 ) ;
#2869 = VERTEX_POINT ( 'NONE', #2673 ) ;
#2870 = CARTESIAN_POINT ( 'NONE',  ( 1.109339850267643479, -0.4334092027560654259, 0.06102362204724410405 ) ) ;
#2871 = ORIENTED_EDGE ( 'NONE', *, *, #6039, .F. ) ;
#2872 = CARTESIAN_POINT ( 'NONE',  ( 0.7911899196194488448, -33.39667614831810738, -0.03937007874015747977 ) ) ;
#2873 = CARTESIAN_POINT ( 'NONE',  ( 1.112959695004099858, -0.4454260588850318947, 0.06102362204724490202 ) ) ;
#2874 = CARTESIAN_POINT ( 'NONE',  ( 0.7892214156824094440, -0.4334092027560654259, -0.04527559055118110520 ) ) ;
#2875 = VECTOR ( 'NONE', #865, 39.37007874015748143 ) ;
#2876 = ORIENTED_EDGE ( 'NONE', *, *, #4118, .F. ) ;
#2877 = ORIENTED_EDGE ( 'NONE', *, *, #4512, .F. ) ;
#2878 = LINE ( 'NONE', #744, #2155 ) ;
#2879 = VECTOR ( 'NONE', #5677, 39.37007874015748143 ) ;
#2880 = DIRECTION ( 'NONE',  ( 1.000000000000000000, 0.000000000000000000, 0.000000000000000000 ) ) ;
#2881 = DIRECTION ( 'NONE',  ( 0.000000000000000000, -1.000000000000000000, 0.000000000000000000 ) ) ;
#2882 = PLANE ( 'NONE',  #4290 ) ;
#2883 = DIRECTION ( 'NONE',  ( 1.000000000000000000, 0.000000000000000000, 0.000000000000000000 ) ) ;
#2884 = CARTESIAN_POINT ( 'NONE',  ( 0.6941073044008700954, -0.4308509685045213700, 0.06102362204724410405 ) ) ;
#2885 = ORIENTED_EDGE ( 'NONE', *, *, #4985, .F. ) ;
#2886 = EDGE_CURVE ( 'NONE', #1165, #4420, #4815, .T. ) ;
#2887 = VERTEX_POINT ( 'NONE', #3767 ) ;
#2888 = EDGE_CURVE ( 'NONE', #3686, #1035, #1101, .T. ) ;
#2889 = PLANE ( 'NONE',  #1485 ) ;
#2890 = VERTEX_POINT ( 'NONE', #5057 ) ;
#2891 = ORIENTED_EDGE ( 'NONE', *, *, #4245, .F. ) ;
#2892 = PLANE ( 'NONE',  #6612 ) ;
#2893 = CARTESIAN_POINT ( 'NONE',  ( 0.9407962188320474484, -0.5849840059054763897, 0.06003937007874016185 ) ) ;
#2894 = DIRECTION ( 'NONE',  ( 0.000000000000000000, 0.000000000000000000, -1.000000000000000000 ) ) ;
#2895 = EDGE_CURVE ( 'NONE', #4220, #5237, #3031, .T. ) ;
#2896 = ADVANCED_FACE ( 'NONE', ( #2321 ), #5520, .F. ) ;
#2897 = LINE ( 'NONE', #1672, #5310 ) ;
#2898 = DIRECTION ( 'NONE',  ( -4.111937128241349667E-14, -1.000000000000000000, 0.000000000000000000 ) ) ;
#2899 = DIRECTION ( 'NONE',  ( 0.000000000000000000, 0.000000000000000000, 1.000000000000000000 ) ) ;
#2900 = FILL_AREA_STYLE_COLOUR ( '', #5618 ) ;
#2901 = CARTESIAN_POINT ( 'NONE',  ( 1.129828435559769861, -0.4491572342521267802, 0.08070866141732284393 ) ) ;
#2902 = VERTEX_POINT ( 'NONE', #4462 ) ;
#2903 = ADVANCED_FACE ( 'NONE', ( #709 ), #4495, .F. ) ;
#2904 = ORIENTED_EDGE ( 'NONE', *, *, #5700, .T. ) ;
#2905 = CARTESIAN_POINT ( 'NONE',  ( 1.106177737811545603, -0.4334092027560654259, 0.06102362204772559390 ) ) ;
#2906 = ORIENTED_EDGE ( 'NONE', *, *, #3012, .T. ) ;
#2907 = CARTESIAN_POINT ( 'NONE',  ( 1.103370846990673337, -0.4481988926016898245, 0.07086614173228347746 ) ) ;
#2908 = CARTESIAN_POINT ( 'NONE',  ( 0.7636308645013326624, -0.5298658956692529065, 0.04429133858267716994 ) ) ;
#2909 = EDGE_LOOP ( 'NONE', ( #6839, #1978, #4891, #3609 ) ) ;
#2910 = ORIENTED_EDGE ( 'NONE', *, *, #4607, .F. ) ;
#2911 = FACE_OUTER_BOUND ( 'NONE', #5816, .T. ) ;
#2912 = DIRECTION ( 'NONE',  ( -1.000000000000000000, 0.000000000000000000, 0.000000000000000000 ) ) ;
#2913 = FACE_OUTER_BOUND ( 'NONE', #5082, .T. ) ;
#2914 = DIRECTION ( 'NONE',  ( 0.000000000000000000, 0.000000000000000000, 1.000000000000000000 ) ) ;
#2915 = VECTOR ( 'NONE', #5537, 39.37007874015748143 ) ;
#2916 = LINE ( 'NONE', #610, #4555 ) ;
#2917 = CARTESIAN_POINT ( 'NONE',  ( 0.6895605325547778941, -0.4465741509637886630, 0.06102362204724410405 ) ) ;
#2918 = EDGE_LOOP ( 'NONE', ( #3058, #5835, #672, #6808 ) ) ;
#2919 = ORIENTED_EDGE ( 'NONE', *, *, #3346, .F. ) ;
#2920 = CARTESIAN_POINT ( 'NONE',  ( 0.8147561280885452506, -0.6302595964568091791, 0.07874015748031495954 ) ) ;
#2921 = DIRECTION ( 'NONE',  ( 0.000000000000000000, 1.000000000000000000, 0.000000000000000000 ) ) ;
#2922 = ORIENTED_EDGE ( 'NONE', *, *, #5879, .F. ) ;
#2923 = CARTESIAN_POINT ( 'NONE',  ( 0.9879844745452361909, -0.6971887303151181881, -0.007874015748031495954 ) ) ;
#2924 = CARTESIAN_POINT ( 'NONE',  ( 0.7446348015091733830, -0.5908895177166949564, -0.08070866141732284393 ) ) ;
#2925 = LINE ( 'NONE', #4646, #6031 ) ;
#2926 = EDGE_CURVE ( 'NONE', #1165, #5573, #2878, .T. ) ;
#2927 = EDGE_CURVE ( 'NONE', #2483, #6582, #6662, .T. ) ;
#2928 = CARTESIAN_POINT ( 'NONE',  ( 0.9900088172572442113, -0.5731729822834260579, 0.06003937007874016185 ) ) ;
#2929 = CARTESIAN_POINT ( 'NONE',  ( 0.8128434629265374189, -0.3152989665353965187, -0.3543307086614173596 ) ) ;
#2930 = DIRECTION ( 'NONE',  ( 5.046468293751270233E-14, 1.000000000000000000, 0.000000000000000000 ) ) ;
#2931 = FACE_OUTER_BOUND ( 'NONE', #5734, .T. ) ;
#2932 = EDGE_CURVE ( 'NONE', #1231, #6122, #2285, .T. ) ;
#2933 = CARTESIAN_POINT ( 'NONE',  ( 0.5963080298556693304, -33.39667614831810738, 0.01968503937007873988 ) ) ;
#2934 = ORIENTED_EDGE ( 'NONE', *, *, #4869, .T. ) ;
#2935 = ORIENTED_EDGE ( 'NONE', *, *, #3358, .T. ) ;
#2936 = VECTOR ( 'NONE', #3446, 39.37007874015748143 ) ;
#2937 = AXIS2_PLACEMENT_3D ( 'NONE', #2148, #5984, #4295 ) ;
#2938 = LINE ( 'NONE', #1955, #3964 ) ;
#2939 = ORIENTED_EDGE ( 'NONE', *, *, #99, .F. ) ;
#2940 = CARTESIAN_POINT ( 'NONE',  ( 1.100045699474724303, -0.4367000659824779585, 0.07086614173228347746 ) ) ;
#2941 = CARTESIAN_POINT ( 'NONE',  ( 1.109339850267643701, -0.4334092027560654259, -0.06102362204724410405 ) ) ;
#2942 = ADVANCED_FACE ( 'NONE', ( #5486 ), #1201, .T. ) ;
#2943 =( GEOMETRIC_REPRESENTATION_CONTEXT ( 3 ) GLOBAL_UNCERTAINTY_ASSIGNED_CONTEXT ( ( #4758 ) ) GLOBAL_UNIT_ASSIGNED_CONTEXT ( ( #4664, #5159, #2554 ) ) REPRESENTATION_CONTEXT ( 'NONE', 'WORKASPACE' ) );
#2944 = VECTOR ( 'NONE', #6271, 39.37007874015748143 ) ;
#2945 = ORIENTED_EDGE ( 'NONE', *, *, #2926, .F. ) ;
#2946 = EDGE_LOOP ( 'NONE', ( #3294, #1097, #4139, #2649 ) ) ;
#2947 = CARTESIAN_POINT ( 'NONE',  ( 1.103647973297753992, -0.4491572342520874228, -0.08070866141732284393 ) ) ;
#2948 = CARTESIAN_POINT ( 'NONE',  ( 0.9395166912729547848, -0.5495509350395306747, 0.08070866141732284393 ) ) ;
#2949 = ADVANCED_FACE ( 'NONE', ( #2911 ), #6020, .F. ) ;
#2950 = CARTESIAN_POINT ( 'NONE',  ( 1.011606521789521596, -0.6971887303151181881, -0.007874015748031495954 ) ) ;
#2951 = DIRECTION ( 'NONE',  ( 0.000000000000000000, 0.000000000000000000, -1.000000000000000000 ) ) ;
#2952 = VECTOR ( 'NONE', #6330, 39.37007874015748143 ) ;
#2953 = CARTESIAN_POINT ( 'NONE',  ( 0.6941741622821860913, -0.4308703019830874559, 0.06102362204724410405 ) ) ;
#2954 = ORIENTED_EDGE ( 'NONE', *, *, #4388, .T. ) ;
#2955 = ORIENTED_EDGE ( 'NONE', *, *, #6037, .T. ) ;
#2956 = LINE ( 'NONE', #683, #2712 ) ;
#2957 = CARTESIAN_POINT ( 'NONE',  ( 1.059595431430434997, -0.5908895177166949564, 0.08070866141732284393 ) ) ;
#2958 = ORIENTED_EDGE ( 'NONE', *, *, #4029, .T. ) ;
#2959 = CARTESIAN_POINT ( 'NONE',  ( 0.7144182660761357884, -0.5731729822834260579, 0.03051181102362205202 ) ) ;
#2960 = LINE ( 'NONE', #5144, #6251 ) ;
#2961 = CARTESIAN_POINT ( 'NONE',  ( 0.7144182660761357884, -0.4491572342519299932, -0.06003937007874016185 ) ) ;
#2962 = CLOSED_SHELL ( 'NONE', ( #351, #4064, #4587, #4311, #2416, #5823, #4600, #5562, #1014, #229, #5797, #1216, #1951, #6174, #4321, #5135, #2414, #6090, #5602, #2339, #1893, #4045, #125, #2494, #3643, #5604, #6411, #1705, #4693, #317, #19, #2540, #487, #5205, #5006, #6718, #4196, #414, #3187, #4729, #3409, #2618, #1477, #5378, #1063, #2264, #2131, #6653, #6294, #2444, #2563, #2755, #6213, #3714, #1561, #6598, #854, #2198, #6538, #5826, #1283, #1868, #921, #3799, #402, #4397, #1145, #6600, #4811, #2734, #3537, #3808, #4573, #2371, #2942, #4482, #5530, #5333, #35, #827, #5354, #4796, #582, #1348, #2949, #6519, #1387, #3498, #6432, #3228, #4783, #6923 ) ) ;
#2963 = ORIENTED_EDGE ( 'NONE', *, *, #5147, .F. ) ;
#2964 = VECTOR ( 'NONE', #5922, 39.37007874015748143 ) ;
#2965 = PLANE ( 'NONE',  #6113 ) ;
#2966 = CARTESIAN_POINT ( 'NONE',  ( 0.9395166912729547848, -0.5495509350395306747, 0.06496062992125983815 ) ) ;
#2967 = CARTESIAN_POINT ( 'NONE',  ( 0.8895592776948445524, -0.6302595964568091791, 0.007874015748031495954 ) ) ;
#2968 = CARTESIAN_POINT ( 'NONE',  ( 1.099192445145778629, -0.4337493928034821256, 0.06886617709715221747 ) ) ;
#2969 = DIRECTION ( 'NONE',  ( 0.000000000000000000, -1.000000000000000000, 0.000000000000000000 ) ) ;
#2970 = CIRCLE ( 'NONE', #4209, 0.01181102362204724046 ) ;
#2971 = ORIENTED_EDGE ( 'NONE', *, *, #4072, .T. ) ;
#2972 = ADVANCED_FACE ( 'NONE', ( #3452 ), #3937, .F. ) ;
#2973 = EDGE_CURVE ( 'NONE', #2418, #385, #3908, .T. ) ;
#2974 = VECTOR ( 'NONE', #6575, 39.37007874015748143 ) ;
#2975 = VERTEX_POINT ( 'NONE', #1724 ) ;
#2976 = CARTESIAN_POINT ( 'NONE',  ( 1.015543529663344602, -0.5908895177166516577, 0.06299212598425196763 ) ) ;
#2977 = ORIENTED_EDGE ( 'NONE', *, *, #5479, .F. ) ;
#2978 = LINE ( 'NONE', #3549, #2417 ) ;
#2979 = LENGTH_MEASURE_WITH_UNIT ( LENGTH_MEASURE( 0.02539999999999999897 ), #841 );
#2980 = VECTOR ( 'NONE', #5963, 39.37007874015748143 ) ;
#2981 = ORIENTED_EDGE ( 'NONE', *, *, #4136, .T. ) ;
#2982 = EDGE_CURVE ( 'NONE', #4302, #1423, #6166, .T. ) ;
#2983 = ORIENTED_EDGE ( 'NONE', *, *, #4829, .T. ) ;
#2984 = DIRECTION ( 'NONE',  ( 0.000000000000000000, 0.000000000000000000, -1.000000000000000000 ) ) ;
#2985 = CARTESIAN_POINT ( 'NONE',  ( 1.103647973297753992, -0.4491572342520874228, -0.07086614173228347746 ) ) ;
#2986 = PRESENTATION_LAYER_ASSIGNMENT (  '', '', ( #3888 ) ) ;
#2987 = DIRECTION ( 'NONE',  ( 0.000000000000000000, 0.000000000000000000, -1.000000000000000000 ) ) ;
#2988 = DIRECTION ( 'NONE',  ( 1.000000000000000000, 0.000000000000000000, 0.000000000000000000 ) ) ;
#2989 = CIRCLE ( 'NONE', #6485, 0.01181102362204594289 ) ;
#2990 = ORIENTED_EDGE ( 'NONE', *, *, #2161, .T. ) ;
#2991 = ORIENTED_EDGE ( 'NONE', *, *, #5173, .T. ) ;
#2992 = VECTOR ( 'NONE', #4134, 39.37007874015748143 ) ;
#2993 = PLANE ( 'NONE',  #1257 ) ;
#2994 = ORIENTED_EDGE ( 'NONE', *, *, #2590, .T. ) ;
#2995 = ORIENTED_EDGE ( 'NONE', *, *, #1911, .F. ) ;
#2996 = DIRECTION ( 'NONE',  ( 0.000000000000000000, -1.000000000000000000, 0.000000000000000000 ) ) ;
#2997 = CARTESIAN_POINT ( 'NONE',  ( 0.7596380178525137250, -0.5357714074804330595, 0.007874015748031495954 ) ) ;
#2998 = FACE_OUTER_BOUND ( 'NONE', #3672, .T. ) ;
#2999 = AXIS2_PLACEMENT_3D ( 'NONE', #5106, #5001, #1839 ) ;
#3000 = ORIENTED_EDGE ( 'NONE', *, *, #5867, .T. ) ;
#3001 = DIRECTION ( 'NONE',  ( -0.2777913427884972641, -0.9606414366826799833, 0.000000000000000000 ) ) ;
#3002 = CARTESIAN_POINT ( 'NONE',  ( 1.113968726513744123, -0.6302595964568091791, 0.07874015748031495954 ) ) ;
#3003 = DIRECTION ( 'NONE',  ( -1.000000000000000000, 4.111937128241349667E-14, 0.000000000000000000 ) ) ;
#3004 = DIRECTION ( 'NONE',  ( -1.000000000000000000, 0.000000000000000000, 0.000000000000000000 ) ) ;
#3005 = CARTESIAN_POINT ( 'NONE',  ( 0.9395166912729547848, -0.5495509350395306747, 0.08070866141732284393 ) ) ;
#3006 = ORIENTED_EDGE ( 'NONE', *, *, #1775, .T. ) ;
#3007 = B_SPLINE_CURVE_WITH_KNOTS ( 'NONE', 3,
 ( #4714, #2706, #2152, #5279, #470, #3102 ),
 .UNSPECIFIED., .F., .F.,
 ( 4, 2, 4 ),
 ( 0.000000000000000000, 0.0002086004993032770027, 0.0004172009986065544932 ),
 .UNSPECIFIED. ) ;
#3008 = VERTEX_POINT ( 'NONE', #3483 ) ;
#3009 = DIRECTION ( 'NONE',  ( -7.569702440625950512E-14, 1.000000000000000000, 0.000000000000000000 ) ) ;
#3010 = ORIENTED_EDGE ( 'NONE', *, *, #871, .T. ) ;
#3011 = CARTESIAN_POINT ( 'NONE',  ( 0.7636308645013326624, -0.5101808562992157237, -0.06003937007874016185 ) ) ;
#3012 = EDGE_CURVE ( 'NONE', #37, #1553, #2807, .T. ) ;
#3013 = EDGE_CURVE ( 'NONE', #1320, #4751, #6092, .T. ) ;
#3014 = EDGE_CURVE ( 'NONE', #6671, #4975, #1759, .T. ) ;
#3015 = ORIENTED_EDGE ( 'NONE', *, *, #1983, .T. ) ;
#3016 = ORIENTED_EDGE ( 'NONE', *, *, #6740, .T. ) ;
#3017 = DIRECTION ( 'NONE',  ( 0.000000000000000000, -1.000000000000000000, 0.000000000000000000 ) ) ;
#3018 = LINE ( 'NONE', #5163, #6007 ) ;
#3019 = DIRECTION ( 'NONE',  ( 0.000000000000000000, 0.000000000000000000, -1.000000000000000000 ) ) ;
#3020 = CARTESIAN_POINT ( 'NONE',  ( 1.114080404063698904, -0.4334092027560654259, 0.06102362204724410405 ) ) ;
#3021 = EDGE_CURVE ( 'NONE', #1837, #277, #481, .T. ) ;
#3022 = VERTEX_POINT ( 'NONE', #1267 ) ;
#3023 = ORIENTED_EDGE ( 'NONE', *, *, #2932, .T. ) ;
#3024 = VECTOR ( 'NONE', #3362, 39.37007874015748143 ) ;
#3025 = PLANE ( 'NONE',  #2271 ) ;
#3026 = EDGE_LOOP ( 'NONE', ( #3668, #46, #5485, #2273 ) ) ;
#3027 = VERTEX_POINT ( 'NONE', #6304 ) ;
#3028 = CARTESIAN_POINT ( 'NONE',  ( 0.6949603663418610910, -0.4491572342521059635, -0.06102362204723918437 ) ) ;
#3029 = CARTESIAN_POINT ( 'NONE',  ( 1.129828435559769861, -0.4686522447816141579, -0.08070866141732284393 ) ) ;
#3030 = DIRECTION ( 'NONE',  ( 0.000000000000000000, 0.000000000000000000, -1.000000000000000000 ) ) ;
#3031 =( BOUNDED_CURVE ( )  B_SPLINE_CURVE ( 3, ( #2947, #4392, #4008, #1304 ),
 .UNSPECIFIED., .F., .T. ) 
 B_SPLINE_CURVE_WITH_KNOTS ( ( 4, 4 ),
 ( 1.570796326795155018, 2.757195879094155089 ),
 .UNSPECIFIED. ) 
 CURVE ( )  GEOMETRIC_REPRESENTATION_ITEM ( )  RATIONAL_B_SPLINE_CURVE ( ( 1.000000000000000000, 0.8861041317259479300, 0.8861041317259479300, 1.000000000000000000 ) ) 
 REPRESENTATION_ITEM ( '' )  );
#3032 = AXIS2_PLACEMENT_3D ( 'NONE', #797, #1394, #2478 ) ;
#3033 = EDGE_CURVE ( 'NONE', #363, #1437, #5080, .T. ) ;
#3034 = ORIENTED_EDGE ( 'NONE', *, *, #3721, .T. ) ;
#3035 = DIRECTION ( 'NONE',  ( 0.000000000000000000, 0.000000000000000000, 1.000000000000000000 ) ) ;
#3036 = CARTESIAN_POINT ( 'NONE',  ( 0.7446348015091733830, -0.5908895177166949564, 0.08070866141732284393 ) ) ;
#3037 = CARTESIAN_POINT ( 'NONE',  ( 0.9900088172572442113, -0.4491572342519299932, 0.06003937007874016185 ) ) ;
#3038 = ADVANCED_FACE ( 'NONE', ( #2031 ), #3587, .F. ) ;
#3039 = CARTESIAN_POINT ( 'NONE',  ( 0.9131813249389370002, -0.6302595964568091791, 0.007874015748031495954 ) ) ;
#3040 = LINE ( 'NONE', #6260, #5126 ) ;
#3041 = ORIENTED_EDGE ( 'NONE', *, *, #5509, .F. ) ;
#3042 = ORIENTED_EDGE ( 'NONE', *, *, #6467, .F. ) ;
#3043 = CARTESIAN_POINT ( 'NONE',  ( 0.7754418881233877681, -0.4904958169290952741, -0.03051181102362205202 ) ) ;
#3044 = ORIENTED_EDGE ( 'NONE', *, *, #6783, .T. ) ;
#3045 = CARTESIAN_POINT ( 'NONE',  ( 1.104818451081226449, -0.4526857174848441523, 0.07086614173228347746 ) ) ;
#3046 = CARTESIAN_POINT ( 'NONE',  ( 0.9781977936351987646, -0.5731729822834260579, 0.06003937007874016185 ) ) ;
#3047 = VERTEX_POINT ( 'NONE', #5736 ) ;
#3048 = AXIS2_PLACEMENT_3D ( 'NONE', #4428, #3413, #777 ) ;
#3049 = ORIENTED_EDGE ( 'NONE', *, *, #4944, .F. ) ;
#3050 = EDGE_CURVE ( 'NONE', #6500, #1689, #4076, .T. ) ;
#3051 = CARTESIAN_POINT ( 'NONE',  ( 0.8069379511155099216, -0.5219918799212220906, 0.03051181102362205202 ) ) ;
#3052 = EDGE_CURVE ( 'NONE', #4557, #4995, #4635, .T. ) ;
#3053 = CARTESIAN_POINT ( 'NONE',  ( 0.6904704594087756053, -0.4439287635506314889, 0.06102362204724410405 ) ) ;
#3054 = FACE_OUTER_BOUND ( 'NONE', #4484, .T. ) ;
#3055 = LINE ( 'NONE', #2034, #6215 ) ;
#3056 = VECTOR ( 'NONE', #6770, 39.37007874015748143 ) ;
#3057 = VECTOR ( 'NONE', #2488, 39.37007874015748143 ) ;
#3058 = ORIENTED_EDGE ( 'NONE', *, *, #4048, .T. ) ;
#3059 = ORIENTED_EDGE ( 'NONE', *, *, #2284, .T. ) ;
#3060 = EDGE_CURVE ( 'NONE', #1973, #1924, #1372, .T. ) ;
#3061 = EDGE_CURVE ( 'NONE', #37, #993, #1443, .T. ) ;
#3062 = AXIS2_PLACEMENT_3D ( 'NONE', #2788, #4934, #126 ) ;
#3063 = DIRECTION ( 'NONE',  ( 1.000000000000000000, 0.000000000000000000, 0.000000000000000000 ) ) ;
#3064 = EDGE_CURVE ( 'NONE', #3917, #2598, #352, .T. ) ;
#3065 = DIRECTION ( 'NONE',  ( 1.000000000000000000, 0.000000000000000000, 0.000000000000000000 ) ) ;
#3066 = ORIENTED_EDGE ( 'NONE', *, *, #4418, .F. ) ;
#3067 = CARTESIAN_POINT ( 'NONE',  ( 0.7636308645013326624, -0.5298658956692529065, -0.04429133858267716994 ) ) ;
#3068 = CARTESIAN_POINT ( 'NONE',  ( 0.6887718761201948592, -0.4529042132855922165, 0.06102362204724410405 ) ) ;
#3069 = FACE_OUTER_BOUND ( 'NONE', #1346, .T. ) ;
#3070 = VECTOR ( 'NONE', #2052, 39.37007874015748143 ) ;
#3071 = VERTEX_POINT ( 'NONE', #3088 ) ;
#3072 = EDGE_CURVE ( 'NONE', #5676, #6515, #4113, .T. ) ;
#3073 = CARTESIAN_POINT ( 'NONE',  ( -72.78106826860452827, -0.5731729822834260579, -0.06003937007874016185 ) ) ;
#3074 = FACE_OUTER_BOUND ( 'NONE', #3880, .T. ) ;
#3075 = CARTESIAN_POINT ( 'NONE',  ( 0.9486702345800788194, -0.5731729822834260579, 0.01968503937007873988 ) ) ;
#3076 = FACE_OUTER_BOUND ( 'NONE', #4523, .T. ) ;
#3077 = CARTESIAN_POINT ( 'NONE',  ( 0.9395166912729547848, -0.5495509350395306747, -0.08070866141732284393 ) ) ;
#3078 = VECTOR ( 'NONE', #1555, 39.37007874015748143 ) ;
#3079 = ORIENTED_EDGE ( 'NONE', *, *, #3905, .F. ) ;
#3080 = PLANE ( 'NONE',  #4968 ) ;
#3081 = EDGE_LOOP ( 'NONE', ( #6782, #450, #4304, #5122 ) ) ;
#3082 = CARTESIAN_POINT ( 'NONE',  ( 1.059595431430434997, -0.6420706200788995899, 0.06496062992125983815 ) ) ;
#3083 = VECTOR ( 'NONE', #529, 39.37007874015748143 ) ;
#3084 = CARTESIAN_POINT ( 'NONE',  ( 0.7001474065355257625, -0.4458958633497378532, 0.06102362204708196985 ) ) ;
#3085 = ORIENTED_EDGE ( 'NONE', *, *, #5662, .F. ) ;
#3086 = VECTOR ( 'NONE', #3819, 39.37007874015748143 ) ;
#3087 = VERTEX_POINT ( 'NONE', #987 ) ;
#3088 = CARTESIAN_POINT ( 'NONE',  ( 0.8410914944225630352, -0.5495509350395306747, 0.06496062992125983815 ) ) ;
#3089 = LINE ( 'NONE', #3726, #1842 ) ;
#3090 = LINE ( 'NONE', #3657, #5556 ) ;
#3091 = CARTESIAN_POINT ( 'NONE',  ( 0.6887718761201948592, -0.4334092027560654259, -0.06102362204724410405 ) ) ;
#3092 = VECTOR ( 'NONE', #3712, 39.37007874015748143 ) ;
#3093 = ORIENTED_EDGE ( 'NONE', *, *, #4183, .T. ) ;
#3094 = VERTEX_POINT ( 'NONE', #4599 ) ;
#3095 = AXIS2_PLACEMENT_3D ( 'NONE', #4819, #436, #5891 ) ;
#3096 = ORIENTED_EDGE ( 'NONE', *, *, #5437, .F. ) ;
#3097 = CARTESIAN_POINT ( 'NONE',  ( 0.7892214156824370885, -0.5101808562992157237, -0.04429133858267716994 ) ) ;
#3098 = VECTOR ( 'NONE', #5145, 39.37007874015748143 ) ;
#3099 = DIRECTION ( 'NONE',  ( 1.000000000000000000, 0.000000000000000000, 0.000000000000000000 ) ) ;
#3100 = VERTEX_POINT ( 'NONE', #5808 ) ;
#3101 = DIRECTION ( 'NONE',  ( 1.000000000000000000, 7.151594084048490304E-14, 0.000000000000000000 ) ) ;
#3102 = CARTESIAN_POINT ( 'NONE',  ( 1.114007599949728311, -0.4491572342518398986, 0.06102362204724409711 ) ) ;
#3103 = DIRECTION ( 'NONE',  ( -4.111937128241349667E-14, -1.000000000000000000, 0.000000000000000000 ) ) ;
#3104 = EDGE_CURVE ( 'NONE', #463, #5934, #6872, .T. ) ;
#3105 = EDGE_CURVE ( 'NONE', #5128, #275, #3517, .T. ) ;
#3106 = EDGE_LOOP ( 'NONE', ( #1059, #2193, #3016, #1383, #6913, #157, #3878, #2185, #342, #1714, #2963, #2378, #4575, #1919, #2608, #2139, #733, #4578, #6331, #2465 ) ) ;
#3107 = DIRECTION ( 'NONE',  ( 1.000000000000000000, 0.000000000000000000, 0.000000000000000000 ) ) ;
#3108 = DIRECTION ( 'NONE',  ( 0.000000000000000000, 1.000000000000000000, 0.000000000000000000 ) ) ;
#3109 = VECTOR ( 'NONE', #5535, 39.37007874015748143 ) ;
#3110 = DIRECTION ( 'NONE',  ( 0.000000000000000000, 0.000000000000000000, -1.000000000000000000 ) ) ;
#3111 = CARTESIAN_POINT ( 'NONE',  ( -72.78106826860452827, -0.5731729822834260579, -0.06003937007874016185 ) ) ;
#3112 = CARTESIAN_POINT ( 'NONE',  ( 0.6887718761202302753, -0.6302595964568091791, -0.07874015748031495954 ) ) ;
#3113 = EDGE_CURVE ( 'NONE', #1789, #6461, #4146, .T. ) ;
#3114 = VERTEX_POINT ( 'NONE', #911 ) ;
#3115 = DIRECTION ( 'NONE',  ( 0.000000000000000000, 1.000000000000000000, 0.000000000000000000 ) ) ;
#3116 = ORIENTED_EDGE ( 'NONE', *, *, #5288, .F. ) ;
#3117 = DIRECTION ( 'NONE',  ( 0.000000000000000000, 1.000000000000000000, 0.000000000000000000 ) ) ;
#3118 = DIRECTION ( 'NONE',  ( 0.000000000000000000, 0.000000000000000000, -1.000000000000000000 ) ) ;
#3119 = CARTESIAN_POINT ( 'NONE',  ( 0.7001474065355473009, -0.4458958633496480917, 0.07086614173228347746 ) ) ;
#3120 = EDGE_CURVE ( 'NONE', #2004, #807, #5665, .T. ) ;
#3121 = ORIENTED_EDGE ( 'NONE', *, *, #6953, .F. ) ;
#3122 = ORIENTED_EDGE ( 'NONE', *, *, #1570, .F. ) ;
#3123 = DIRECTION ( 'NONE',  ( 0.000000000000000000, 0.000000000000000000, 1.000000000000000000 ) ) ;
#3124 = DIRECTION ( 'NONE',  ( -1.000000000000000000, 0.000000000000000000, 0.000000000000000000 ) ) ;
#3125 = LINE ( 'NONE', #3620, #2298 ) ;
#3126 = CARTESIAN_POINT ( 'NONE',  ( 0.8647135416666634766, -0.5495509350395306747, 0.06496062992125983815 ) ) ;
#3127 = ORIENTED_EDGE ( 'NONE', *, *, #6253, .T. ) ;
#3128 = ORIENTED_EDGE ( 'NONE', *, *, #2681, .F. ) ;
#3129 = ORIENTED_EDGE ( 'NONE', *, *, #879, .F. ) ;
#3130 = CARTESIAN_POINT ( 'NONE',  ( 1.129828435559769861, -0.4491572342521267802, 0.08070866141732284393 ) ) ;
#3131 = CARTESIAN_POINT ( 'NONE',  ( 0.7011195885730617805, -0.4425339214689978373, -0.08070866141731765364 ) ) ;
#3132 = ORIENTED_EDGE ( 'NONE', *, *, #2845, .F. ) ;
#3133 = CARTESIAN_POINT ( 'NONE',  ( 0.6889585280664646261, -0.4491572342521267802, -0.06102362204724410405 ) ) ;
#3134 = CARTESIAN_POINT ( 'NONE',  ( 1.051721415682403515, -0.6420706200788995899, 0.08070866141732284393 ) ) ;
#3135 = CARTESIAN_POINT ( 'NONE',  ( 1.114080404063698904, -0.4491572342521267802, -0.06102362204724410405 ) ) ;
#3136 = ORIENTED_EDGE ( 'NONE', *, *, #2505, .F. ) ;
#3137 = EDGE_CURVE ( 'NONE', #6081, #3279, #1472, .T. ) ;
#3138 = CARTESIAN_POINT ( 'NONE',  ( 0.9604254194271298894, -0.5357714074804330595, -0.007874015748031495954 ) ) ;
#3139 = PLANE ( 'NONE',  #5090 ) ;
#3140 = EDGE_CURVE ( 'NONE', #1516, #2258, #5771, .T. ) ;
#3141 = CARTESIAN_POINT ( 'NONE',  ( 0.7911340808444526917, -0.6971887303151181881, -0.007874015748031495954 ) ) ;
#3142 = DIRECTION ( 'NONE',  ( 0.000000000000000000, 1.000000000000000000, 0.000000000000000000 ) ) ;
#3143 = DIRECTION ( 'NONE',  ( 4.111937128241349667E-14, 1.000000000000000000, 0.000000000000000000 ) ) ;
#3144 = VECTOR ( 'NONE', #5330, 39.37007874015748143 ) ;
#3145 = APPLICATION_CONTEXT ( 'automotive_design' ) ;
#3146 = EDGE_CURVE ( 'NONE', #6700, #4313, #6767, .T. ) ;
#3147 = CARTESIAN_POINT ( 'NONE',  ( 0.6887718761201948592, -0.4686522447816141579, -0.08070866141732284393 ) ) ;
#3148 = VERTEX_POINT ( 'NONE', #425 ) ;
#3149 = LINE ( 'NONE', #5936, #397 ) ;
#3150 = CARTESIAN_POINT ( 'NONE',  ( 0.9407962188320474484, -0.5101808562992157237, 0.04429133858267716994 ) ) ;
#3151 = DIRECTION ( 'NONE',  ( 0.000000000000000000, 1.000000000000000000, 0.000000000000000000 ) ) ;
#3152 = ORIENTED_EDGE ( 'NONE', *, *, #447, .F. ) ;
#3153 = ORIENTED_EDGE ( 'NONE', *, *, #1817, .F. ) ;
#3154 = EDGE_CURVE ( 'NONE', #6081, #3493, #6221, .T. ) ;
#3155 = CARTESIAN_POINT ( 'NONE',  ( 0.9131813249389370002, -0.6302595964568091791, 0.07874015748031495954 ) ) ;
#3156 = DIRECTION ( 'NONE',  ( 1.000000000000000000, 0.000000000000000000, 0.000000000000000000 ) ) ;
#3157 = DIRECTION ( 'NONE',  ( 0.000000000000000000, 0.000000000000000000, -1.000000000000000000 ) ) ;
#3158 = CARTESIAN_POINT ( 'NONE',  ( 0.6730238446241337824, -0.4686522447816141579, 0.07677165354330708902 ) ) ;
#3159 = VECTOR ( 'NONE', #222, 39.37007874015748143 ) ;
#3160 = ORIENTED_EDGE ( 'NONE', *, *, #953, .T. ) ;
#3161 = ORIENTED_EDGE ( 'NONE', *, *, #510, .F. ) ;
#3162 = EDGE_CURVE ( 'NONE', #6906, #1695, #6236, .T. ) ;
#3163 = ORIENTED_EDGE ( 'NONE', *, *, #3661, .F. ) ;
#3164 = LINE ( 'NONE', #2639, #4623 ) ;
#3165 = CARTESIAN_POINT ( 'NONE',  ( -72.78106826860452827, -33.39667614831810738, 0.06003937007874016185 ) ) ;
#3166 = VECTOR ( 'NONE', #6595, 39.37007874015748143 ) ;
#3167 = ORIENTED_EDGE ( 'NONE', *, *, #2424, .T. ) ;
#3168 = AXIS2_PLACEMENT_3D ( 'NONE', #4001, #2314, #103 ) ;
#3169 = CARTESIAN_POINT ( 'NONE',  ( 0.9289851952100020016, -0.5180548720472071267, -0.01968503937007873988 ) ) ;
#3170 = DIRECTION ( 'NONE',  ( 0.000000000000000000, 0.000000000000000000, 1.000000000000000000 ) ) ;
#3171 = FACE_BOUND ( 'NONE', #4188, .T. ) ;
#3172 = ORIENTED_EDGE ( 'NONE', *, *, #4521, .T. ) ;
#3173 = AXIS2_PLACEMENT_3D ( 'NONE', #634, #2276, #5051 ) ;
#3174 = ORIENTED_EDGE ( 'NONE', *, *, #6818, .T. ) ;
#3175 = CARTESIAN_POINT ( 'NONE',  ( -72.67989785495451827, -0.7129367618111791538, -0.07874015748031495954 ) ) ;
#3176 = LINE ( 'NONE', #4793, #6951 ) ;
#3177 = DIRECTION ( 'NONE',  ( 1.000000000000000000, 7.569702440625950512E-14, 0.000000000000000000 ) ) ;
#3178 = CARTESIAN_POINT ( 'NONE',  ( 0.7892214156824370885, -0.5298658956692529065, -0.06003937007874016185 ) ) ;
#3179 = VECTOR ( 'NONE', #2304, 39.37007874015748143 ) ;
#3180 = DIRECTION ( 'NONE',  ( 1.000000000000000000, 0.000000000000000000, 0.000000000000000000 ) ) ;
#3181 = ORIENTED_EDGE ( 'NONE', *, *, #1774, .T. ) ;
#3182 = DIRECTION ( 'NONE',  ( 0.000000000000000000, -1.000000000000000000, 0.000000000000000000 ) ) ;
#3183 = CARTESIAN_POINT ( 'NONE',  ( 0.7144182660761357884, -0.4491572342519299932, 0.01968503937007873988 ) ) ;
#3184 = DIRECTION ( 'NONE',  ( -1.110223024625156036E-13, 1.000000000000000000, 0.000000000000000000 ) ) ;
#3185 = AXIS2_PLACEMENT_3D ( 'NONE', #5103, #2438, #5207 ) ;
#3186 = EDGE_CURVE ( 'NONE', #3189, #5128, #5130, .T. ) ;
#3187 = ADVANCED_FACE ( 'NONE', ( #6479 ), #6445, .F. ) ;
#3188 = ORIENTED_EDGE ( 'NONE', *, *, #6342, .F. ) ;
#3189 = VERTEX_POINT ( 'NONE', #492 ) ;
#3190 = LINE ( 'NONE', #2695, #2828 ) ;
#3191 = DIRECTION ( 'NONE',  ( 0.2777913427747084607, 0.9606414366866674603, 0.000000000000000000 ) ) ;
#3192 = CARTESIAN_POINT ( 'NONE',  ( 0.7892214156824370885, -0.5298658956692529065, -0.04429133858267716994 ) ) ;
#3193 = CARTESIAN_POINT ( 'NONE',  ( 0.5963080298556693304, -0.5731729822834260579, -0.01968503937007873988 ) ) ;
#3194 = VECTOR ( 'NONE', #6482, 39.37007874015748143 ) ;
#3195 = EDGE_CURVE ( 'NONE', #3261, #5796, #3190, .T. ) ;
#3196 = VERTEX_POINT ( 'NONE', #2664 ) ;
#3197 = VERTEX_POINT ( 'NONE', #4806 ) ;
#3198 = EDGE_LOOP ( 'NONE', ( #595, #1293, #5713, #6627 ) ) ;
#3199 = DIRECTION ( 'NONE',  ( -1.110223024625156036E-13, 1.000000000000000000, 0.000000000000000000 ) ) ;
#3200 = CARTESIAN_POINT ( 'NONE',  ( 1.051721415682403515, -0.6499446358269685975, -0.06496062992125983815 ) ) ;
#3201 = AXIS2_PLACEMENT_3D ( 'NONE', #5068, #1941, #4087 ) ;
#3202 = ORIENTED_EDGE ( 'NONE', *, *, #3113, .F. ) ;
#3203 =( CONVERSION_BASED_UNIT ( 'INCH', #6025 ) LENGTH_UNIT ( ) NAMED_UNIT ( #4142 ) );
#3204 = CARTESIAN_POINT ( 'NONE',  ( 0.7557568487533014023, -0.5731729822834260579, -0.01968503937007873988 ) ) ;
#3205 = LINE ( 'NONE', #999, #3890 ) ;
#3206 = ORIENTED_EDGE ( 'NONE', *, *, #5946, .T. ) ;
#3207 = VECTOR ( 'NONE', #6632, 39.37007874015748854 ) ;
#3208 = AXIS2_PLACEMENT_3D ( 'NONE', #630, #4250, #2136 ) ;
#3209 = VERTEX_POINT ( 'NONE', #1616 ) ;
#3210 = CARTESIAN_POINT ( 'NONE',  ( 0.9486702345800788194, -0.5731729822834260579, 0.03051181102362205202 ) ) ;
#3211 = PLANE ( 'NONE',  #632 ) ;
#3212 = CARTESIAN_POINT ( 'NONE',  ( 0.9879844745452361909, -0.7877399114174391537, 0.007874015748031495954 ) ) ;
#3213 = VECTOR ( 'NONE', #3612, 39.37007874015748143 ) ;
#3214 = PRODUCT_DEFINITION_CONTEXT ( 'detailed design', #5494, 'design' ) ;
#3215 = VECTOR ( 'NONE', #6004, 39.37007874015748143 ) ;
#3216 = DIRECTION ( 'NONE',  ( -1.000000000000000000, 0.000000000000000000, 0.000000000000000000 ) ) ;
#3217 = ORIENTED_EDGE ( 'NONE', *, *, #2210, .T. ) ;
#3218 = LINE ( 'NONE', #1012, #2641 ) ;
#3219 = DIRECTION ( 'NONE',  ( 0.000000000000000000, 0.000000000000000000, 1.000000000000000000 ) ) ;
#3220 = LINE ( 'NONE', #3788, #185 ) ;
#3221 = AXIS2_PLACEMENT_3D ( 'NONE', #1280, #821, #1384 ) ;
#3222 = ORIENTED_EDGE ( 'NONE', *, *, #2513, .T. ) ;
#3223 = EDGE_LOOP ( 'NONE', ( #5840, #5035, #3764, #5186 ) ) ;
#3224 = CARTESIAN_POINT ( 'NONE',  ( 1.129828435559769861, -0.4529042132855922165, -0.06102362204724410405 ) ) ;
#3225 = DIRECTION ( 'NONE',  ( 1.000000000000000000, 0.000000000000000000, 0.000000000000000000 ) ) ;
#3226 = CARTESIAN_POINT ( 'NONE',  ( 0.7911340808444526917, -0.6302595964568091791, 0.07874015748031495954 ) ) ;
#3227 = FACE_OUTER_BOUND ( 'NONE', #4928, .T. ) ;
#3228 = ADVANCED_FACE ( 'NONE', ( #6976 ), #1580, .F. ) ;
#3229 = EDGE_CURVE ( 'NONE', #3047, #5918, #600, .T. ) ;
#3230 = EDGE_CURVE ( 'NONE', #873, #4129, #2066, .T. ) ;
#3231 = ORIENTED_EDGE ( 'NONE', *, *, #5041, .T. ) ;
#3232 = ORIENTED_EDGE ( 'NONE', *, *, #6002, .T. ) ;
#3233 = EDGE_LOOP ( 'NONE', ( #462, #5277, #5153, #4251, #4436, #3163, #960, #1318, #753, #1939, #695, #4152 ) ) ;
#3234 = CARTESIAN_POINT ( 'NONE',  ( 0.9013703013168917755, -0.7129367618111791538, -0.2027559055118110243 ) ) ;
#3235 = CARTESIAN_POINT ( 'NONE',  ( 1.099094071448151633, -0.4491572342521267802, -0.08070866141732284393 ) ) ;
#3236 = EDGE_CURVE ( 'NONE', #3838, #6204, #4322, .T. ) ;
#3237 = ORIENTED_EDGE ( 'NONE', *, *, #5127, .F. ) ;
#3238 = DIRECTION ( 'NONE',  ( 1.110223024625156036E-13, -1.000000000000000000, 0.000000000000000000 ) ) ;
#3239 = DIRECTION ( 'NONE',  ( 0.000000000000000000, 0.000000000000000000, -1.000000000000000000 ) ) ;
#3240 = ORIENTED_EDGE ( 'NONE', *, *, #4137, .F. ) ;
#3241 = ORIENTED_EDGE ( 'NONE', *, *, #1879, .T. ) ;
#3242 = ORIENTED_EDGE ( 'NONE', *, *, #5996, .T. ) ;
#3243 = DIRECTION ( 'NONE',  ( 0.7071067811865474617, 0.7071067811865474617, 0.000000000000000000 ) ) ;
#3244 = FACE_BOUND ( 'NONE', #214, .T. ) ;
#3245 = CARTESIAN_POINT ( 'NONE',  ( 0.7754418881233877681, -0.5534879429133489070, -0.01968503937007873988 ) ) ;
#3246 = EDGE_CURVE ( 'NONE', #94, #6369, #5910, .T. ) ;
#3247 = EDGE_CURVE ( 'NONE', #1212, #873, #6944, .T. ) ;
#3248 = VECTOR ( 'NONE', #3143, 39.37007874015748143 ) ;
#3249 = CARTESIAN_POINT ( 'NONE',  ( 0.8837096046588130971, -0.4452202263779543312, -0.03051181102362205202 ) ) ;
#3250 = ORIENTED_EDGE ( 'NONE', *, *, #6292, .F. ) ;
#3251 = DIRECTION ( 'NONE',  ( -1.000000000000000000, 0.000000000000000000, 0.000000000000000000 ) ) ;
#3252 = CARTESIAN_POINT ( 'NONE',  ( 0.9631387385170552262, -0.4904958169292921721, 0.08070866141732284393 ) ) ;
#3253 = CARTESIAN_POINT ( 'NONE',  ( 0.6907403800572066155, -0.4686522447816141579, -0.08070866141732284393 ) ) ;
#3254 = CARTESIAN_POINT ( 'NONE',  ( 0.6890833056369372045, -0.4485140494181513171, 0.06102362204724410405 ) ) ;
#3255 = VERTEX_POINT ( 'NONE', #3224 ) ;
#3256 = ORIENTED_EDGE ( 'NONE', *, *, #1173, .F. ) ;
#3257 = CARTESIAN_POINT ( 'NONE',  ( 0.7840048802493366775, -0.6420706200788995899, -0.08070866141732284393 ) ) ;
#3258 = CARTESIAN_POINT ( 'NONE',  ( 1.114007599949728311, -0.4491572342518398986, 0.06102362204724409711 ) ) ;
#3259 = CARTESIAN_POINT ( 'NONE',  ( 1.028099368438311068, -0.6499446358269291846, 0.08070866141732284393 ) ) ;
#3260 = CARTESIAN_POINT ( 'NONE',  ( 0.7034258868868761283, -0.4345584183326400840, -0.07086614173227666347 ) ) ;
#3261 = VERTEX_POINT ( 'NONE', #5266 ) ;
#3262 = EDGE_CURVE ( 'NONE', #4667, #2297, #4410, .T. ) ;
#3263 = VERTEX_POINT ( 'NONE', #2174 ) ;
#3264 = ORIENTED_EDGE ( 'NONE', *, *, #879, .T. ) ;
#3265 = DIRECTION ( 'NONE',  ( 0.000000000000000000, 0.000000000000000000, 1.000000000000000000 ) ) ;
#3266 = LINE ( 'NONE', #2323, #1284 ) ;
#3267 = CARTESIAN_POINT ( 'NONE',  ( 0.6992043068859487009, -0.4491572342521267802, -0.07086614173228347746 ) ) ;
#3268 = ORIENTED_EDGE ( 'NONE', *, *, #5204, .F. ) ;
#3269 =( BOUNDED_CURVE ( )  B_SPLINE_CURVE ( 3, ( #2941, #3479, #6587, #2387 ),
 .UNSPECIFIED., .F., .T. ) 
 B_SPLINE_CURVE_WITH_KNOTS ( ( 4, 4 ),
 ( 4.712388980384689674, 5.639684198386039959 ),
 .UNSPECIFIED. ) 
 CURVE ( )  GEOMETRIC_REPRESENTATION_ITEM ( )  RATIONAL_B_SPLINE_CURVE ( ( 1.000000000000000000, 0.9296181273333170569, 0.9296181273333170569, 1.000000000000000000 ) ) 
 REPRESENTATION_ITEM ( '' )  );
#3270 =( LENGTH_UNIT ( ) NAMED_UNIT ( * ) SI_UNIT ( $, .METRE. ) );
#3271 = CARTESIAN_POINT ( 'NONE',  ( 1.129828435559769861, -0.4529042132855922165, -0.07677165354330708902 ) ) ;
#3272 = PLANE ( 'NONE',  #1756 ) ;
#3273 = ORIENTED_EDGE ( 'NONE', *, *, #359, .T. ) ;
#3274 = EDGE_CURVE ( 'NONE', #1199, #5595, #5941, .T. ) ;
#3275 = EDGE_LOOP ( 'NONE', ( #4814, #1337, #680, #3256 ) ) ;
#3276 = EDGE_CURVE ( 'NONE', #4929, #5886, #2730, .T. ) ;
#3277 = AXIS2_PLACEMENT_3D ( 'NONE', #738, #5021, #244 ) ;
#3278 = VECTOR ( 'NONE', #4122, 39.37007874015748143 ) ;
#3279 = VERTEX_POINT ( 'NONE', #3257 ) ;
#3280 = PLANE ( 'NONE',  #311 ) ;
#3281 = DIRECTION ( 'NONE',  ( 0.000000000000000000, 1.000000000000000000, 0.000000000000000000 ) ) ;
#3282 = CARTESIAN_POINT ( 'NONE',  ( 0.7871970729704389491, -1.063330462598543358, 0.07874015748031495954 ) ) ;
#3283 = AXIS2_PLACEMENT_3D ( 'NONE', #4210, #5365, #4280 ) ;
#3284 = AXIS2_PLACEMENT_3D ( 'NONE', #4384, #6583, #6545 ) ;
#3285 = EDGE_CURVE ( 'NONE', #1256, #6590, #3824, .T. ) ;
#3286 = CIRCLE ( 'NONE', #1162, 0.007874015748030628592 ) ;
#3287 = DIRECTION ( 'NONE',  ( 0.000000000000000000, 0.000000000000000000, 1.000000000000000000 ) ) ;
#3288 = ORIENTED_EDGE ( 'NONE', *, *, #3981, .F. ) ;
#3289 = CARTESIAN_POINT ( 'NONE',  ( 0.7892214156824370885, -0.5298658956692529065, -0.06003937007874016185 ) ) ;
#3290 = DIRECTION ( 'NONE',  ( 1.000000000000000000, -1.850371707708115196E-13, 0.000000000000000000 ) ) ;
#3291 = CARTESIAN_POINT ( 'NONE',  ( 1.104719345611147929, -0.4528621900221267982, 0.06496062992125983815 ) ) ;
#3292 = CARTESIAN_POINT ( 'NONE',  ( 0.6895037910703691875, -0.4467642393020772595, 0.06102362204724410405 ) ) ;
#3293 = EDGE_CURVE ( 'NONE', #5344, #2435, #4735, .T. ) ;
#3294 = ORIENTED_EDGE ( 'NONE', *, *, #4740, .F. ) ;
#3295 = EDGE_LOOP ( 'NONE', ( #387, #6941, #5463, #3548 ) ) ;
#3296 = DIRECTION ( 'NONE',  ( -4.111937128241349667E-14, -1.000000000000000000, 0.000000000000000000 ) ) ;
#3297 = LINE ( 'NONE', #4912, #6699 ) ;
#3298 = DIRECTION ( 'NONE',  ( 0.000000000000000000, 1.000000000000000000, 0.000000000000000000 ) ) ;
#3299 = LINE ( 'NONE', #3193, #2827 ) ;
#3300 = AXIS2_PLACEMENT_3D ( 'NONE', #5635, #786, #3065 ) ;
#3301 = VERTEX_POINT ( 'NONE', #6514 ) ;
#3302 = AXIS2_PLACEMENT_3D ( 'NONE', #2948, #912, #2428 ) ;
#3303 = VERTEX_POINT ( 'NONE', #1680 ) ;
#3304 = ORIENTED_EDGE ( 'NONE', *, *, #1645, .F. ) ;
#3305 = CARTESIAN_POINT ( 'NONE',  ( 0.9900088172572442113, -0.5731729822834260579, 0.03051181102362205202 ) ) ;
#3306 = CARTESIAN_POINT ( 'NONE',  ( 0.9152056676509450206, -0.5298658956692529065, 0.04429133858267716994 ) ) ;
#3307 = LINE ( 'NONE', #5790, #923 ) ;
#3308 = CARTESIAN_POINT ( 'NONE',  ( 0.6921468884164625468, -0.4657805766128355063, 0.06496062992125983815 ) ) ;
#3309 = ORIENTED_EDGE ( 'NONE', *, *, #1395, .T. ) ;
#3310 = DIRECTION ( 'NONE',  ( -1.000000000000000000, 0.000000000000000000, 0.000000000000000000 ) ) ;
#3311 = PLANE ( 'NONE',  #1970 ) ;
#3312 = AXIS2_PLACEMENT_3D ( 'NONE', #2950, #5522, #3415 ) ;
#3313 = CARTESIAN_POINT ( 'NONE',  ( 1.101143227212167730, -0.4334092027560646487, 0.06496062992129637836 ) ) ;
#3314 = EDGE_LOOP ( 'NONE', ( #616, #5783, #1266, #6846, #6963, #5317, #5939 ) ) ;
#3315 = VERTEX_POINT ( 'NONE', #4215 ) ;
#3316 = VECTOR ( 'NONE', #4726, 39.37007874015748143 ) ;
#3317 = EDGE_LOOP ( 'NONE', ( #6676, #3522, #5663, #5620 ) ) ;
#3318 = DIRECTION ( 'NONE',  ( 1.000000000000000000, 0.000000000000000000, 0.000000000000000000 ) ) ;
#3319 = DIRECTION ( 'NONE',  ( -1.000000000000000000, 0.000000000000000000, 0.000000000000000000 ) ) ;
#3320 = DIRECTION ( 'NONE',  ( -1.000000000000000000, 0.000000000000000000, 0.000000000000000000 ) ) ;
#3321 = EDGE_CURVE ( 'NONE', #4574, #1770, #6391, .T. ) ;
#3322 = EDGE_CURVE ( 'NONE', #5695, #5291, #2107, .T. ) ;
#3323 = ADVANCED_FACE ( 'NONE', ( #3725 ), #5880, .F. ) ;
#3324 = VECTOR ( 'NONE', #3177, 39.37007874015748143 ) ;
#3325 = VECTOR ( 'NONE', #6920, 39.37007874015748143 ) ;
#3326 = DIRECTION ( 'NONE',  ( 0.000000000000000000, 0.000000000000000000, -1.000000000000000000 ) ) ;
#3327 = DIRECTION ( 'NONE',  ( 0.000000000000000000, -1.000000000000000000, 0.000000000000000000 ) ) ;
#3328 = FACE_OUTER_BOUND ( 'NONE', #346, .T. ) ;
#3329 = DIRECTION ( 'NONE',  ( -1.000000000000000000, 0.000000000000000000, 0.000000000000000000 ) ) ;
#3330 = EDGE_CURVE ( 'NONE', #873, #2552, #1820, .T. ) ;
#3331 = CARTESIAN_POINT ( 'NONE',  ( 1.011606521789328639, -0.6971887303151181881, 0.007874015748031495954 ) ) ;
#3332 = ORIENTED_EDGE ( 'NONE', *, *, #3789, .T. ) ;
#3333 = AXIS2_PLACEMENT_3D ( 'NONE', #1430, #4100, #5220 ) ;
#3334 = ORIENTED_EDGE ( 'NONE', *, *, #3971, .F. ) ;
#3335 = CARTESIAN_POINT ( 'NONE',  ( 1.107607900217634000, -0.4594564280026795511, -0.08070866141732284393 ) ) ;
#3336 = CARTESIAN_POINT ( 'NONE',  ( 1.104825964191847198, -0.4491572342516035876, 0.06560135097602277920 ) ) ;
#3337 = CARTESIAN_POINT ( 'NONE',  ( 1.103711532451858490, -0.4493767598955066278, 0.06102362204726539952 ) ) ;
#3338 = DIRECTION ( 'NONE',  ( 0.000000000000000000, 0.000000000000000000, 1.000000000000000000 ) ) ;
#3339 = VECTOR ( 'NONE', #6069, 39.37007874015748143 ) ;
#3340 = EDGE_CURVE ( 'NONE', #4634, #3315, #2241, .T. ) ;
#3341 = ORIENTED_EDGE ( 'NONE', *, *, #976, .T. ) ;
#3342 =( GEOMETRIC_REPRESENTATION_CONTEXT ( 3 ) GLOBAL_UNCERTAINTY_ASSIGNED_CONTEXT ( ( #551 ) ) GLOBAL_UNIT_ASSIGNED_CONTEXT ( ( #3203, #2151, #5456 ) ) REPRESENTATION_CONTEXT ( 'NONE', 'WORKASPACE' ) );
#3343 = ORIENTED_EDGE ( 'NONE', *, *, #6530, .T. ) ;
#3344 = DIRECTION ( 'NONE',  ( -0.000000000000000000, 1.000000000000000000, 0.000000000000000000 ) ) ;
#3345 = DIRECTION ( 'NONE',  ( 1.000000000000000000, 0.000000000000000000, 0.000000000000000000 ) ) ;
#3346 = EDGE_CURVE ( 'NONE', #379, #5528, #2767, .T. ) ;
#3347 = FACE_OUTER_BOUND ( 'NONE', #5055, .T. ) ;
#3348 = FACE_OUTER_BOUND ( 'NONE', #3364, .T. ) ;
#3349 = LINE ( 'NONE', #5493, #3440 ) ;
#3350 = ORIENTED_EDGE ( 'NONE', *, *, #169, .T. ) ;
#3351 = ORIENTED_EDGE ( 'NONE', *, *, #6252, .F. ) ;
#3352 = CARTESIAN_POINT ( 'NONE',  ( 0.7840048802493366775, -0.5908895177166575419, 0.08070866141732284393 ) ) ;
#3353 = EDGE_LOOP ( 'NONE', ( #2891, #1368, #4605, #2347, #4959 ) ) ;
#3354 = CARTESIAN_POINT ( 'NONE',  ( 0.6921468884164625468, -0.4657805766128355063, 0.06496062992125983815 ) ) ;
#3355 = LINE ( 'NONE', #5575, #4551 ) ;
#3356 = DIRECTION ( 'NONE',  ( -1.000000000000000000, 0.000000000000000000, 0.000000000000000000 ) ) ;
#3357 = ADVANCED_FACE ( 'NONE', ( #734 ), #698, .T. ) ;
#3358 = EDGE_CURVE ( 'NONE', #2398, #5478, #4911, .T. ) ;
#3359 = DIRECTION ( 'NONE',  ( -1.256933370947832118E-12, 1.000000000000000000, 0.000000000000000000 ) ) ;
#3360 = DIRECTION ( 'NONE',  ( 0.000000000000000000, 0.000000000000000000, 1.000000000000000000 ) ) ;
#3361 = DIRECTION ( 'NONE',  ( 1.000000000000000000, 0.000000000000000000, 0.000000000000000000 ) ) ;
#3362 = DIRECTION ( 'NONE',  ( 0.000000000000000000, 0.000000000000000000, -1.000000000000000000 ) ) ;
#3363 = DIRECTION ( 'NONE',  ( 0.000000000000000000, -1.000000000000000000, 0.000000000000000000 ) ) ;
#3364 = EDGE_LOOP ( 'NONE', ( #455, #6030, #4294, #1170 ) ) ;
#3365 = ADVANCED_FACE ( 'NONE', ( #3899 ), #1751, .F. ) ;
#3366 = ADVANCED_FACE ( 'NONE', ( #134 ), #3861, .F. ) ;
#3367 = VERTEX_POINT ( 'NONE', #5589 ) ;
#3368 = CARTESIAN_POINT ( 'NONE',  ( -72.78106826860452827, -33.39667614831810738, -0.06003937007874016185 ) ) ;
#3369 = VERTEX_POINT ( 'NONE', #5513 ) ;
#3370 = CARTESIAN_POINT ( 'NONE',  ( 1.108712002058969803, -0.4491572342515989247, 0.06200212205522349224 ) ) ;
#3371 = CARTESIAN_POINT ( 'NONE',  ( 0.6887718761201948592, -0.6696296751970117755, -0.08070866141732284393 ) ) ;
#3372 = LINE ( 'NONE', #702, #1603 ) ;
#3373 = AXIS2_PLACEMENT_3D ( 'NONE', #2055, #549, #5287 ) ;
#3374 = ORIENTED_EDGE ( 'NONE', *, *, #2539, .F. ) ;
#3375 = EDGE_CURVE ( 'NONE', #3443, #1956, #3966, .T. ) ;
#3376 = EDGE_LOOP ( 'NONE', ( #5425, #6346, #1665, #937 ) ) ;
#3377 = CARTESIAN_POINT ( 'NONE',  ( 1.028099368438311068, -0.6420706200788995899, 0.06496062992125983815 ) ) ;
#3378 = LINE ( 'NONE', #5487, #1397 ) ;
#3379 = DIRECTION ( 'NONE',  ( -1.000000000000000000, 0.000000000000000000, 0.000000000000000000 ) ) ;
#3380 = DIRECTION ( 'NONE',  ( 0.000000000000000000, 0.000000000000000000, -1.000000000000000000 ) ) ;
#3381 = DIRECTION ( 'NONE',  ( -0.9606414366869109323, -0.2777913427738665231, 0.000000000000000000 ) ) ;
#3382 = LINE ( 'NONE', #2225, #525 ) ;
#3383 = ORIENTED_EDGE ( 'NONE', *, *, #6580, .F. ) ;
#3384 = EDGE_LOOP ( 'NONE', ( #69, #2081, #4328, #1501 ) ) ;
#3385 = LINE ( 'NONE', #1277, #3845 ) ;
#3386 = ORIENTED_EDGE ( 'NONE', *, *, #4829, .F. ) ;
#3387 = EDGE_CURVE ( 'NONE', #5768, #1423, #1591, .T. ) ;
#3388 = DIRECTION ( 'NONE',  ( 0.000000000000000000, 1.000000000000000000, 0.000000000000000000 ) ) ;
#3389 = CARTESIAN_POINT ( 'NONE',  ( 0.8128434629265374189, -0.3152989665353965187, -0.3543307086614173596 ) ) ;
#3390 = CARTESIAN_POINT ( 'NONE',  ( 0.6887718761202302753, -0.6302595964568091791, 0.07874015748031495954 ) ) ;
#3391 = VECTOR ( 'NONE', #1624, 39.37007874015748143 ) ;
#3392 = VECTOR ( 'NONE', #6641, 39.37007874015748143 ) ;
#3393 = B_SPLINE_SURFACE_WITH_KNOTS ( 'NONE', 3, 1, ( 
 ( #5390, #4896 ),
 ( #654, #5962 ),
 ( #2714, #3778 ),
 ( #2683, #4826 ),
 ( #2230, #4859 ),
 ( #4372, #1737 ),
 ( #4930, #3354 ),
 ( #1142, #6535 ) ),
 .UNSPECIFIED., .F., .F., .F.,
 ( 4, 3, 1, 4 ),
 ( 2, 2 ),
 ( -0.3915618320033509847, 0.000000000000000000, 0.2938945741444615178, 0.5383471374219870320 ),
 ( 0.000000000000000000, 1.000000000000000000 ),
 .UNSPECIFIED. ) ;
#3394 = DIRECTION ( 'NONE',  ( 0.000000000000000000, 1.000000000000000000, 0.000000000000000000 ) ) ;
#3395 = FACE_OUTER_BOUND ( 'NONE', #3579, .T. ) ;
#3396 = FACE_OUTER_BOUND ( 'NONE', #5510, .T. ) ;
#3397 = LINE ( 'NONE', #1846, #3487 ) ;
#3398 = VECTOR ( 'NONE', #106, 39.37007874015748143 ) ;
#3399 = VECTOR ( 'NONE', #5369, 39.37007874015748854 ) ;
#3400 = LINE ( 'NONE', #2412, #1426 ) ;
#3401 = ORIENTED_EDGE ( 'NONE', *, *, #1131, .F. ) ;
#3402 = AXIS2_PLACEMENT_3D ( 'NONE', #1146, #6003, #689 ) ;
#3403 = ORIENTED_EDGE ( 'NONE', *, *, #2035, .F. ) ;
#3404 = CARTESIAN_POINT ( 'NONE',  ( 0.9631387385170552262, -0.5495509350395306747, -0.06496062992125983815 ) ) ;
#3405 = ORIENTED_EDGE ( 'NONE', *, *, #2094, .T. ) ;
#3406 = LINE ( 'NONE', #1159, #1513 ) ;
#3407 = CARTESIAN_POINT ( 'NONE',  ( 1.113059094498759505, -0.4460203336946588215, 0.06102362204724399303 ) ) ;
#3408 = DIRECTION ( 'NONE',  ( 0.000000000000000000, 0.000000000000000000, 1.000000000000000000 ) ) ;
#3409 = ADVANCED_FACE ( 'NONE', ( #4487, #1191 ), #5017, .F. ) ;
#3410 = EDGE_CURVE ( 'NONE', #546, #4220, #5708, .T. ) ;
#3411 = VERTEX_POINT ( 'NONE', #241 ) ;
#3412 = ORIENTED_EDGE ( 'NONE', *, *, #2539, .T. ) ;
#3413 = DIRECTION ( 'NONE',  ( 0.000000000000000000, 0.000000000000000000, -1.000000000000000000 ) ) ;
#3414 = DIRECTION ( 'NONE',  ( -1.000000000000000000, 0.000000000000000000, 0.000000000000000000 ) ) ;
#3415 = DIRECTION ( 'NONE',  ( 0.000000000000000000, -1.000000000000000000, 0.000000000000000000 ) ) ;
#3416 = DIRECTION ( 'NONE',  ( 0.000000000000000000, 0.000000000000000000, -1.000000000000000000 ) ) ;
#3417 = DIRECTION ( 'NONE',  ( 1.000000000000000000, 7.569702440625950512E-14, 0.000000000000000000 ) ) ;
#3418 = FACE_OUTER_BOUND ( 'NONE', #3527, .T. ) ;
#3419 = EDGE_CURVE ( 'NONE', #6912, #3490, #4940, .T. ) ;
#3420 = AXIS2_PLACEMENT_3D ( 'NONE', #6556, #5521, #1964 ) ;
#3421 = EDGE_LOOP ( 'NONE', ( #1860, #5381, #1804, #4036 ) ) ;
#3422 = VERTEX_POINT ( 'NONE', #2384 ) ;
#3423 = CARTESIAN_POINT ( 'NONE',  ( 0.5963080298556693304, -0.5180548720472071267, -0.06003937007874016185 ) ) ;
#3424 = ORIENTED_EDGE ( 'NONE', *, *, #1175, .F. ) ;
#3425 = VECTOR ( 'NONE', #2351, 39.37007874015748143 ) ;
#3426 = VERTEX_POINT ( 'NONE', #3404 ) ;
#3427 = LINE ( 'NONE', #263, #2661 ) ;
#3428 = CARTESIAN_POINT ( 'NONE',  ( 0.8410914944225630352, -0.5495509350395306747, -0.06496062992125983815 ) ) ;
#3429 = LINE ( 'NONE', #3390, #5960 ) ;
#3430 = EDGE_CURVE ( 'NONE', #272, #6850, #5547, .T. ) ;
#3431 = VECTOR ( 'NONE', #3117, 39.37007874015748143 ) ;
#3432 = DIRECTION ( 'NONE',  ( 0.000000000000000000, 0.000000000000000000, 1.000000000000000000 ) ) ;
#3433 = CARTESIAN_POINT ( 'NONE',  ( 1.051721415682403515, -0.6499446358269685975, -0.06496062992125983815 ) ) ;
#3434 = LINE ( 'NONE', #765, #1636 ) ;
#3435 = VECTOR ( 'NONE', #3142, 39.37007874015748143 ) ;
#3436 = CARTESIAN_POINT ( 'NONE',  ( 0.6887718761201948592, -0.4529042132855922165, 0.07677165354330708902 ) ) ;
#3437 = FACE_OUTER_BOUND ( 'NONE', #221, .T. ) ;
#3438 = ORIENTED_EDGE ( 'NONE', *, *, #1217, .F. ) ;
#3439 = VECTOR ( 'NONE', #4159, 39.37007874015748143 ) ;
#3440 = VECTOR ( 'NONE', #1237, 39.37007874015748143 ) ;
#3441 = ORIENTED_EDGE ( 'NONE', *, *, #3013, .F. ) ;
#3442 = CARTESIAN_POINT ( 'NONE',  ( 0.9446773879310689237, -0.5357714074804330595, 0.007874015748031495954 ) ) ;
#3443 = VERTEX_POINT ( 'NONE', #6654 ) ;
#3444 = PLANE ( 'NONE',  #4762 ) ;
#3445 = CARTESIAN_POINT ( 'NONE',  ( 1.110521253491696392, -0.4369935860320125487, 0.06102362204724891964 ) ) ;
#3446 = DIRECTION ( 'NONE',  ( 0.000000000000000000, 0.000000000000000000, -1.000000000000000000 ) ) ;
#3447 = AXIS2_PLACEMENT_3D ( 'NONE', #1913, #6115, #2898 ) ;
#3448 = VERTEX_POINT ( 'NONE', #1784 ) ;
#3449 = ORIENTED_EDGE ( 'NONE', *, *, #570, .F. ) ;
#3450 = EDGE_CURVE ( 'NONE', #1768, #4835, #4524, .T. ) ;
#3451 = EDGE_CURVE ( 'NONE', #5142, #257, #5224, .T. ) ;
#3452 = FACE_OUTER_BOUND ( 'NONE', #740, .T. ) ;
#3453 = VECTOR ( 'NONE', #4473, 39.37007874015748143 ) ;
#3454 = DIRECTION ( 'NONE',  ( 0.000000000000000000, -1.000000000000000000, 0.000000000000000000 ) ) ;
#3455 = CARTESIAN_POINT ( 'NONE',  ( 0.8895592776948445524, -0.7877399114174391537, -0.007874015748031495954 ) ) ;
#3456 = LINE ( 'NONE', #5096, #4956 ) ;
#3457 = CARTESIAN_POINT ( 'NONE',  ( 0.6896941380526793175, -0.4466131984312582959, 0.06102362204724410405 ) ) ;
#3458 = ORIENTED_EDGE ( 'NONE', *, *, #3673, .T. ) ;
#3459 = ORIENTED_EDGE ( 'NONE', *, *, #3879, .F. ) ;
#3460 = EDGE_CURVE ( 'NONE', #6957, #1837, #1464, .T. ) ;
#3461 = LINE ( 'NONE', #395, #6326 ) ;
#3462 = ORIENTED_EDGE ( 'NONE', *, *, #3497, .F. ) ;
#3463 = VERTEX_POINT ( 'NONE', #6265 ) ;
#3464 = DIRECTION ( 'NONE',  ( 0.000000000000000000, 0.000000000000000000, 1.000000000000000000 ) ) ;
#3465 = DIRECTION ( 'NONE',  ( -1.110223024625156036E-13, 1.000000000000000000, 0.000000000000000000 ) ) ;
#3466 = CARTESIAN_POINT ( 'NONE',  ( 0.9781977936351987646, -0.5731729822834260579, -0.03051181102362205202 ) ) ;
#3467 = ADVANCED_FACE ( 'NONE', ( #1887 ), #380, .F. ) ;
#3468 = CARTESIAN_POINT ( 'NONE',  ( 0.7013150968864284573, -0.4418578262923836264, 0.07086614173228347746 ) ) ;
#3469 = LINE ( 'NONE', #6153, #6608 ) ;
#3470 = DIRECTION ( 'NONE',  ( 0.000000000000000000, 0.000000000000000000, -1.000000000000000000 ) ) ;
#3471 = CARTESIAN_POINT ( 'NONE',  ( 0.7636308645013326624, -0.5298658956692529065, -0.06003937007874016185 ) ) ;
#3472 = DIRECTION ( 'NONE',  ( 1.000000000000000000, -5.286776307738859121E-14, 0.000000000000000000 ) ) ;
#3473 = ORIENTED_EDGE ( 'NONE', *, *, #6837, .T. ) ;
#3474 = EDGE_CURVE ( 'NONE', #4075, #5998, #3510, .T. ) ;
#3475 = EDGE_LOOP ( 'NONE', ( #6435, #3859, #3841, #5161 ) ) ;
#3476 = FACE_OUTER_BOUND ( 'NONE', #2918, .T. ) ;
#3477 = ORIENTED_EDGE ( 'NONE', *, *, #1181, .F. ) ;
#3478 = CARTESIAN_POINT ( 'NONE',  ( 1.113158549758978433, -0.4466145918668087411, 0.06102362204724410405 ) ) ;
#3479 = CARTESIAN_POINT ( 'NONE',  ( 1.106053876203166420, -0.4334092027560750293, -0.06102362204724411099 ) ) ;
#3480 = EDGE_CURVE ( 'NONE', #6515, #3022, #3608, .T. ) ;
#3481 = ORIENTED_EDGE ( 'NONE', *, *, #2815, .T. ) ;
#3482 = ORIENTED_EDGE ( 'NONE', *, *, #4137, .T. ) ;
#3483 = CARTESIAN_POINT ( 'NONE',  ( 0.7840048802493366775, -0.5908895177166575419, 0.06496062992125983815 ) ) ;
#3484 = DIRECTION ( 'NONE',  ( 0.000000000000000000, 0.000000000000000000, 1.000000000000000000 ) ) ;
#3485 = DIRECTION ( 'NONE',  ( 0.000000000000000000, 0.000000000000000000, -1.000000000000000000 ) ) ;
#3486 = CARTESIAN_POINT ( 'NONE',  ( 0.6415277816318543103, -0.7995509350395256787, 0.007874015748031495954 ) ) ;
#3487 = VECTOR ( 'NONE', #4379, 39.37007874015748143 ) ;
#3488 = CARTESIAN_POINT ( 'NONE',  ( 0.6923329314601243123, -0.4369869990690012362, 0.06102362204725374911 ) ) ;
#3489 = ORIENTED_EDGE ( 'NONE', *, *, #1441, .F. ) ;
#3490 = VERTEX_POINT ( 'NONE', #2022 ) ;
#3491 = PLANE ( 'NONE',  #6670 ) ;
#3492 = DIRECTION ( 'NONE',  ( 0.000000000000000000, 0.000000000000000000, -1.000000000000000000 ) ) ;
#3493 = VERTEX_POINT ( 'NONE', #5658 ) ;
#3494 = DIRECTION ( 'NONE',  ( 1.000000000000000000, -1.850371707708115196E-13, 0.000000000000000000 ) ) ;
#3495 = PLANE ( 'NONE',  #1189 ) ;
#3496 = LINE ( 'NONE', #1422, #4894 ) ;
#3497 = EDGE_CURVE ( 'NONE', #5066, #1208, #5123, .T. ) ;
#3498 = ADVANCED_FACE ( 'NONE', ( #3476 ), #5621, .F. ) ;
#3499 = ORIENTED_EDGE ( 'NONE', *, *, #1347, .T. ) ;
#3500 = CARTESIAN_POINT ( 'NONE',  ( 1.103647973297800178, -0.4491572342520594452, -0.06510052718871160715 ) ) ;
#3501 = DIRECTION ( 'NONE',  ( 1.000000000000000000, 0.000000000000000000, 0.000000000000000000 ) ) ;
#3502 = FACE_OUTER_BOUND ( 'NONE', #1452, .T. ) ;
#3503 = DIRECTION ( 'NONE',  ( 0.000000000000000000, 0.000000000000000000, 1.000000000000000000 ) ) ;
#3504 = FACE_OUTER_BOUND ( 'NONE', #1572, .T. ) ;
#3505 = ADVANCED_FACE ( 'NONE', ( #6795 ), #3080, .F. ) ;
#3506 = VERTEX_POINT ( 'NONE', #4558 ) ;
#3507 = ORIENTED_EDGE ( 'NONE', *, *, #3480, .T. ) ;
#3508 = VECTOR ( 'NONE', #5624, 39.37007874015748143 ) ;
#3509 = VECTOR ( 'NONE', #5673, 39.37007874015748143 ) ;
#3510 = LINE ( 'NONE', #874, #5189 ) ;
#3511 = VERTEX_POINT ( 'NONE', #4628 ) ;
#3512 = CARTESIAN_POINT ( 'NONE',  ( 0.6953288815396890810, -0.4590917141166149240, 0.08070866141732284393 ) ) ;
#3513 = CARTESIAN_POINT ( 'NONE',  ( 1.104719345611147929, -0.4528621900221267982, -0.08070866141732284393 ) ) ;
#3514 = AXIS2_PLACEMENT_3D ( 'NONE', #3377, #4987, #180 ) ;
#3515 = ORIENTED_EDGE ( 'NONE', *, *, #4900, .F. ) ;
#3516 = VERTEX_POINT ( 'NONE', #2976 ) ;
#3517 = LINE ( 'NONE', #3051, #3625 ) ;
#3518 = FACE_OUTER_BOUND ( 'NONE', #2426, .T. ) ;
#3519 = DIRECTION ( 'NONE',  ( 0.000000000000000000, 0.000000000000000000, -1.000000000000000000 ) ) ;
#3520 = CARTESIAN_POINT ( 'NONE',  ( 1.043102584781460562, -0.5908895177166516577, -0.007874015748031495954 ) ) ;
#3521 = AXIS2_PLACEMENT_3D ( 'NONE', #2551, #4694, #3783 ) ;
#3522 = ORIENTED_EDGE ( 'NONE', *, *, #3451, .F. ) ;
#3523 = VERTEX_POINT ( 'NONE', #1333 ) ;
#3524 = VECTOR ( 'NONE', #6024, 39.37007874015748143 ) ;
#3525 = FACE_OUTER_BOUND ( 'NONE', #4434, .T. ) ;
#3526 = CARTESIAN_POINT ( 'NONE',  ( 0.8647135416666634766, -0.5495509350395306747, -0.06496062992125983815 ) ) ;
#3527 = EDGE_LOOP ( 'NONE', ( #5432, #3161, #5567, #4016 ) ) ;
#3528 = LINE ( 'NONE', #1321, #6838 ) ;
#3529 = CARTESIAN_POINT ( 'NONE',  ( 0.7525088172572126366, -0.6499446358269291846, 0.06496062992125983815 ) ) ;
#3530 = VECTOR ( 'NONE', #5, 39.37007874015748143 ) ;
#3531 = CARTESIAN_POINT ( 'NONE',  ( 0.6992043068859487009, -0.4491572342520874228, -0.08070866141732284393 ) ) ;
#3532 = EDGE_LOOP ( 'NONE', ( #430, #4187, #429, #5825 ) ) ;
#3533 = VECTOR ( 'NONE', #1091, 39.37007874015748143 ) ;
#3534 = EDGE_CURVE ( 'NONE', #3315, #4197, #2938, .T. ) ;
#3535 = EDGE_CURVE ( 'NONE', #1689, #6461, #2419, .T. ) ;
#3536 = CARTESIAN_POINT ( 'NONE',  ( 0.7596380178525137250, -0.5908895177166516577, -0.007874015748031495954 ) ) ;
#3537 = ADVANCED_FACE ( 'NONE', ( #4105 ), #4592, .T. ) ;
#3538 = CARTESIAN_POINT ( 'NONE',  ( 1.114080404063698904, -0.4491572342520874228, -0.08070866141732284393 ) ) ;
#3539 = CARTESIAN_POINT ( 'NONE',  ( 0.8580632147027226209, -0.5357714074804330595, -0.007874015748031495954 ) ) ;
#3540 = CARTESIAN_POINT ( 'NONE',  ( 0.9407962188320474484, -0.5849840059054763897, 0.06003937007874016185 ) ) ;
#3541 = PLANE ( 'NONE',  #3333 ) ;
#3542 = VECTOR ( 'NONE', #5810, 39.37007874015748143 ) ;
#3543 = ORIENTED_EDGE ( 'NONE', *, *, #3285, .T. ) ;
#3544 = AXIS2_PLACEMENT_3D ( 'NONE', #1438, #2517, #6797 ) ;
#3545 = EDGE_LOOP ( 'NONE', ( #5929, #6345, #4742, #583, #6638, #2799, #5993, #4332, #6531 ) ) ;
#3546 = EDGE_CURVE ( 'NONE', #3979, #6532, #6760, .T. ) ;
#3547 = DIRECTION ( 'NONE',  ( 0.000000000000000000, 0.000000000000000000, 1.000000000000000000 ) ) ;
#3548 = ORIENTED_EDGE ( 'NONE', *, *, #2973, .F. ) ;
#3549 = CARTESIAN_POINT ( 'NONE',  ( 0.7911340808444526917, -0.7877399114174391537, -0.2027559055118110243 ) ) ;
#3550 = CARTESIAN_POINT ( 'NONE',  ( 1.114080404063698904, -0.6696296751970117755, 0.08070866141732284393 ) ) ;
#3551 = VECTOR ( 'NONE', #2231, 39.37007874015748143 ) ;
#3552 = EDGE_LOOP ( 'NONE', ( #4175, #5368, #5139, #2319, #918, #4505, #6918 ) ) ;
#3553 = VERTEX_POINT ( 'NONE', #1920 ) ;
#3554 = DIRECTION ( 'NONE',  ( 0.000000000000000000, -1.000000000000000000, 0.000000000000000000 ) ) ;
#3555 = CARTESIAN_POINT ( 'NONE',  ( 0.6919914446625236026, -0.4386689831533465700, 0.06102362204724410405 ) ) ;
#3556 = FACE_OUTER_BOUND ( 'NONE', #526, .T. ) ;
#3557 = DIRECTION ( 'NONE',  ( 1.000000000000000000, 0.000000000000000000, 0.000000000000000000 ) ) ;
#3558 = EDGE_CURVE ( 'NONE', #5084, #6141, #4068, .T. ) ;
#3559 = VECTOR ( 'NONE', #4854, 39.37007874015748143 ) ;
#3560 = ORIENTED_EDGE ( 'NONE', *, *, #5572, .T. ) ;
#3561 = VERTEX_POINT ( 'NONE', #905 ) ;
#3562 = VECTOR ( 'NONE', #306, 39.37007874015748143 ) ;
#3563 = DIRECTION ( 'NONE',  ( 1.000000000000000000, 0.000000000000000000, 0.000000000000000000 ) ) ;
#3564 = PLANE ( 'NONE',  #6347 ) ;
#3565 = VERTEX_POINT ( 'NONE', #3043 ) ;
#3566 = LINE ( 'NONE', #6315, #2216 ) ;
#3567 = CARTESIAN_POINT ( 'NONE',  ( 1.051721415682403515, -0.6420706200788995899, -0.06496062992125983815 ) ) ;
#3568 = CARTESIAN_POINT ( 'NONE',  ( 0.9013703013168917755, -0.7129367618111791538, -0.2027559055118110243 ) ) ;
#3569 = VECTOR ( 'NONE', #5749, 39.37007874015748143 ) ;
#3570 = ORIENTED_EDGE ( 'NONE', *, *, #4705, .T. ) ;
#3571 = DIRECTION ( 'NONE',  ( 0.000000000000000000, 1.000000000000000000, 0.000000000000000000 ) ) ;
#3572 = FACE_OUTER_BOUND ( 'NONE', #6626, .T. ) ;
#3573 = CARTESIAN_POINT ( 'NONE',  ( 0.9131813249389370002, -0.6971887303151181881, -0.007874015748031495954 ) ) ;
#3574 = PLANE ( 'NONE',  #343 ) ;
#3575 = DIRECTION ( 'NONE',  ( 1.000000000000000000, -5.286776307738859121E-14, 0.000000000000000000 ) ) ;
#3576 = EDGE_CURVE ( 'NONE', #5764, #3008, #5190, .T. ) ;
#3577 = ORIENTED_EDGE ( 'NONE', *, *, #371, .T. ) ;
#3578 = ADVANCED_FACE ( 'NONE', ( #1992 ), #4138, .T. ) ;
#3579 = EDGE_LOOP ( 'NONE', ( #3334, #3823, #2119, #2977 ) ) ;
#3580 = DIRECTION ( 'NONE',  ( 0.000000000000000000, 1.000000000000000000, 0.000000000000000000 ) ) ;
#3581 = ORIENTED_EDGE ( 'NONE', *, *, #6107, .T. ) ;
#3582 = CARTESIAN_POINT ( 'NONE',  ( 0.8147561280885452506, -0.6302595964568091791, -0.07874015748031495954 ) ) ;
#3583 = LINE ( 'NONE', #348, #1040 ) ;
#3584 = EDGE_CURVE ( 'NONE', #5295, #5885, #6790, .T. ) ;
#3585 = ORIENTED_EDGE ( 'NONE', *, *, #2505, .T. ) ;
#3586 = ORIENTED_EDGE ( 'NONE', *, *, #793, .T. ) ;
#3587 = PLANE ( 'NONE',  #141 ) ;
#3588 = CARTESIAN_POINT ( 'NONE',  ( 0.7262292896981831225, -0.5731729822834260579, -0.06003937007874016185 ) ) ;
#3589 = FACE_OUTER_BOUND ( 'NONE', #109, .T. ) ;
#3590 = LINE ( 'NONE', #1446, #928 ) ;
#3591 = EDGE_CURVE ( 'NONE', #326, #5982, #448, .T. ) ;
#3592 = ORIENTED_EDGE ( 'NONE', *, *, #4862, .T. ) ;
#3593 = ORIENTED_EDGE ( 'NONE', *, *, #2838, .F. ) ;
#3594 = STYLED_ITEM ( 'NONE', ( #3956 ), #4917 ) ;
#3595 = PLANE ( 'NONE',  #256 ) ;
#3596 = CARTESIAN_POINT ( 'NONE',  ( 0.9631387385170552262, -0.5495509350395306747, 0.08070866141732284393 ) ) ;
#3597 = ORIENTED_EDGE ( 'NONE', *, *, #3419, .F. ) ;
#3598 = DIRECTION ( 'NONE',  ( 0.000000000000000000, 1.000000000000000000, 0.000000000000000000 ) ) ;
#3599 = DIRECTION ( 'NONE',  ( -0.7071067811865474617, 0.7071067811865474617, 0.000000000000000000 ) ) ;
#3600 = CARTESIAN_POINT ( 'NONE',  ( 0.8915836204068524617, -0.4491572342519299932, 0.03937007874015747977 ) ) ;
#3601 = ORIENTED_EDGE ( 'NONE', *, *, #2796, .F. ) ;
#3602 = CARTESIAN_POINT ( 'NONE',  ( 0.9879844745452361909, -0.6971887303151181881, 0.007874015748031495954 ) ) ;
#3603 = FACE_OUTER_BOUND ( 'NONE', #5496, .T. ) ;
#3604 = FACE_OUTER_BOUND ( 'NONE', #4120, .T. ) ;
#3605 = LINE ( 'NONE', #308, #4933 ) ;
#3606 = CARTESIAN_POINT ( 'NONE',  ( 0.6415277816318543103, -0.6302595964568091791, 0.007874015748031495954 ) ) ;
#3607 = ORIENTED_EDGE ( 'NONE', *, *, #5256, .F. ) ;
#3608 = LINE ( 'NONE', #6864, #2163 ) ;
#3609 = ORIENTED_EDGE ( 'NONE', *, *, #849, .T. ) ;
#3610 = CARTESIAN_POINT ( 'NONE',  ( 1.114112258681657197, -0.4492396762887930217, 0.06102362204724414568 ) ) ;
#3611 = CARTESIAN_POINT ( 'NONE',  ( 0.7525088172572126366, -0.6499446358269291846, 0.08070866141732284393 ) ) ;
#3612 = DIRECTION ( 'NONE',  ( 0.000000000000000000, 1.000000000000000000, 0.000000000000000000 ) ) ;
#3613 = ORIENTED_EDGE ( 'NONE', *, *, #6688, .F. ) ;
#3614 = VECTOR ( 'NONE', #5593, 39.37007874015748143 ) ;
#3615 = VECTOR ( 'NONE', #1003, 39.37007874015748143 ) ;
#3616 = VECTOR ( 'NONE', #3849, 39.37007874015748143 ) ;
#3617 = VERTEX_POINT ( 'NONE', #4830 ) ;
#3618 = DIRECTION ( 'NONE',  ( 0.000000000000000000, 0.000000000000000000, -1.000000000000000000 ) ) ;
#3619 = LINE ( 'NONE', #5911, #3533 ) ;
#3620 = CARTESIAN_POINT ( 'NONE',  ( 0.9407962188320474484, -0.5101808562992157237, -0.06003937007874016185 ) ) ;
#3621 = CARTESIAN_POINT ( 'NONE',  ( 1.028099368438311068, -0.6499446358269291846, 0.08070866141732284393 ) ) ;
#3622 = ADVANCED_FACE ( 'NONE', ( #1539 ), #2132, .F. ) ;
#3623 = EDGE_CURVE ( 'NONE', #5519, #5105, #20, .T. ) ;
#3624 = VECTOR ( 'NONE', #2810, 39.37007874015748143 ) ;
#3625 = VECTOR ( 'NONE', #2458, 39.37007874015748854 ) ;
#3626 = ORIENTED_EDGE ( 'NONE', *, *, #3690, .F. ) ;
#3627 = ORIENTED_EDGE ( 'NONE', *, *, #2170, .T. ) ;
#3628 = EDGE_LOOP ( 'NONE', ( #607, #6513, #2919, #1869 ) ) ;
#3629 = VECTOR ( 'NONE', #5179, 39.37007874015748143 ) ;
#3630 = DIRECTION ( 'NONE',  ( 0.000000000000000000, -1.000000000000000000, 0.000000000000000000 ) ) ;
#3631 = FACE_OUTER_BOUND ( 'NONE', #5447, .T. ) ;
#3632 = EDGE_CURVE ( 'NONE', #3997, #3561, #4864, .T. ) ;
#3633 = ORIENTED_EDGE ( 'NONE', *, *, #6697, .T. ) ;
#3634 = LINE ( 'NONE', #6353, #87 ) ;
#3635 = CARTESIAN_POINT ( 'NONE',  ( 1.015543529663344602, -0.5908895177166516577, 0.07874015748031495954 ) ) ;
#3636 = PLANE ( 'NONE',  #6942 ) ;
#3637 = ORIENTED_EDGE ( 'NONE', *, *, #6863, .T. ) ;
#3638 = CARTESIAN_POINT ( 'NONE',  ( 0.7144182660761357884, -0.5731729822834260579, -0.06003937007874016185 ) ) ;
#3639 = PLANE ( 'NONE',  #5857 ) ;
#3640 = FACE_OUTER_BOUND ( 'NONE', #5350, .T. ) ;
#3641 = DIRECTION ( 'NONE',  ( 0.000000000000000000, -1.000000000000000000, 0.000000000000000000 ) ) ;
#3642 = CARTESIAN_POINT ( 'NONE',  ( 0.8147561280887380963, -0.7877399114174391537, -0.007874015748031495954 ) ) ;
#3643 = ADVANCED_FACE ( 'NONE', ( #1638 ), #5933, .T. ) ;
#3644 = AXIS2_PLACEMENT_3D ( 'NONE', #3165, #1102, #995 ) ;
#3645 = VERTEX_POINT ( 'NONE', #5834 ) ;
#3646 = CARTESIAN_POINT ( 'NONE',  ( 0.9781977936351987646, -0.5849840059054763897, -0.06003937007874016185 ) ) ;
#3647 = ORIENTED_EDGE ( 'NONE', *, *, #3558, .F. ) ;
#3648 = LINE ( 'NONE', #4140, #3431 ) ;
#3649 = AXIS2_PLACEMENT_3D ( 'NONE', #3795, #135, #5403 ) ;
#3650 = PLANE ( 'NONE',  #6328 ) ;
#3651 = CARTESIAN_POINT ( 'NONE',  ( 0.6994820166832317332, -0.4481968748110310430, 0.06102362204727220657 ) ) ;
#3652 = EDGE_LOOP ( 'NONE', ( #4625, #903, #5894, #1314, #991, #3167, #5973, #5813, #2642, #6486 ) ) ;
#3653 = VECTOR ( 'NONE', #6624, 39.37007874015748143 ) ;
#3654 = ORIENTED_EDGE ( 'NONE', *, *, #3140, .T. ) ;
#3655 = DIRECTION ( 'NONE',  ( 0.000000000000000000, 0.000000000000000000, -1.000000000000000000 ) ) ;
#3656 = CARTESIAN_POINT ( 'NONE',  ( 0.6730238446241337824, -0.6696296751970117755, -0.08070866141732284393 ) ) ;
#3657 = CARTESIAN_POINT ( 'NONE',  ( 0.7754418881233877681, -0.5534879429133489070, 0.01968503937007873988 ) ) ;
#3658 = CARTESIAN_POINT ( 'NONE',  ( 0.9289851952100020016, -0.4904958169290952741, -0.03051181102362205202 ) ) ;
#3659 = AXIS2_PLACEMENT_3D ( 'NONE', #1738, #5427, #5038 ) ;
#3660 = ORIENTED_EDGE ( 'NONE', *, *, #3105, .T. ) ;
#3661 = EDGE_CURVE ( 'NONE', #3463, #4667, #4246, .T. ) ;
#3662 = ORIENTED_EDGE ( 'NONE', *, *, #5839, .T. ) ;
#3663 = EDGE_CURVE ( 'NONE', #4908, #6515, #3286, .T. ) ;
#3664 = VECTOR ( 'NONE', #3417, 39.37007874015748143 ) ;
#3665 = ORIENTED_EDGE ( 'NONE', *, *, #4773, .T. ) ;
#3666 = DIRECTION ( 'NONE',  ( -1.110223024625156036E-13, 1.000000000000000000, 0.000000000000000000 ) ) ;
#3667 = CARTESIAN_POINT ( 'NONE',  ( 0.7871970729704389491, -1.063330462598543358, 0.06299212598425196763 ) ) ;
#3668 = ORIENTED_EDGE ( 'NONE', *, *, #5879, .T. ) ;
#3669 = LINE ( 'NONE', #4748, #5239 ) ;
#3670 = CARTESIAN_POINT ( 'NONE',  ( 1.112111900126696806, -0.5908895177166949564, 0.08070866141732284393 ) ) ;
#3671 = FACE_OUTER_BOUND ( 'NONE', #6734, .T. ) ;
#3672 = EDGE_LOOP ( 'NONE', ( #381, #5208, #6395, #3481 ) ) ;
#3673 = EDGE_CURVE ( 'NONE', #3898, #5327, #6468, .T. ) ;
#3674 = AXIS2_PLACEMENT_3D ( 'NONE', #6222, #309, #5152 ) ;
#3675 = EDGE_CURVE ( 'NONE', #2902, #4252, #4277, .T. ) ;
#3676 = LINE ( 'NONE', #5827, #3615 ) ;
#3677 = CARTESIAN_POINT ( 'NONE',  ( 0.9407962188320474484, -0.4491572342519299932, -0.06003937007874016185 ) ) ;
#3678 = AXIS2_PLACEMENT_3D ( 'NONE', #970, #3110, #3743 ) ;
#3679 = DIRECTION ( 'NONE',  ( -1.000000000000000000, 0.000000000000000000, 0.000000000000000000 ) ) ;
#3680 = CARTESIAN_POINT ( 'NONE',  ( 0.9407962188320474484, -0.5849840059054763897, -0.04429133858267716994 ) ) ;
#3681 = DIRECTION ( 'NONE',  ( 1.000000000000000000, 0.000000000000000000, 0.000000000000000000 ) ) ;
#3682 = ORIENTED_EDGE ( 'NONE', *, *, #4476, .F. ) ;
#3683 = AXIS2_PLACEMENT_3D ( 'NONE', #5351, #5491, #5382 ) ;
#3684 = EDGE_CURVE ( 'NONE', #257, #4427, #6434, .T. ) ;
#3685 = DIRECTION ( 'NONE',  ( 0.000000000000000000, 0.000000000000000000, -1.000000000000000000 ) ) ;
#3686 = VERTEX_POINT ( 'NONE', #5258 ) ;
#3687 = DIRECTION ( 'NONE',  ( 0.000000000000000000, -1.000000000000000000, 0.000000000000000000 ) ) ;
#3688 = DIRECTION ( 'NONE',  ( 0.000000000000000000, 0.000000000000000000, -1.000000000000000000 ) ) ;
#3689 = LINE ( 'NONE', #6939, #4111 ) ;
#3690 = EDGE_CURVE ( 'NONE', #1993, #6713, #5539, .T. ) ;
#3691 = EDGE_LOOP ( 'NONE', ( #4777, #5345, #5101, #6523 ) ) ;
#3692 = ORIENTED_EDGE ( 'NONE', *, *, #4353, .T. ) ;
#3693 = EDGE_CURVE ( 'NONE', #1499, #5036, #2584, .T. ) ;
#3694 = CARTESIAN_POINT ( 'NONE',  ( 1.107607900217634000, -0.4594564280026795511, 0.06496062992125983815 ) ) ;
#3695 = LINE ( 'NONE', #1019, #2736 ) ;
#3696 = LINE ( 'NONE', #5164, #5325 ) ;
#3697 = LINE ( 'NONE', #6518, #140 ) ;
#3698 = ORIENTED_EDGE ( 'NONE', *, *, #1686, .F. ) ;
#3699 = ORIENTED_EDGE ( 'NONE', *, *, #5752, .F. ) ;
#3700 = ORIENTED_EDGE ( 'NONE', *, *, #6083, .T. ) ;
#3701 = DIRECTION ( 'NONE',  ( 1.000000000000000000, 0.000000000000000000, 0.000000000000000000 ) ) ;
#3702 = CARTESIAN_POINT ( 'NONE',  ( 0.6992043068859487009, -0.4491572342520874228, -0.08070866141732284393 ) ) ;
#3703 = ORIENTED_EDGE ( 'NONE', *, *, #3716, .T. ) ;
#3704 = CARTESIAN_POINT ( 'NONE',  ( 0.6992043068859487009, -0.4491572342521267802, -0.07086614173228347746 ) ) ;
#3705 = LINE ( 'NONE', #1031, #2429 ) ;
#3706 = DIRECTION ( 'NONE',  ( 0.000000000000000000, 1.000000000000000000, 0.000000000000000000 ) ) ;
#3707 = ORIENTED_EDGE ( 'NONE', *, *, #2672, .T. ) ;
#3708 = ORIENTED_EDGE ( 'NONE', *, *, #2555, .T. ) ;
#3709 = DIRECTION ( 'NONE',  ( -1.000000000000000000, 5.286776307738859121E-14, 0.000000000000000000 ) ) ;
#3710 = CARTESIAN_POINT ( 'NONE',  ( 1.129828435559769861, -0.6696296751970117755, 0.08070866141732284393 ) ) ;
#3711 = DIRECTION ( 'NONE',  ( 0.000000000000000000, 0.000000000000000000, -1.000000000000000000 ) ) ;
#3712 = DIRECTION ( 'NONE',  ( 0.000000000000000000, 0.000000000000000000, -1.000000000000000000 ) ) ;
#3713 = FACE_OUTER_BOUND ( 'NONE', #2281, .T. ) ;
#3714 = ADVANCED_FACE ( 'NONE', ( #5394 ), #5326, .F. ) ;
#3715 = VECTOR ( 'NONE', #6967, 39.37007874015748143 ) ;
#3716 = EDGE_CURVE ( 'NONE', #2500, #3114, #3717, .T. ) ;
#3717 = LINE ( 'NONE', #2687, #2056 ) ;
#3718 = ORIENTED_EDGE ( 'NONE', *, *, #5262, .F. ) ;
#3719 = DIRECTION ( 'NONE',  ( 1.000000000000000000, 0.000000000000000000, 0.000000000000000000 ) ) ;
#3720 = LINE ( 'NONE', #3183, #3144 ) ;
#3721 = EDGE_CURVE ( 'NONE', #4420, #6661, #2721, .T. ) ;
#3722 = CARTESIAN_POINT ( 'NONE',  ( 1.011606521789521596, -0.7877399114174391537, -0.007874015748031495954 ) ) ;
#3723 = ORIENTED_EDGE ( 'NONE', *, *, #3050, .F. ) ;
#3724 = ORIENTED_EDGE ( 'NONE', *, *, #3961, .T. ) ;
#3725 = FACE_OUTER_BOUND ( 'NONE', #3809, .T. ) ;
#3726 = CARTESIAN_POINT ( 'NONE',  ( 0.6887718761201948592, -0.6696296751970117755, 0.08070866141732284393 ) ) ;
#3727 = CARTESIAN_POINT ( 'NONE',  ( 0.6730238446241337824, -0.4686522447816141579, 0.06102362204724410405 ) ) ;
#3728 = CARTESIAN_POINT ( 'NONE',  ( 0.9939458251312244252, -0.4334092027560654259, -0.04527559055118110520 ) ) ;
#3729 = AXIS2_PLACEMENT_3D ( 'NONE', #3234, #1588, #3803 ) ;
#3730 = ORIENTED_EDGE ( 'NONE', *, *, #4582, .F. ) ;
#3731 = VERTEX_POINT ( 'NONE', #3646 ) ;
#3732 = EDGE_LOOP ( 'NONE', ( #4639, #922, #3006, #27 ) ) ;
#3733 = LINE ( 'NONE', #6955, #6439 ) ;
#3734 = CARTESIAN_POINT ( 'NONE',  ( 0.7037582087355590543, -0.4334092027560654259, -0.06102362204724410405 ) ) ;
#3735 = VECTOR ( 'NONE', #1125, 39.37007874015748143 ) ;
#3736 = EDGE_LOOP ( 'NONE', ( #5421, #4207, #2380, #6232 ) ) ;
#3737 = AXIS2_PLACEMENT_3D ( 'NONE', #5596, #1791, #6591 ) ;
#3738 = DIRECTION ( 'NONE',  ( -1.000000000000000000, 0.000000000000000000, 0.000000000000000000 ) ) ;
#3739 = CARTESIAN_POINT ( 'NONE',  ( 1.113968726513744123, -0.6302595964568091791, 0.07874015748031495954 ) ) ;
#3740 = ORIENTED_EDGE ( 'NONE', *, *, #6276, .T. ) ;
#3741 = VECTOR ( 'NONE', #6729, 39.37007874015748143 ) ;
#3742 = ORIENTED_EDGE ( 'NONE', *, *, #5388, .T. ) ;
#3743 = DIRECTION ( 'NONE',  ( 0.000000000000000000, -1.000000000000000000, 0.000000000000000000 ) ) ;
#3744 = CARTESIAN_POINT ( 'NONE',  ( 0.8647135416666634766, -0.5495509350395306747, -0.08070866141732284393 ) ) ;
#3745 = DIRECTION ( 'NONE',  ( -0.000000000000000000, 1.000000000000000000, 0.000000000000000000 ) ) ;
#3746 = ADVANCED_FACE ( 'NONE', ( #4206 ), #978, .T. ) ;
#3747 = EDGE_CURVE ( 'NONE', #224, #718, #6505, .T. ) ;
#3748 = CARTESIAN_POINT ( 'NONE',  ( 0.7636308645013326624, -0.5849840059054763897, -0.04429133858267716994 ) ) ;
#3749 = VERTEX_POINT ( 'NONE', #1742 ) ;
#3750 = DIRECTION ( 'NONE',  ( -1.000000000000000000, 0.000000000000000000, 0.000000000000000000 ) ) ;
#3751 = CARTESIAN_POINT ( 'NONE',  ( 1.112111900126696806, -0.4686522447816929282, 0.08070866141733053223 ) ) ;
#3752 = CARTESIAN_POINT ( 'NONE',  ( 0.6892773412092206842, -0.4477363804424715488, 0.06102362204724410405 ) ) ;
#3753 = VECTOR ( 'NONE', #4228, 39.37007874015748143 ) ;
#3754 = ORIENTED_EDGE ( 'NONE', *, *, #339, .F. ) ;
#3755 = EDGE_CURVE ( 'NONE', #4401, #37, #2859, .T. ) ;
#3756 = VECTOR ( 'NONE', #6094, 39.37007874015748143 ) ;
#3757 = ORIENTED_EDGE ( 'NONE', *, *, #150, .F. ) ;
#3758 = DIRECTION ( 'NONE',  ( 1.000000000000000000, 0.000000000000000000, 0.000000000000000000 ) ) ;
#3759 = CARTESIAN_POINT ( 'NONE',  ( 1.112111900126696806, -0.5908895177166949564, -0.06496062992125983815 ) ) ;
#3760 = LINE ( 'NONE', #5912, #2192 ) ;
#3761 = LINE ( 'NONE', #2215, #1483 ) ;
#3762 = VECTOR ( 'NONE', #2342, 39.37007874015748143 ) ;
#3763 = ORIENTED_EDGE ( 'NONE', *, *, #3033, .F. ) ;
#3764 = ORIENTED_EDGE ( 'NONE', *, *, #6301, .T. ) ;
#3765 = VERTEX_POINT ( 'NONE', #5967 ) ;
#3766 = EDGE_CURVE ( 'NONE', #1870, #3087, #763, .T. ) ;
#3767 = CARTESIAN_POINT ( 'NONE',  ( 0.7034258868868761283, -0.4345584183326400840, -0.07086614173227666347 ) ) ;
#3768 = CARTESIAN_POINT ( 'NONE',  ( 0.6887718761201948592, -0.4491572342521267802, 0.06102362204724410405 ) ) ;
#3769 = CIRCLE ( 'NONE', #5685, 0.007874015748039371598 ) ;
#3770 = ORIENTED_EDGE ( 'NONE', *, *, #2170, .F. ) ;
#3771 = LINE ( 'NONE', #3635, #4892 ) ;
#3772 = PLANE ( 'NONE',  #2654 ) ;
#3773 = ORIENTED_EDGE ( 'NONE', *, *, #1707, .T. ) ;
#3774 = VECTOR ( 'NONE', #1726, 39.37007874015748143 ) ;
#3775 = ADVANCED_FACE ( 'NONE', ( #2823 ), #726, .T. ) ;
#3776 = VECTOR ( 'NONE', #3821, 39.37007874015748143 ) ;
#3777 = VERTEX_POINT ( 'NONE', #3953 ) ;
#3778 = CARTESIAN_POINT ( 'NONE',  ( 0.7006317184227559558, -0.4442210448957070734, 0.06496062992125983815 ) ) ;
#3779 = DIRECTION ( 'NONE',  ( -4.484179973377040810E-13, 1.000000000000000000, 0.000000000000000000 ) ) ;
#3780 = DIRECTION ( 'NONE',  ( 4.111937128241349667E-14, 1.000000000000000000, 0.000000000000000000 ) ) ;
#3781 = VECTOR ( 'NONE', #3360, 39.37007874015748143 ) ;
#3782 = VECTOR ( 'NONE', #1557, 39.37007874015748143 ) ;
#3783 = DIRECTION ( 'NONE',  ( 0.000000000000000000, 0.000000000000000000, -1.000000000000000000 ) ) ;
#3784 = ORIENTED_EDGE ( 'NONE', *, *, #2886, .F. ) ;
#3785 = LINE ( 'NONE', #2267, #1979 ) ;
#3786 = LINE ( 'NONE', #2689, #4101 ) ;
#3787 = DIRECTION ( 'NONE',  ( 0.000000000000000000, -1.000000000000000000, 0.000000000000000000 ) ) ;
#3788 = CARTESIAN_POINT ( 'NONE',  ( 0.9395166912729547848, -0.5495509350395306747, -0.08070866141732284393 ) ) ;
#3789 = EDGE_CURVE ( 'NONE', #5023, #3686, #6114, .T. ) ;
#3790 = EDGE_CURVE ( 'NONE', #4751, #4075, #201, .T. ) ;
#3791 = AXIS2_PLACEMENT_3D ( 'NONE', #5854, #893, #504 ) ;
#3792 = VERTEX_POINT ( 'NONE', #1246 ) ;
#3793 = ORIENTED_EDGE ( 'NONE', *, *, #6466, .F. ) ;
#3794 = DIRECTION ( 'NONE',  ( 0.000000000000000000, 1.000000000000000000, 0.000000000000000000 ) ) ;
#3795 = CARTESIAN_POINT ( 'NONE',  ( 0.7525088172572126366, -0.6420706200788995899, -0.06496062992125983815 ) ) ;
#3796 = LINE ( 'NONE', #4324, #4319 ) ;
#3797 = LINE ( 'NONE', #1093, #2041 ) ;
#3798 = EDGE_CURVE ( 'NONE', #3303, #6905, #6076, .T. ) ;
#3799 = ADVANCED_FACE ( 'NONE', ( #4413, #6042 ), #5540, .F. ) ;
#3800 = EDGE_LOOP ( 'NONE', ( #431, #4037, #3401, #757 ) ) ;
#3801 = ORIENTED_EDGE ( 'NONE', *, *, #4276, .F. ) ;
#3802 = ORIENTED_EDGE ( 'NONE', *, *, #4173, .T. ) ;
#3803 = DIRECTION ( 'NONE',  ( 0.000000000000000000, 0.000000000000000000, 1.000000000000000000 ) ) ;
#3804 = CARTESIAN_POINT ( 'NONE',  ( 0.6953288815396890810, -0.4491572342521267802, 0.06496062992125983815 ) ) ;
#3805 = VERTEX_POINT ( 'NONE', #6613 ) ;
#3806 = LINE ( 'NONE', #4333, #5120 ) ;
#3807 = LINE ( 'NONE', #715, #862 ) ;
#3808 = ADVANCED_FACE ( 'NONE', ( #6539 ), #5471, .T. ) ;
#3809 = EDGE_LOOP ( 'NONE', ( #2208, #2329, #909, #6765 ) ) ;
#3810 = ORIENTED_EDGE ( 'NONE', *, *, #158, .F. ) ;
#3811 = ORIENTED_EDGE ( 'NONE', *, *, #6911, .T. ) ;
#3812 = PLANE ( 'NONE',  #6041 ) ;
#3813 = DIRECTION ( 'NONE',  ( 0.000000000000000000, -1.000000000000000000, 0.000000000000000000 ) ) ;
#3814 = DIRECTION ( 'NONE',  ( -1.000000000000000000, 4.111937128241349667E-14, 0.000000000000000000 ) ) ;
#3815 = ADVANCED_FACE ( 'NONE', ( #5007, #6573 ), #3854, .F. ) ;
#3816 = DIRECTION ( 'NONE',  ( 0.000000000000000000, -1.000000000000000000, 0.000000000000000000 ) ) ;
#3817 = ORIENTED_EDGE ( 'NONE', *, *, #1433, .F. ) ;
#3818 = CARTESIAN_POINT ( 'NONE',  ( 0.9781977936351987646, -0.5731729822834260579, 0.06003937007874016185 ) ) ;
#3819 = DIRECTION ( 'NONE',  ( 0.000000000000000000, 0.000000000000000000, -1.000000000000000000 ) ) ;
#3820 = CARTESIAN_POINT ( 'NONE',  ( 1.059595431430434997, -0.5908895177166949564, 0.06496062992125983815 ) ) ;
#3821 = DIRECTION ( 'NONE',  ( 4.111937128241349667E-14, 1.000000000000000000, 0.000000000000000000 ) ) ;
#3822 = ORIENTED_EDGE ( 'NONE', *, *, #6609, .F. ) ;
#3823 = ORIENTED_EDGE ( 'NONE', *, *, #1225, .F. ) ;
#3824 = LINE ( 'NONE', #1055, #2388 ) ;
#3825 = DIRECTION ( 'NONE',  ( 1.000000000000000000, 0.000000000000000000, 0.000000000000000000 ) ) ;
#3826 = CARTESIAN_POINT ( 'NONE',  ( 0.7034258868869062153, -0.4345584183326440808, 0.07086614173228389379 ) ) ;
#3827 = CARTESIAN_POINT ( 'NONE',  ( 1.043102584781460562, -0.5357714074804725835, 0.007874015748031495954 ) ) ;
#3828 = ORIENTED_EDGE ( 'NONE', *, *, #4988, .F. ) ;
#3829 = ORIENTED_EDGE ( 'NONE', *, *, #1197, .F. ) ;
#3830 = ORIENTED_EDGE ( 'NONE', *, *, #6739, .F. ) ;
#3831 = ADVANCED_FACE ( 'NONE', ( #2340 ), #5431, .F. ) ;
#3832 = EDGE_CURVE ( 'NONE', #4110, #1668, #1810, .T. ) ;
#3833 = CARTESIAN_POINT ( 'NONE',  ( 0.8410914944225630352, -0.5495509350395306747, 0.08070866141732284393 ) ) ;
#3834 = EDGE_CURVE ( 'NONE', #4525, #6366, #2897, .T. ) ;
#3835 = CARTESIAN_POINT ( 'NONE',  ( 1.028099368438311068, -0.6499446358269291846, 0.06496062992125983815 ) ) ;
#3836 = CARTESIAN_POINT ( 'NONE',  ( 1.020225352690281584, -0.5908895177166575419, 0.08070866141732284393 ) ) ;
#3837 = LINE ( 'NONE', #1493, #3070 ) ;
#3838 = VERTEX_POINT ( 'NONE', #5042 ) ;
#3839 = CARTESIAN_POINT ( 'NONE',  ( 0.7017090529716969449, -0.4334092027560654259, -0.06496062992125983815 ) ) ;
#3840 = CARTESIAN_POINT ( 'NONE',  ( 0.8895592776948445524, -0.6302595964568091791, -0.007874015748031495954 ) ) ;
#3841 = ORIENTED_EDGE ( 'NONE', *, *, #5824, .F. ) ;
#3842 = VERTEX_POINT ( 'NONE', #2202 ) ;
#3843 = EDGE_CURVE ( 'NONE', #3094, #6906, #4376, .T. ) ;
#3844 = VECTOR ( 'NONE', #1755, 39.37007874015748143 ) ;
#3845 = VECTOR ( 'NONE', #2852, 39.37007874015748143 ) ;
#3846 = ORIENTED_EDGE ( 'NONE', *, *, #881, .T. ) ;
#3847 = CARTESIAN_POINT ( 'NONE',  ( 1.059595431430434997, -0.5908895177166949564, -0.08070866141732284393 ) ) ;
#3848 = CARTESIAN_POINT ( 'NONE',  ( 1.114080404063698904, -0.4491572342520874228, -0.06102362204724410405 ) ) ;
#3849 = DIRECTION ( 'NONE',  ( -1.000000000000000000, -6.232831015439430319E-13, 0.000000000000000000 ) ) ;
#3850 = VECTOR ( 'NONE', #485, 39.37007874015748143 ) ;
#3851 = VECTOR ( 'NONE', #4875, 39.37007874015748143 ) ;
#3852 = EDGE_CURVE ( 'NONE', #1440, #3261, #2164, .T. ) ;
#3853 = VECTOR ( 'NONE', #4902, 39.37007874015748143 ) ;
#3854 = PLANE ( 'NONE',  #5656 ) ;
#3855 = LINE ( 'NONE', #5396, #4117 ) ;
#3856 = CARTESIAN_POINT ( 'NONE',  ( 0.8647135416666634766, -0.4904958169292921721, 0.06496062992125983815 ) ) ;
#3857 =( NAMED_UNIT ( * ) PLANE_ANGLE_UNIT ( ) SI_UNIT ( $, .RADIAN. ) );
#3858 = CARTESIAN_POINT ( 'NONE',  ( 0.9395166912729547848, -0.5495509350395306747, 0.06496062992125983815 ) ) ;
#3859 = ORIENTED_EDGE ( 'NONE', *, *, #2708, .T. ) ;
#3860 = ORIENTED_EDGE ( 'NONE', *, *, #4687, .T. ) ;
#3861 = PLANE ( 'NONE',  #6560 ) ;
#3862 = ORIENTED_EDGE ( 'NONE', *, *, #3716, .F. ) ;
#3863 = CARTESIAN_POINT ( 'NONE',  ( 0.6981329345725629798, -0.4528621900221267982, -0.06496062992125983815 ) ) ;
#3864 = DIRECTION ( 'NONE',  ( 0.000000000000000000, 0.000000000000000000, -1.000000000000000000 ) ) ;
#3865 = FACE_OUTER_BOUND ( 'NONE', #2075, .T. ) ;
#3866 = ORIENTED_EDGE ( 'NONE', *, *, #3790, .F. ) ;
#3867 = CIRCLE ( 'NONE', #5786, 0.01181102362204594289 ) ;
#3868 = ORIENTED_EDGE ( 'NONE', *, *, #6060, .T. ) ;
#3869 = DIRECTION ( 'NONE',  ( 0.000000000000000000, -1.000000000000000000, 0.000000000000000000 ) ) ;
#3870 = DIRECTION ( 'NONE',  ( 0.000000000000000000, 0.000000000000000000, -1.000000000000000000 ) ) ;
#3871 = DIRECTION ( 'NONE',  ( 0.000000000000000000, 0.000000000000000000, -1.000000000000000000 ) ) ;
#3872 = CARTESIAN_POINT ( 'NONE',  ( 0.7525088172572126366, -0.6499446358269291846, 0.08070866141732284393 ) ) ;
#3873 = DIRECTION ( 'NONE',  ( 0.000000000000000000, -1.000000000000000000, 0.000000000000000000 ) ) ;
#3874 = PLANE ( 'NONE',  #6717 ) ;
#3875 = AXIS2_PLACEMENT_3D ( 'NONE', #4078, #4217, #4115 ) ;
#3876 = CYLINDRICAL_SURFACE ( 'NONE', #639, 0.01574803149606299538 ) ;
#3877 = EDGE_CURVE ( 'NONE', #320, #15, #6659, .T. ) ;
#3878 = ORIENTED_EDGE ( 'NONE', *, *, #3274, .F. ) ;
#3879 = EDGE_CURVE ( 'NONE', #224, #1917, #897, .T. ) ;
#3880 = EDGE_LOOP ( 'NONE', ( #6936, #1108, #6302, #3868 ) ) ;
#3881 = VECTOR ( 'NONE', #2306, 39.37007874015748143 ) ;
#3882 = ORIENTED_EDGE ( 'NONE', *, *, #1476, .F. ) ;
#3883 = CARTESIAN_POINT ( 'NONE',  ( 0.6887718761201948592, -0.4686522447816141579, -0.07677165354330708902 ) ) ;
#3884 = CARTESIAN_POINT ( 'NONE',  ( 0.7840048802493366775, -0.6420706200788995899, 0.06496062992125983815 ) ) ;
#3885 = CARTESIAN_POINT ( 'NONE',  ( 0.8089064550524862618, -0.4491572342518473371, 0.04527559055118110520 ) ) ;
#3886 = AXIS2_PLACEMENT_3D ( 'NONE', #1428, #1948, #5181 ) ;
#3887 = EDGE_CURVE ( 'NONE', #1157, #1585, #2506, .T. ) ;
#3888 = STYLED_ITEM ( 'NONE', ( #84 ), #2344 ) ;
#3889 = CARTESIAN_POINT ( 'NONE',  ( 0.6691985142999252734, -0.6696296751970117755, 0.08070866141732284393 ) ) ;
#3890 = VECTOR ( 'NONE', #3103, 39.37007874015748143 ) ;
#3891 = CARTESIAN_POINT ( 'NONE',  ( 0.8423151832068446199, -0.5908895177166516577, 0.007874015748031495954 ) ) ;
#3892 = PLANE ( 'NONE',  #1631 ) ;
#3893 = SURFACE_SIDE_STYLE ('',( #1288 ) ) ;
#3894 = CARTESIAN_POINT ( 'NONE',  ( 1.028099368438311068, -0.6499446358269291846, -0.08070866141732284393 ) ) ;
#3895 = EDGE_CURVE ( 'NONE', #3196, #4102, #1946, .T. ) ;
#3896 = ORIENTED_EDGE ( 'NONE', *, *, #5202, .F. ) ;
#3897 = VECTOR ( 'NONE', #1247, 39.37007874015748143 ) ;
#3898 = VERTEX_POINT ( 'NONE', #5111 ) ;
#3899 = FACE_OUTER_BOUND ( 'NONE', #3545, .T. ) ;
#3900 = ORIENTED_EDGE ( 'NONE', *, *, #1584, .F. ) ;
#3901 = DIRECTION ( 'NONE',  ( -0.000000000000000000, 1.000000000000000000, 0.000000000000000000 ) ) ;
#3902 = CARTESIAN_POINT ( 'NONE',  ( 1.109500831728858383, -0.4339658992214173172, 0.06102362204724410405 ) ) ;
#3903 = CARTESIAN_POINT ( 'NONE',  ( 1.112111900126696806, -0.4686522447816929282, -0.06496062992125983815 ) ) ;
#3904 = VECTOR ( 'NONE', #6400, 39.37007874015748143 ) ;
#3905 = EDGE_CURVE ( 'NONE', #2013, #5918, #4057, .T. ) ;
#3906 = ORIENTED_EDGE ( 'NONE', *, *, #4282, .F. ) ;
#3907 = ORIENTED_EDGE ( 'NONE', *, *, #1330, .T. ) ;
#3908 = LINE ( 'NONE', #675, #1604 ) ;
#3909 = FACE_OUTER_BOUND ( 'NONE', #4709, .T. ) ;
#3910 = CARTESIAN_POINT ( 'NONE',  ( 0.7636308645013326624, -0.5298658956692529065, 0.04429133858267716994 ) ) ;
#3911 = LINE ( 'NONE', #6062, #3957 ) ;
#3912 = CARTESIAN_POINT ( 'NONE',  ( 0.5963080298556693304, -33.39667614831810738, 0.01968503937007873988 ) ) ;
#3913 = FACE_OUTER_BOUND ( 'NONE', #3532, .T. ) ;
#3914 = ORIENTED_EDGE ( 'NONE', *, *, #4945, .T. ) ;
#3915 = EDGE_LOOP ( 'NONE', ( #2839, #6819, #5169, #2904 ) ) ;
#3916 = DIRECTION ( 'NONE',  ( 1.000000000000000000, 0.000000000000000000, 0.000000000000000000 ) ) ;
#3917 = VERTEX_POINT ( 'NONE', #1425 ) ;
#3918 = DIRECTION ( 'NONE',  ( 1.000000000000000000, 0.000000000000000000, 0.000000000000000000 ) ) ;
#3919 = PLANE ( 'NONE',  #5453 ) ;
#3920 = DIRECTION ( 'NONE',  ( -1.000000000000000000, 0.000000000000000000, 0.000000000000000000 ) ) ;
#3921 = EDGE_CURVE ( 'NONE', #483, #1910, #6217, .T. ) ;
#3922 = EDGE_CURVE ( 'NONE', #5237, #6881, #4270, .T. ) ;
#3923 = DIRECTION ( 'NONE',  ( -1.000000000000000000, 0.000000000000000000, 0.000000000000000000 ) ) ;
#3924 = LINE ( 'NONE', #3891, #6721 ) ;
#3925 = CARTESIAN_POINT ( 'NONE',  ( 0.9407962188320474484, -0.5101808562992157237, -0.04429133858267716994 ) ) ;
#3926 = DIRECTION ( 'NONE',  ( 0.000000000000000000, 0.000000000000000000, 1.000000000000000000 ) ) ;
#3927 = ORIENTED_EDGE ( 'NONE', *, *, #599, .F. ) ;
#3928 = AXIS2_PLACEMENT_3D ( 'NONE', #867, #3004, #6891 ) ;
#3929 = ORIENTED_EDGE ( 'NONE', *, *, #5343, .F. ) ;
#3930 = EDGE_CURVE ( 'NONE', #2150, #3315, #2446, .T. ) ;
#3931 = CARTESIAN_POINT ( 'NONE',  ( 1.101143227212167730, -0.4334092027560646487, 0.06496062992129637836 ) ) ;
#3932 = CARTESIAN_POINT ( 'NONE',  ( 0.7871970729706301295, -0.7877399114174391537, -0.07874015748031495954 ) ) ;
#3933 = CARTESIAN_POINT ( 'NONE',  ( 0.6730238446241337824, -0.4686522447816141579, 0.08070866141732284393 ) ) ;
#3934 = LINE ( 'NONE', #4491, #5070 ) ;
#3935 = EDGE_LOOP ( 'NONE', ( #5050, #3773, #5221, #6521 ) ) ;
#3936 = ORIENTED_EDGE ( 'NONE', *, *, #6609, .T. ) ;
#3937 = PLANE ( 'NONE',  #3737 ) ;
#3938 = CARTESIAN_POINT ( 'NONE',  ( 0.6887718761201948592, -0.4491572342521267802, 0.06102362204724410405 ) ) ;
#3939 = CARTESIAN_POINT ( 'NONE',  ( 1.020225352690281584, -0.6420706200788995899, 0.08070866141732284393 ) ) ;
#3940 = LINE ( 'NONE', #1235, #705 ) ;
#3941 = EDGE_CURVE ( 'NONE', #456, #262, #4024, .T. ) ;
#3942 = LINE ( 'NONE', #1797, #2201 ) ;
#3943 = DIRECTION ( 'NONE',  ( -1.000000000000000000, 0.000000000000000000, 0.000000000000000000 ) ) ;
#3944 = ORIENTED_EDGE ( 'NONE', *, *, #4608, .F. ) ;
#3945 = ORIENTED_EDGE ( 'NONE', *, *, #6903, .F. ) ;
#3946 = DIRECTION ( 'NONE',  ( 0.000000000000000000, 0.000000000000000000, -1.000000000000000000 ) ) ;
#3947 = ORIENTED_EDGE ( 'NONE', *, *, #99, .T. ) ;
#3948 = ORIENTED_EDGE ( 'NONE', *, *, #1096, .F. ) ;
#3949 = CARTESIAN_POINT ( 'NONE',  ( 0.7840048802493366775, -0.5908895177166575419, 0.06496062992125983815 ) ) ;
#3950 = CARTESIAN_POINT ( 'NONE',  ( 0.7911340808444526917, -0.6971887303151181881, -0.007874015748031495954 ) ) ;
#3951 = CARTESIAN_POINT ( 'NONE',  ( 0.6887718761202302753, -0.5908895177166516577, 0.07874015748031495954 ) ) ;
#3952 = VECTOR ( 'NONE', #608, 39.37007874015748143 ) ;
#3953 = CARTESIAN_POINT ( 'NONE',  ( 1.015543529663344602, -0.5908895177166516577, -0.07874015748031495954 ) ) ;
#3954 = LINE ( 'NONE', #829, #5698 ) ;
#3955 = FACE_OUTER_BOUND ( 'NONE', #5546, .T. ) ;
#3956 = PRESENTATION_STYLE_ASSIGNMENT (( #4906 ) ) ;
#3957 = VECTOR ( 'NONE', #1795, 39.37007874015748143 ) ;
#3958 = AXIS2_PLACEMENT_3D ( 'NONE', #2630, #3758, #3794 ) ;
#3959 = DIRECTION ( 'NONE',  ( -7.569702440625950512E-14, 1.000000000000000000, 0.000000000000000000 ) ) ;
#3960 = ADVANCED_FACE ( 'NONE', ( #795 ), #5074, .T. ) ;
#3961 = EDGE_CURVE ( 'NONE', #2224, #178, #863, .T. ) ;
#3962 = EDGE_LOOP ( 'NONE', ( #5477, #3647, #3122, #2735 ) ) ;
#3963 = EDGE_CURVE ( 'NONE', #1224, #1556, #5718, .T. ) ;
#3964 = VECTOR ( 'NONE', #418, 39.37007874015748143 ) ;
#3965 = ORIENTED_EDGE ( 'NONE', *, *, #4048, .F. ) ;
#3966 = LINE ( 'NONE', #1852, #1825 ) ;
#3967 = EDGE_LOOP ( 'NONE', ( #5753, #4354, #892, #4676 ) ) ;
#3968 = LINE ( 'NONE', #5591, #3425 ) ;
#3969 = CARTESIAN_POINT ( 'NONE',  ( 1.110387537729057295, -0.4370322529891377816, 0.06102362204724410405 ) ) ;
#3970 = FACE_OUTER_BOUND ( 'NONE', #5129, .T. ) ;
#3971 = EDGE_CURVE ( 'NONE', #178, #3749, #4073, .T. ) ;
#3972 = ORIENTED_EDGE ( 'NONE', *, *, #6139, .F. ) ;
#3973 = ORIENTED_EDGE ( 'NONE', *, *, #5228, .T. ) ;
#3974 = DIRECTION ( 'NONE',  ( 0.000000000000000000, 0.000000000000000000, -1.000000000000000000 ) ) ;
#3975 = CARTESIAN_POINT ( 'NONE',  ( 0.6730238446241337824, -0.4491572342520874228, 0.06102362204724410405 ) ) ;
#3976 = LINE ( 'NONE', #5598, #6807 ) ;
#3977 = LINE ( 'NONE', #712, #5740 ) ;
#3978 = CARTESIAN_POINT ( 'NONE',  ( 0.6991415400957933235, -0.4493742906187039310, 0.07086614173228347746 ) ) ;
#3979 = VERTEX_POINT ( 'NONE', #6151 ) ;
#3980 = EDGE_LOOP ( 'NONE', ( #2469, #1783, #6751, #3121 ) ) ;
#3981 = EDGE_CURVE ( 'NONE', #3553, #3506, #6786, .T. ) ;
#3982 = CARTESIAN_POINT ( 'NONE',  ( 0.7636308645013326624, -0.4491572342519299932, 0.04429133858267716994 ) ) ;
#3983 = ORIENTED_EDGE ( 'NONE', *, *, #5538, .T. ) ;
#3984 = VECTOR ( 'NONE', #3191, 39.37007874015748143 ) ;
#3985 = EDGE_LOOP ( 'NONE', ( #3412, #446, #2514, #6970 ) ) ;
#3986 = LINE ( 'NONE', #4052, #5022 ) ;
#3987 = DIRECTION ( 'NONE',  ( 0.000000000000000000, 0.000000000000000000, 1.000000000000000000 ) ) ;
#3988 = CARTESIAN_POINT ( 'NONE',  ( 0.8647135416666634766, -0.5495509350395306747, 0.08070866141732284393 ) ) ;
#3989 = EDGE_CURVE ( 'NONE', #787, #6620, #372, .T. ) ;
#3990 = CIRCLE ( 'NONE', #6705, 0.01574803149606125718 ) ;
#3991 = CARTESIAN_POINT ( 'NONE',  ( 1.113893752117246061, -0.4491572342520874228, -0.06102362204724410405 ) ) ;
#3992 = DIRECTION ( 'NONE',  ( 0.000000000000000000, 0.000000000000000000, -1.000000000000000000 ) ) ;
#3993 = DIRECTION ( 'NONE',  ( 0.000000000000000000, -1.000000000000000000, 0.000000000000000000 ) ) ;
#3994 = VECTOR ( 'NONE', #4860, 39.37007874015748143 ) ;
#3995 = CARTESIAN_POINT ( 'NONE',  ( 0.7446348015091733830, -0.6420706200788995899, -0.08070866141732284393 ) ) ;
#3996 = DIRECTION ( 'NONE',  ( 0.000000000000000000, 0.000000000000000000, 1.000000000000000000 ) ) ;
#3997 = VERTEX_POINT ( 'NONE', #6821 ) ;
#3998 = CIRCLE ( 'NONE', #3095, 0.01181102362204594289 ) ;
#3999 = VECTOR ( 'NONE', #4750, 39.37007874015748143 ) ;
#4000 = VERTEX_POINT ( 'NONE', #828 ) ;
#4001 = CARTESIAN_POINT ( 'NONE',  ( 0.9446773879310689237, -0.5357714074804330595, 0.007874015748031495954 ) ) ;
#4002 = ORIENTED_EDGE ( 'NONE', *, *, #5994, .F. ) ;
#4003 = CARTESIAN_POINT ( 'NONE',  ( 1.103370846990524123, -0.4481988926017482222, 0.06102362204718715655 ) ) ;
#4004 = PLANE ( 'NONE',  #3277 ) ;
#4005 = VECTOR ( 'NONE', #4058, 39.37007874015748143 ) ;
#4006 = ORIENTED_EDGE ( 'NONE', *, *, #878, .T. ) ;
#4007 = ORIENTED_EDGE ( 'NONE', *, *, #5040, .T. ) ;
#4008 = CARTESIAN_POINT ( 'NONE',  ( 1.100144623929647514, -0.4370421606263069081, -0.07700611701249730767 ) ) ;
#4009 = VECTOR ( 'NONE', #5864, 39.37007874015748143 ) ;
#4010 = DIRECTION ( 'NONE',  ( 0.000000000000000000, 0.000000000000000000, -1.000000000000000000 ) ) ;
#4011 = PLANE ( 'NONE',  #54 ) ;
#4012 = DIRECTION ( 'NONE',  ( 1.000000000000000000, 0.000000000000000000, 0.000000000000000000 ) ) ;
#4013 = EDGE_CURVE ( 'NONE', #3100, #1924, #1982, .T. ) ;
#4014 = EDGE_CURVE ( 'NONE', #2047, #404, #930, .T. ) ;
#4015 = VERTEX_POINT ( 'NONE', #3602 ) ;
#4016 = ORIENTED_EDGE ( 'NONE', *, *, #2200, .F. ) ;
#4017 = DIRECTION ( 'NONE',  ( 0.000000000000000000, 0.000000000000000000, -1.000000000000000000 ) ) ;
#4018 = LINE ( 'NONE', #3235, #5551 ) ;
#4019 = ADVANCED_FACE ( 'NONE', ( #1880 ), #2965, .F. ) ;
#4020 = ORIENTED_EDGE ( 'NONE', *, *, #2821, .T. ) ;
#4021 = LINE ( 'NONE', #2335, #422 ) ;
#4022 = DIRECTION ( 'NONE',  ( -1.000000000000000000, -1.110223024625156036E-13, 0.000000000000000000 ) ) ;
#4023 = DIRECTION ( 'NONE',  ( 0.000000000000000000, -1.000000000000000000, 0.000000000000000000 ) ) ;
#4024 = LINE ( 'NONE', #5682, #489 ) ;
#4025 = FACE_OUTER_BOUND ( 'NONE', #2363, .T. ) ;
#4026 = DIRECTION ( 'NONE',  ( 0.000000000000000000, 0.000000000000000000, 1.000000000000000000 ) ) ;
#4027 = CARTESIAN_POINT ( 'NONE',  ( 0.9152056676509450206, -0.5101808562992157237, 0.04429133858267716994 ) ) ;
#4028 = CYLINDRICAL_SURFACE ( 'NONE', #5580, 0.009842519685040252916 ) ;
#4029 = EDGE_CURVE ( 'NONE', #5633, #2772, #3837, .T. ) ;
#4030 = EDGE_LOOP ( 'NONE', ( #1484, #2219, #917, #6877 ) ) ;
#4031 = ORIENTED_EDGE ( 'NONE', *, *, #150, .T. ) ;
#4032 = DIRECTION ( 'NONE',  ( 0.000000000000000000, 0.000000000000000000, -1.000000000000000000 ) ) ;
#4033 = ORIENTED_EDGE ( 'NONE', *, *, #6292, .T. ) ;
#4034 = FACE_OUTER_BOUND ( 'NONE', #1536, .T. ) ;
#4035 = FILL_AREA_STYLE ('',( #1467 ) ) ;
#4036 = ORIENTED_EDGE ( 'NONE', *, *, #1357, .F. ) ;
#4037 = ORIENTED_EDGE ( 'NONE', *, *, #2005, .F. ) ;
#4038 = CARTESIAN_POINT ( 'NONE',  ( 0.6907403800572066155, -0.5908895177166575419, 0.08070866141732284393 ) ) ;
#4039 = LINE ( 'NONE', #354, #4088 ) ;
#4040 = DIRECTION ( 'NONE',  ( 1.000000000000000000, -8.110221191910629847E-14, 0.000000000000000000 ) ) ;
#4041 = CARTESIAN_POINT ( 'NONE',  ( 0.9152056676509450206, -0.5298658956692529065, 0.06003937007874016185 ) ) ;
#4042 = VECTOR ( 'NONE', #4097, 39.37007874015748143 ) ;
#4043 = CARTESIAN_POINT ( 'NONE',  ( 0.7036961524143791058, -0.4336238022212610677, 0.06102362204724377792 ) ) ;
#4044 = ORIENTED_EDGE ( 'NONE', *, *, #6666, .F. ) ;
#4045 = ADVANCED_FACE ( 'NONE', ( #6321 ), #3139, .T. ) ;
#4046 = ORIENTED_EDGE ( 'NONE', *, *, #1441, .T. ) ;
#4047 = EDGE_CURVE ( 'NONE', #708, #320, #5216, .T. ) ;
#4048 = EDGE_CURVE ( 'NONE', #2009, #6924, #513, .T. ) ;
#4049 = DIRECTION ( 'NONE',  ( 1.000000000000000000, 0.000000000000000000, 0.000000000000000000 ) ) ;
#4050 = VERTEX_POINT ( 'NONE', #441 ) ;
#4051 = ORIENTED_EDGE ( 'NONE', *, *, #5611, .T. ) ;
#4052 = CARTESIAN_POINT ( 'NONE',  ( 1.112111900126696806, -0.4686522447816535153, -0.08070866141732284393 ) ) ;
#4053 = PLANE ( 'NONE',  #6476 ) ;
#4054 = CARTESIAN_POINT ( 'NONE',  ( 0.9486702345800788194, -0.5731729822834260579, -0.03051181102362205202 ) ) ;
#4055 = ORIENTED_EDGE ( 'NONE', *, *, #1911, .T. ) ;
#4056 = ADVANCED_FACE ( 'NONE', ( #4238 ), #3639, .F. ) ;
#4057 = LINE ( 'NONE', #5754, #4412 ) ;
#4058 = DIRECTION ( 'NONE',  ( 2.523234146875315155E-14, -1.000000000000000000, 0.000000000000000000 ) ) ;
#4059 = CARTESIAN_POINT ( 'NONE',  ( 0.7596380178525137250, -0.5357714074804330595, -0.007874015748031495954 ) ) ;
#4060 = FACE_OUTER_BOUND ( 'NONE', #142, .T. ) ;
#4061 = LINE ( 'NONE', #5654, #2992 ) ;
#4062 = AXIS2_PLACEMENT_3D ( 'NONE', #818, #1241, #4017 ) ;
#4063 = ORIENTED_EDGE ( 'NONE', *, *, #6073, .F. ) ;
#4064 = ADVANCED_FACE ( 'NONE', ( #5987 ), #5791, .T. ) ;
#4065 = ORIENTED_EDGE ( 'NONE', *, *, #2804, .F. ) ;
#4066 = VECTOR ( 'NONE', #5054, 39.37007874015748143 ) ;
#4067 = VECTOR ( 'NONE', #1232, 39.37007874015748143 ) ;
#4068 = LINE ( 'NONE', #1400, #1721 ) ;
#4069 = ORIENTED_EDGE ( 'NONE', *, *, #4497, .F. ) ;
#4070 = CARTESIAN_POINT ( 'NONE',  ( 0.7892214156824370885, -0.5298658956692529065, 0.04429133858267716994 ) ) ;
#4071 = DIRECTION ( 'NONE',  ( -4.928191693115478900E-17, 2.026441439801215417E-30, 1.000000000000000000 ) ) ;
#4072 = EDGE_CURVE ( 'NONE', #3448, #368, #2575, .T. ) ;
#4073 = CIRCLE ( 'NONE', #935, 0.01574803149606125718 ) ;
#4074 = EDGE_LOOP ( 'NONE', ( #2038, #1766, #3288, #4151 ) ) ;
#4075 = VERTEX_POINT ( 'NONE', #3710 ) ;
#4076 = LINE ( 'NONE', #1509, #259 ) ;
#4077 = CARTESIAN_POINT ( 'NONE',  ( 0.8915836204068524617, -0.4491572342519299932, -0.03937007874015747977 ) ) ;
#4078 = CARTESIAN_POINT ( 'NONE',  ( -72.78106826860452827, -33.39667614831810738, -0.06003937007874016185 ) ) ;
#4079 = CARTESIAN_POINT ( 'NONE',  ( 1.059595431430434997, -0.5908895177166949564, 0.08070866141732284393 ) ) ;
#4080 = VECTOR ( 'NONE', #4513, 39.37007874015748143 ) ;
#4081 = EDGE_LOOP ( 'NONE', ( #1649, #3127, #3350, #3860, #4069, #1587, #2797, #5545, #1406 ) ) ;
#4082 = EDGE_LOOP ( 'NONE', ( #6261, #4502, #6177, #4192 ) ) ;
#4083 = CARTESIAN_POINT ( 'NONE',  ( 0.7438899863564528703, -0.5908895177166516577, 0.07874015748031495954 ) ) ;
#4084 = PLANE ( 'NONE',  #5430 ) ;
#4085 = EDGE_LOOP ( 'NONE', ( #3846, #1279, #4006, #2688, #2906, #6224, #3482, #3665, #2415, #3242, #741, #2116, #1128, #717, #6228, #567, #1731, #1522 ) ) ;
#4086 = DIRECTION ( 'NONE',  ( 0.000000000000000000, 1.000000000000000000, 0.000000000000000000 ) ) ;
#4087 = DIRECTION ( 'NONE',  ( -4.111937128241349667E-14, -1.000000000000000000, 0.000000000000000000 ) ) ;
#4088 = VECTOR ( 'NONE', #4114, 39.37007874015748143 ) ;
#4089 = CARTESIAN_POINT ( 'NONE',  ( 0.8128434629265374189, -33.39667614831810738, -0.03937007874015747977 ) ) ;
#4090 = EDGE_CURVE ( 'NONE', #2675, #497, #4381, .T. ) ;
#4091 = EDGE_CURVE ( 'NONE', #3369, #5887, #6801, .T. ) ;
#4092 = ORIENTED_EDGE ( 'NONE', *, *, #3340, .F. ) ;
#4093 = AXIS2_PLACEMENT_3D ( 'NONE', #2843, #2288, #6134 ) ;
#4094 = CARTESIAN_POINT ( 'NONE',  ( 1.103647973297753992, -0.4491572342520874228, -0.07086614173228347746 ) ) ;
#4095 = CARTESIAN_POINT ( 'NONE',  ( 0.9152056676509450206, -0.5298658956692529065, -0.06003937007874016185 ) ) ;
#4096 = CARTESIAN_POINT ( 'NONE',  ( 0.7438899863562618009, -1.063330462598543358, -0.06299212598425196763 ) ) ;
#4097 = DIRECTION ( 'NONE',  ( 0.000000000000000000, 1.000000000000000000, 0.000000000000000000 ) ) ;
#4098 = ADVANCED_FACE ( 'NONE', ( #475 ), #5862, .F. ) ;
#4099 = EDGE_CURVE ( 'NONE', #4597, #404, #6360, .T. ) ;
#4100 = DIRECTION ( 'NONE',  ( -1.000000000000000000, -1.110223024625156036E-13, 0.000000000000000000 ) ) ;
#4101 = VECTOR ( 'NONE', #5836, 39.37007874015748143 ) ;
#4102 = VERTEX_POINT ( 'NONE', #2127 ) ;
#4103 = VECTOR ( 'NONE', #2369, 39.37007874015748143 ) ;
#4104 = ORIENTED_EDGE ( 'NONE', *, *, #2070, .T. ) ;
#4105 = FACE_OUTER_BOUND ( 'NONE', #2748, .T. ) ;
#4106 = ORIENTED_EDGE ( 'NONE', *, *, #325, .F. ) ;
#4107 = CARTESIAN_POINT ( 'NONE',  ( 1.113769104668627996, -0.4485143975423229179, 0.06102362204724410405 ) ) ;
#4108 = CARTESIAN_POINT ( 'NONE',  ( 1.103647973297753992, -0.4491572342520874228, -0.06496062992125983815 ) ) ;
#4109 = EDGE_CURVE ( 'NONE', #5548, #2480, #1530, .T. ) ;
#4110 = VERTEX_POINT ( 'NONE', #647 ) ;
#4111 = VECTOR ( 'NONE', #6408, 39.37007874015748143 ) ;
#4112 = EDGE_LOOP ( 'NONE', ( #4063, #1613, #3581, #4946 ) ) ;
#4113 = LINE ( 'NONE', #6841, #5990 ) ;
#4114 = DIRECTION ( 'NONE',  ( 0.000000000000000000, 0.000000000000000000, -1.000000000000000000 ) ) ;
#4115 = DIRECTION ( 'NONE',  ( 1.000000000000000000, 0.000000000000000000, 0.000000000000000000 ) ) ;
#4116 = CARTESIAN_POINT ( 'NONE',  ( 0.8128434629265374189, -0.4491572342519299932, -0.03937007874015747977 ) ) ;
#4117 = VECTOR ( 'NONE', #6470, 39.37007874015748143 ) ;
#4118 = EDGE_CURVE ( 'NONE', #3027, #6802, #1004, .T. ) ;
#4119 = ORIENTED_EDGE ( 'NONE', *, *, #5445, .F. ) ;
#4120 = EDGE_LOOP ( 'NONE', ( #3222, #6885, #2147, #3662 ) ) ;
#4121 = VECTOR ( 'NONE', #4553, 39.37007874015748143 ) ;
#4122 = DIRECTION ( 'NONE',  ( 0.000000000000000000, 0.000000000000000000, -1.000000000000000000 ) ) ;
#4123 = FACE_OUTER_BOUND ( 'NONE', #4760, .T. ) ;
#4124 = ORIENTED_EDGE ( 'NONE', *, *, #1042, .T. ) ;
#4125 = FACE_OUTER_BOUND ( 'NONE', #5989, .T. ) ;
#4126 = CARTESIAN_POINT ( 'NONE',  ( 0.9131813249391299570, -0.7877399114174391537, 0.07874015748031495954 ) ) ;
#4127 = CARTESIAN_POINT ( 'NONE',  ( 0.8128434629265374189, -0.3152989665353965187, -0.3543307086614173596 ) ) ;
#4128 = VECTOR ( 'NONE', #2651, 39.37007874015748143 ) ;
#4129 = VERTEX_POINT ( 'NONE', #4753 ) ;
#4130 = CARTESIAN_POINT ( 'NONE',  ( 0.7636308645013326624, -0.5298658956692529065, 0.06003937007874016185 ) ) ;
#4131 = CARTESIAN_POINT ( 'NONE',  ( 0.7636308645013326624, -0.5101808562992157237, -0.04429133858267716994 ) ) ;
#4132 = CARTESIAN_POINT ( 'NONE',  ( 1.103647973297753770, -0.4491572342521070738, 0.08070866141732284393 ) ) ;
#4133 = DIRECTION ( 'NONE',  ( 0.000000000000000000, 0.000000000000000000, -1.000000000000000000 ) ) ;
#4134 = DIRECTION ( 'NONE',  ( -1.000000000000000000, 0.000000000000000000, 0.000000000000000000 ) ) ;
#4135 = ORIENTED_EDGE ( 'NONE', *, *, #1528, .T. ) ;
#4136 = EDGE_CURVE ( 'NONE', #708, #3367, #2679, .T. ) ;
#4137 = EDGE_CURVE ( 'NONE', #6915, #2009, #688, .T. ) ;
#4138 = PLANE ( 'NONE',  #3521 ) ;
#4139 = ORIENTED_EDGE ( 'NONE', *, *, #2338, .F. ) ;
#4140 = CARTESIAN_POINT ( 'NONE',  ( 0.9900088172572442113, -0.4491572342519299932, -0.06003937007874016185 ) ) ;
#4141 = CYLINDRICAL_SURFACE ( 'NONE', #5876, 0.01181102362204594289 ) ;
#4142 = DIMENSIONAL_EXPONENTS ( 1.000000000000000000, 0.000000000000000000, 0.000000000000000000, 0.000000000000000000, 0.000000000000000000, 0.000000000000000000, 0.000000000000000000 ) ;
#4143 = ORIENTED_EDGE ( 'NONE', *, *, #2115, .F. ) ;
#4144 = EDGE_CURVE ( 'NONE', #3917, #1609, #3977, .T. ) ;
#4145 = ORIENTED_EDGE ( 'NONE', *, *, #6739, .T. ) ;
#4146 = LINE ( 'NONE', #5197, #2944 ) ;
#4147 = CARTESIAN_POINT ( 'NONE',  ( 1.114080404063698904, -0.4491572342520874228, 0.06102362204724410405 ) ) ;
#4148 = DIRECTION ( 'NONE',  ( 1.000000000000000000, 0.000000000000000000, 0.000000000000000000 ) ) ;
#4149 = CARTESIAN_POINT ( 'NONE',  ( 0.7754418881233877681, -0.4904958169290952741, 0.03051181102362205202 ) ) ;
#4150 = ORIENTED_EDGE ( 'NONE', *, *, #5343, .T. ) ;
#4151 = ORIENTED_EDGE ( 'NONE', *, *, #2070, .F. ) ;
#4152 = ORIENTED_EDGE ( 'NONE', *, *, #5730, .F. ) ;
#4153 = VECTOR ( 'NONE', #6754, 39.37007874015748143 ) ;
#4154 = EDGE_CURVE ( 'NONE', #1585, #3369, #2844, .T. ) ;
#4155 = FACE_OUTER_BOUND ( 'NONE', #58, .T. ) ;
#4156 = FACE_OUTER_BOUND ( 'NONE', #904, .T. ) ;
#4157 = ORIENTED_EDGE ( 'NONE', *, *, #6165, .T. ) ;
#4158 = CARTESIAN_POINT ( 'NONE',  ( 0.6992043068859240540, -0.4491572342521059635, -0.06510052718870762423 ) ) ;
#4159 = DIRECTION ( 'NONE',  ( 0.000000000000000000, 0.000000000000000000, -1.000000000000000000 ) ) ;
#4160 = LINE ( 'NONE', #2607, #749 ) ;
#4161 = VERTEX_POINT ( 'NONE', #748 ) ;
#4162 = DIRECTION ( 'NONE',  ( 1.000000000000000000, 7.569702440625950512E-14, 0.000000000000000000 ) ) ;
#4163 = CARTESIAN_POINT ( 'NONE',  ( 0.6907403800572066155, -0.4686522447816141579, 0.06496062992125983815 ) ) ;
#4164 = DIRECTION ( 'NONE',  ( 0.000000000000000000, 0.000000000000000000, 1.000000000000000000 ) ) ;
#4165 = FACE_OUTER_BOUND ( 'NONE', #3314, .T. ) ;
#4166 = PLANE ( 'NONE',  #1909 ) ;
#4167 = EDGE_LOOP ( 'NONE', ( #5626, #1127, #3945, #1688 ) ) ;
#4168 = CARTESIAN_POINT ( 'NONE',  ( 0.6887718761202302753, -0.6302595964568091791, 0.07874015748031495954 ) ) ;
#4169 = ORIENTED_EDGE ( 'NONE', *, *, #2838, .T. ) ;
#4170 = LINE ( 'NONE', #6332, #4993 ) ;
#4171 = CARTESIAN_POINT ( 'NONE',  ( 0.9900088172572442113, -0.5731729822834260579, 0.03051181102362205202 ) ) ;
#4172 = CARTESIAN_POINT ( 'NONE',  ( 0.6896713132412675140, -0.4461914407760418366, 0.06102362204724410405 ) ) ;
#4173 = EDGE_CURVE ( 'NONE', #2021, #3209, #6170, .T. ) ;
#4174 = EDGE_CURVE ( 'NONE', #5376, #2557, #4534, .T. ) ;
#4175 = ORIENTED_EDGE ( 'NONE', *, *, #4863, .F. ) ;
#4176 = VECTOR ( 'NONE', #6625, 39.37007874015748143 ) ;
#4177 = AXIS2_PLACEMENT_3D ( 'NONE', #5888, #1064, #3199 ) ;
#4178 = ORIENTED_EDGE ( 'NONE', *, *, #3460, .F. ) ;
#4179 = CARTESIAN_POINT ( 'NONE',  ( 0.7840048802493366775, -0.6420706200788995899, 0.08070866141732284393 ) ) ;
#4180 = FACE_OUTER_BOUND ( 'NONE', #6418, .T. ) ;
#4181 = DIRECTION ( 'NONE',  ( -1.000000000000000000, 0.000000000000000000, 0.000000000000000000 ) ) ;
#4182 = DIRECTION ( 'NONE',  ( -1.000000000000000000, 4.111937128241349667E-14, 0.000000000000000000 ) ) ;
#4183 = EDGE_CURVE ( 'NONE', #4767, #3189, #2325, .T. ) ;
#4184 = AXIS2_PLACEMENT_3D ( 'NONE', #4315, #3787, #3688 ) ;
#4185 = VECTOR ( 'NONE', #1894, 39.37007874015748143 ) ;
#4186 = EDGE_LOOP ( 'NONE', ( #880, #3936, #3499, #2534 ) ) ;
#4187 = ORIENTED_EDGE ( 'NONE', *, *, #1774, .F. ) ;
#4188 = EDGE_LOOP ( 'NONE', ( #5495, #752, #5395, #350 ) ) ;
#4189 = VECTOR ( 'NONE', #659, 39.37007874015748143 ) ;
#4190 = LINE ( 'NONE', #4641, #3509 ) ;
#4191 = CARTESIAN_POINT ( 'NONE',  ( 0.8423151832068446199, -0.5357714074804330595, 0.007874015748031495954 ) ) ;
#4192 = ORIENTED_EDGE ( 'NONE', *, *, #6083, .F. ) ;
#4193 = DIRECTION ( 'NONE',  ( -7.151594084048490304E-14, 1.000000000000000000, 0.000000000000000000 ) ) ;
#4194 = DIRECTION ( 'NONE',  ( -7.151594084048490304E-14, 1.000000000000000000, 0.000000000000000000 ) ) ;
#4195 = CARTESIAN_POINT ( 'NONE',  ( 0.9879844745452361909, -0.6302595964568091791, -0.007874015748031495954 ) ) ;
#4196 = ADVANCED_FACE ( 'NONE', ( #1308 ), #2882, .T. ) ;
#4197 = VERTEX_POINT ( 'NONE', #147 ) ;
#4198 = CARTESIAN_POINT ( 'NONE',  ( 0.9446773879310689237, -0.5908895177166516577, -0.007874015748031495954 ) ) ;
#4199 = CARTESIAN_POINT ( 'NONE',  ( 1.028099368438311068, -0.6420706200788995899, -0.06496062992125983815 ) ) ;
#4200 = CARTESIAN_POINT ( 'NONE',  ( 0.8147561280885452506, -0.6302595964568091791, -0.07874015748031495954 ) ) ;
#4201 = DIRECTION ( 'NONE',  ( 0.000000000000000000, 1.000000000000000000, 0.000000000000000000 ) ) ;
#4202 = EDGE_CURVE ( 'NONE', #3777, #838, #6200, .T. ) ;
#4203 = CARTESIAN_POINT ( 'NONE',  ( 0.7262292896981831225, -0.5849840059054763897, -0.06003937007874016185 ) ) ;
#4204 = VECTOR ( 'NONE', #6446, 39.37007874015748143 ) ;
#4205 = EDGE_LOOP ( 'NONE', ( #2294, #6056, #6796, #6534 ) ) ;
#4206 = FACE_OUTER_BOUND ( 'NONE', #5951, .T. ) ;
#4207 = ORIENTED_EDGE ( 'NONE', *, *, #3632, .T. ) ;
#4208 = CARTESIAN_POINT ( 'NONE',  ( 0.7596380178525137250, -0.5357714074804330595, 0.007874015748031495954 ) ) ;
#4209 = AXIS2_PLACEMENT_3D ( 'NONE', #2460, #1445, #6909 ) ;
#4210 = CARTESIAN_POINT ( 'NONE',  ( 0.9407962188320474484, -0.5298658956692529065, -0.04429133858267716994 ) ) ;
#4211 = CARTESIAN_POINT ( 'NONE',  ( 0.6898931686697720167, -0.4454240410942849615, 0.06102362204724370853 ) ) ;
#4212 = EDGE_LOOP ( 'NONE', ( #5154, #5259, #6622, #5588 ) ) ;
#4213 = VECTOR ( 'NONE', #5970, 39.37007874015748143 ) ;
#4214 = ORIENTED_EDGE ( 'NONE', *, *, #4091, .T. ) ;
#4215 = CARTESIAN_POINT ( 'NONE',  ( 0.7596380178525137250, -0.5908895177166516577, -0.007874015748031495954 ) ) ;
#4216 = LINE ( 'NONE', #988, #4536 ) ;
#4217 = DIRECTION ( 'NONE',  ( 0.000000000000000000, 0.000000000000000000, 1.000000000000000000 ) ) ;
#4218 = LINE ( 'NONE', #4079, #2270 ) ;
#4219 = AXIS2_PLACEMENT_3D ( 'NONE', #4096, #3003, #899 ) ;
#4220 = VERTEX_POINT ( 'NONE', #5060 ) ;
#4221 = ORIENTED_EDGE ( 'NONE', *, *, #4610, .T. ) ;
#4222 = AXIS2_PLACEMENT_3D ( 'NONE', #998, #505, #6424 ) ;
#4223 = ORIENTED_EDGE ( 'NONE', *, *, #5863, .F. ) ;
#4224 = EDGE_CURVE ( 'NONE', #2156, #2483, #247, .T. ) ;
#4225 = ADVANCED_FACE ( 'NONE', ( #5561 ), #253, .T. ) ;
#4226 = DIRECTION ( 'NONE',  ( 7.151594084048490304E-14, -1.000000000000000000, 0.000000000000000000 ) ) ;
#4227 = VECTOR ( 'NONE', #649, 39.37007874015748143 ) ;
#4228 = DIRECTION ( 'NONE',  ( 1.000000000000000000, -5.286776307738859121E-14, 0.000000000000000000 ) ) ;
#4229 = EDGE_LOOP ( 'NONE', ( #1192, #6743, #1479, #312, #1465, #4046, #206 ) ) ;
#4230 = LINE ( 'NONE', #1486, #4677 ) ;
#4231 = DIRECTION ( 'NONE',  ( -1.000000000000000000, 0.000000000000000000, 0.000000000000000000 ) ) ;
#4232 = DIRECTION ( 'NONE',  ( -1.000000000000000000, 0.000000000000000000, 0.000000000000000000 ) ) ;
#4233 = ORIENTED_EDGE ( 'NONE', *, *, #148, .F. ) ;
#4234 = VECTOR ( 'NONE', #5184, 39.37007874015748143 ) ;
#4235 = ADVANCED_FACE ( 'NONE', ( #3348 ), #6135, .F. ) ;
#4236 = EDGE_LOOP ( 'NONE', ( #5950, #2657, #5187, #2589 ) ) ;
#4237 = DIRECTION ( 'NONE',  ( 0.000000000000000000, 0.000000000000000000, -1.000000000000000000 ) ) ;
#4238 = FACE_OUTER_BOUND ( 'NONE', #6091, .T. ) ;
#4239 = VECTOR ( 'NONE', #6568, 39.37007874015748143 ) ;
#4240 = CARTESIAN_POINT ( 'NONE',  ( 0.9446773879310689237, -0.5908895177166516577, 0.007874015748031495954 ) ) ;
#4241 = CARTESIAN_POINT ( 'NONE',  ( 1.112111900126696806, -0.4686522447816535153, 0.08070866141732284393 ) ) ;
#4242 = DIRECTION ( 'NONE',  ( 1.000000000000000000, 0.000000000000000000, 0.000000000000000000 ) ) ;
#4243 = VECTOR ( 'NONE', #1205, 39.37007874015748143 ) ;
#4244 = EDGE_CURVE ( 'NONE', #5776, #6634, #3456, .T. ) ;
#4245 = EDGE_CURVE ( 'NONE', #3838, #6898, #5630, .T. ) ;
#4246 = LINE ( 'NONE', #5798, #6112 ) ;
#4247 = ORIENTED_EDGE ( 'NONE', *, *, #4269, .T. ) ;
#4248 = CARTESIAN_POINT ( 'NONE',  ( 0.8647135416666634766, -0.5495509350395306747, 0.08070866141732284393 ) ) ;
#4249 = DIRECTION ( 'NONE',  ( -7.859986015045359736E-14, 0.000000000000000000, 1.000000000000000000 ) ) ;
#4250 = DIRECTION ( 'NONE',  ( 0.000000000000000000, 0.000000000000000000, -1.000000000000000000 ) ) ;
#4251 = ORIENTED_EDGE ( 'NONE', *, *, #2982, .F. ) ;
#4252 = VERTEX_POINT ( 'NONE', #2431 ) ;
#4253 = CARTESIAN_POINT ( 'NONE',  ( 0.7636308645013326624, -0.5101808562992157237, -0.04429133858267716994 ) ) ;
#4254 = DIRECTION ( 'NONE',  ( -1.000000000000000000, 0.000000000000000000, 0.000000000000000000 ) ) ;
#4255 = DIRECTION ( 'NONE',  ( 1.000000000000000000, 0.000000000000000000, 0.000000000000000000 ) ) ;
#4256 = FACE_OUTER_BOUND ( 'NONE', #5590, .T. ) ;
#4257 = ORIENTED_EDGE ( 'NONE', *, *, #3033, .T. ) ;
#4258 = ORIENTED_EDGE ( 'NONE', *, *, #5916, .T. ) ;
#4259 = ORIENTED_EDGE ( 'NONE', *, *, #6645, .T. ) ;
#4260 = PLANE ( 'NONE',  #4177 ) ;
#4261 = CARTESIAN_POINT ( 'NONE',  ( 1.103647973297753770, -0.4491572342521070738, 0.08070866141732284393 ) ) ;
#4262 = ORIENTED_EDGE ( 'NONE', *, *, #5731, .T. ) ;
#4263 = PLANE ( 'NONE',  #1878 ) ;
#4264 = CARTESIAN_POINT ( 'NONE',  ( 1.114080404063698904, -0.4686522447816535153, 0.08070866141732284393 ) ) ;
#4265 = CARTESIAN_POINT ( 'NONE',  ( 0.6887718761201948592, -0.4491572342520047112, -0.06496062992125983815 ) ) ;
#4266 = EDGE_CURVE ( 'NONE', #5031, #3301, #4465, .T. ) ;
#4267 = EDGE_CURVE ( 'NONE', #707, #1000, #5489, .T. ) ;
#4268 = ORIENTED_EDGE ( 'NONE', *, *, #1856, .F. ) ;
#4269 = EDGE_CURVE ( 'NONE', #4649, #5264, #2289, .T. ) ;
#4270 = B_SPLINE_CURVE_WITH_KNOTS ( 'NONE', 3,
 ( #1325, #4584, #6254, #2373 ),
 .UNSPECIFIED., .F., .F.,
 ( 4, 4 ),
 ( 1.289892598636911827E-16, 0.0001630335960485877474 ),
 .UNSPECIFIED. ) ;
#4271 = ORIENTED_EDGE ( 'NONE', *, *, #1347, .F. ) ;
#4272 = DIRECTION ( 'NONE',  ( 1.000000000000000000, 0.000000000000000000, 0.000000000000000000 ) ) ;
#4273 = PLANE ( 'NONE',  #3678 ) ;
#4274 = LINE ( 'NONE', #1038, #1858 ) ;
#4275 = LINE ( 'NONE', #2196, #566 ) ;
#4276 = EDGE_CURVE ( 'NONE', #6905, #6850, #3911, .T. ) ;
#4277 = LINE ( 'NONE', #3147, #5767 ) ;
#4278 = ORIENTED_EDGE ( 'NONE', *, *, #236, .F. ) ;
#4279 = DIRECTION ( 'NONE',  ( 1.000000000000000000, 0.000000000000000000, 0.000000000000000000 ) ) ;
#4280 = DIRECTION ( 'NONE',  ( 0.000000000000000000, 1.000000000000000000, 0.000000000000000000 ) ) ;
#4281 = DIRECTION ( 'NONE',  ( 0.000000000000000000, 0.000000000000000000, -1.000000000000000000 ) ) ;
#4282 = EDGE_CURVE ( 'NONE', #5066, #6203, #3940, .T. ) ;
#4283 = ORIENTED_EDGE ( 'NONE', *, *, #5770, .F. ) ;
#4284 = VERTEX_POINT ( 'NONE', #5523 ) ;
#4285 = DIRECTION ( 'NONE',  ( 0.000000000000000000, 0.000000000000000000, -1.000000000000000000 ) ) ;
#4286 = LINE ( 'NONE', #2560, #511 ) ;
#4287 = DIRECTION ( 'NONE',  ( 0.000000000000000000, 0.000000000000000000, 1.000000000000000000 ) ) ;
#4288 = CARTESIAN_POINT ( 'NONE',  ( 0.6887718761202302753, -0.5908895177166516577, 0.07874015748031495954 ) ) ;
#4289 = EDGE_CURVE ( 'NONE', #5982, #3523, #6095, .T. ) ;
#4290 = AXIS2_PLACEMENT_3D ( 'NONE', #2394, #1763, #2360 ) ;
#4291 = AXIS2_PLACEMENT_3D ( 'NONE', #5627, #6701, #5558 ) ;
#4292 = ORIENTED_EDGE ( 'NONE', *, *, #2582, .F. ) ;
#4293 = ORIENTED_EDGE ( 'NONE', *, *, #3104, .F. ) ;
#4294 = ORIENTED_EDGE ( 'NONE', *, *, #4266, .F. ) ;
#4295 = DIRECTION ( 'NONE',  ( 1.000000000000000000, 0.000000000000000000, 0.000000000000000000 ) ) ;
#4296 = CARTESIAN_POINT ( 'NONE',  ( 0.6992043068859487009, -0.4491572342521267802, 0.08070866141732284393 ) ) ;
#4297 = AXIS2_PLACEMENT_3D ( 'NONE', #1058, #530, #2667 ) ;
#4298 = ORIENTED_EDGE ( 'NONE', *, *, #4047, .T. ) ;
#4299 = VECTOR ( 'NONE', #3618, 39.37007874015748143 ) ;
#4300 = CARTESIAN_POINT ( 'NONE',  ( 1.058850616277521750, -0.6302595964568091791, 0.07874015748031495954 ) ) ;
#4301 = CARTESIAN_POINT ( 'NONE',  ( 0.7911340808444526917, -0.6971887303151181881, 0.007874015748031495954 ) ) ;
#4302 = VERTEX_POINT ( 'NONE', #3020 ) ;
#4303 = VECTOR ( 'NONE', #232, 39.37007874015748143 ) ;
#4304 = ORIENTED_EDGE ( 'NONE', *, *, #6817, .T. ) ;
#4305 = EDGE_CURVE ( 'NONE', #5796, #2418, #4218, .T. ) ;
#4306 = EDGE_CURVE ( 'NONE', #4975, #6019, #3590, .T. ) ;
#4307 = DIRECTION ( 'NONE',  ( 0.000000000000000000, 0.000000000000000000, 1.000000000000000000 ) ) ;
#4308 = CARTESIAN_POINT ( 'NONE',  ( 0.6415277816318543103, -0.6302595964568091791, 0.007874015748031495954 ) ) ;
#4309 = CARTESIAN_POINT ( 'NONE',  ( 1.099426393296936810, -0.4345584183326438033, -0.07086614173228578117 ) ) ;
#4310 = EDGE_CURVE ( 'NONE', #2557, #275, #950, .T. ) ;
#4311 = ADVANCED_FACE ( 'NONE', ( #5134 ), #5200, .F. ) ;
#4312 = CARTESIAN_POINT ( 'NONE',  ( 0.7525088172572126366, -0.6420706200788995899, -0.08070866141732284393 ) ) ;
#4313 = VERTEX_POINT ( 'NONE', #4704 ) ;
#4314 = CARTESIAN_POINT ( 'NONE',  ( 1.109339850267643479, -0.4334092027560654259, 0.06102362204724410405 ) ) ;
#4315 = CARTESIAN_POINT ( 'NONE',  ( 0.9152056676509450206, -0.5101808562992157237, 0.04429133858267716994 ) ) ;
#4316 = CARTESIAN_POINT ( 'NONE',  ( 0.7017090529716014657, -0.4334092027560646487, 0.06496062992124294888 ) ) ;
#4317 = VECTOR ( 'NONE', #4636, 39.37007874015748143 ) ;
#4318 = ORIENTED_EDGE ( 'NONE', *, *, #4136, .F. ) ;
#4319 = VECTOR ( 'NONE', #3298, 39.37007874015748143 ) ;
#4320 = ORIENTED_EDGE ( 'NONE', *, *, #1365, .F. ) ;
#4321 = ADVANCED_FACE ( 'NONE', ( #5269 ), #4638, .F. ) ;
#4322 = LINE ( 'NONE', #4356, #3399 ) ;
#4323 = FACE_BOUND ( 'NONE', #472, .T. ) ;
#4324 = CARTESIAN_POINT ( 'NONE',  ( 0.9407962188320474484, -0.5101808562992157237, 0.04429133858267716994 ) ) ;
#4325 = LINE ( 'NONE', #3728, #5297 ) ;
#4326 = ORIENTED_EDGE ( 'NONE', *, *, #4406, .F. ) ;
#4327 = VERTEX_POINT ( 'NONE', #2461 ) ;
#4328 = ORIENTED_EDGE ( 'NONE', *, *, #2646, .F. ) ;
#4329 = CARTESIAN_POINT ( 'NONE',  ( 0.6415277816318543103, -0.6971887303151181881, -0.007874015748031495954 ) ) ;
#4330 = LINE ( 'NONE', #6389, #3078 ) ;
#4331 = CIRCLE ( 'NONE', #6820, 0.007874015748039371598 ) ;
#4332 = ORIENTED_EDGE ( 'NONE', *, *, #4109, .F. ) ;
#4333 = CARTESIAN_POINT ( 'NONE',  ( 0.5963080298556693304, -0.5180548720472071267, -0.01968503937007873988 ) ) ;
#4334 = LINE ( 'NONE', #152, #4338 ) ;
#4335 = VERTEX_POINT ( 'NONE', #4116 ) ;
#4336 = VECTOR ( 'NONE', #5352, 39.37007874015748143 ) ;
#4337 = ORIENTED_EDGE ( 'NONE', *, *, #3247, .T. ) ;
#4338 = VECTOR ( 'NONE', #3943, 39.37007874015748143 ) ;
#4339 = EDGE_LOOP ( 'NONE', ( #1661, #5900, #1121, #3096 ) ) ;
#4340 = DIRECTION ( 'NONE',  ( 0.000000000000000000, 0.000000000000000000, 1.000000000000000000 ) ) ;
#4341 = CARTESIAN_POINT ( 'NONE',  ( 0.7024705177473059559, -0.4378622188529112669, 0.07636247236132846783 ) ) ;
#4342 = LINE ( 'NONE', #1635, #2803 ) ;
#4343 = VECTOR ( 'NONE', #4518, 39.37007874015748143 ) ;
#4344 = VECTOR ( 'NONE', #4579, 39.37007874015748143 ) ;
#4345 = DIRECTION ( 'NONE',  ( 7.151594084048490304E-14, -1.000000000000000000, 0.000000000000000000 ) ) ;
#4346 = ORIENTED_EDGE ( 'NONE', *, *, #3474, .F. ) ;
#4347 = DIRECTION ( 'NONE',  ( -1.000000000000000000, 0.000000000000000000, 0.000000000000000000 ) ) ;
#4348 = DIRECTION ( 'NONE',  ( 1.000000000000000000, 0.000000000000000000, 0.000000000000000000 ) ) ;
#4349 = CARTESIAN_POINT ( 'NONE',  ( 1.103647973297753992, -0.4491572342520874228, 0.06496062992125983815 ) ) ;
#4350 = B_SPLINE_CURVE_WITH_KNOTS ( 'NONE', 3,
 ( #5475, #2791, #6616, #2308, #5011 ),
 .UNSPECIFIED., .F., .F.,
 ( 4, 1, 4 ),
 ( 0.000000000000000000, 0.2938945741444615178, 0.5383471374219870320 ),
 .UNSPECIFIED. ) ;
#4351 = CARTESIAN_POINT ( 'NONE',  ( 0.6935124299162600536, -0.4334092027560654814, 0.06102362204724410405 ) ) ;
#4352 = EDGE_CURVE ( 'NONE', #6369, #5548, #2069, .T. ) ;
#4353 = EDGE_CURVE ( 'NONE', #5363, #272, #1512, .T. ) ;
#4354 = ORIENTED_EDGE ( 'NONE', *, *, #3021, .T. ) ;
#4355 = ORIENTED_EDGE ( 'NONE', *, *, #3584, .T. ) ;
#4356 = CARTESIAN_POINT ( 'NONE',  ( 0.9486702345800788194, -0.5731729822834260579, -0.01968503937007873988 ) ) ;
#4357 = CARTESIAN_POINT ( 'NONE',  ( 1.015543529663344602, -1.063330462598543358, -0.07874015748031495954 ) ) ;
#4358 = DIRECTION ( 'NONE',  ( 1.000000000000000000, 0.000000000000000000, 0.000000000000000000 ) ) ;
#4359 = CARTESIAN_POINT ( 'NONE',  ( 0.7030437940062276292, -0.4334092027560602634, 0.06667023998124999018 ) ) ;
#4360 = EDGE_CURVE ( 'NONE', #633, #6451, #6239, .T. ) ;
#4361 = EDGE_LOOP ( 'NONE', ( #2728, #5807, #6771, #5926 ) ) ;
#4362 = ORIENTED_EDGE ( 'NONE', *, *, #4617, .T. ) ;
#4363 = ORIENTED_EDGE ( 'NONE', *, *, #5032, .F. ) ;
#4364 = CARTESIAN_POINT ( 'NONE',  ( 1.011606521789328639, -0.6302595964568091791, -0.007874015748031495954 ) ) ;
#4365 = PLANE ( 'NONE',  #386 ) ;
#4366 = PLANE ( 'NONE',  #1034 ) ;
#4367 = EDGE_LOOP ( 'NONE', ( #4391, #5415, #6637, #1540 ) ) ;
#4368 = CARTESIAN_POINT ( 'NONE',  ( 0.9631387385170552262, -0.4904958169292921721, 0.08070866141732284393 ) ) ;
#4369 = ORIENTED_EDGE ( 'NONE', *, *, #1085, .F. ) ;
#4370 = VERTEX_POINT ( 'NONE', #3520 ) ;
#4371 = VERTEX_POINT ( 'NONE', #2596 ) ;
#4372 = CARTESIAN_POINT ( 'NONE',  ( 0.6952443799662597623, -0.4594564280026795511, 0.08070866141732284393 ) ) ;
#4373 = CARTESIAN_POINT ( 'NONE',  ( 0.9289851952100020016, -0.5534879429133489070, -0.01968503937007873988 ) ) ;
#4374 = CARTESIAN_POINT ( 'NONE',  ( 0.7636308645013326624, -0.5849840059054763897, 0.04429133858267716994 ) ) ;
#4375 = AXIS2_PLACEMENT_3D ( 'NONE', #3436, #4516, #129 ) ;
#4376 = LINE ( 'NONE', #1183, #4189 ) ;
#4377 = CARTESIAN_POINT ( 'NONE',  ( 0.6887718761202302753, -0.6302595964568091791, 0.07874015748031495954 ) ) ;
#4378 = DIRECTION ( 'NONE',  ( 0.000000000000000000, 0.000000000000000000, -1.000000000000000000 ) ) ;
#4379 = DIRECTION ( 'NONE',  ( 0.000000000000000000, 0.000000000000000000, -1.000000000000000000 ) ) ;
#4380 = DIRECTION ( 'NONE',  ( 1.000000000000000000, 0.000000000000000000, 0.000000000000000000 ) ) ;
#4381 = CIRCLE ( 'NONE', #6644, 0.007874015748021887320 ) ;
#4382 = VERTEX_POINT ( 'NONE', #3126 ) ;
#4383 = ORIENTED_EDGE ( 'NONE', *, *, #2169, .F. ) ;
#4384 = CARTESIAN_POINT ( 'NONE',  ( 0.9486702345800788194, -0.5731729822834260579, -0.06003937007874016185 ) ) ;
#4385 = DIRECTION ( 'NONE',  ( -1.000000000000000000, 0.000000000000000000, 0.000000000000000000 ) ) ;
#4386 = FACE_OUTER_BOUND ( 'NONE', #3223, .T. ) ;
#4387 = DIRECTION ( 'NONE',  ( 0.000000000000000000, -1.000000000000000000, 0.000000000000000000 ) ) ;
#4388 = EDGE_CURVE ( 'NONE', #2783, #1371, #2001, .T. ) ;
#4389 = EDGE_CURVE ( 'NONE', #2435, #6, #460, .T. ) ;
#4390 = ORIENTED_EDGE ( 'NONE', *, *, #4497, .T. ) ;
#4391 = ORIENTED_EDGE ( 'NONE', *, *, #532, .T. ) ;
#4392 = CARTESIAN_POINT ( 'NONE',  ( 1.101732691610493919, -0.4425339214689820166, -0.08070866141732113697 ) ) ;
#4393 = CARTESIAN_POINT ( 'NONE',  ( 1.112111900126696806, -0.4686522447816929282, 0.06102362204724410405 ) ) ;
#4394 = CARTESIAN_POINT ( 'NONE',  ( 0.9395166912729547848, -0.5495509350395306747, 0.08070866141732284393 ) ) ;
#4395 = DIRECTION ( 'NONE',  ( 1.000000000000000000, 0.000000000000000000, 0.000000000000000000 ) ) ;
#4396 = EDGE_CURVE ( 'NONE', #1016, #277, #1412, .T. ) ;
#4397 = ADVANCED_FACE ( 'NONE', ( #1475 ), #2562, .T. ) ;
#4398 = FACE_OUTER_BOUND ( 'NONE', #1551, .T. ) ;
#4399 = CARTESIAN_POINT ( 'NONE',  ( 0.7636308645013326624, -0.5101808562992157237, -0.04429133858267716994 ) ) ;
#4400 = AXIS2_PLACEMENT_3D ( 'NONE', #4499, #2951, #4991 ) ;
#4401 = VERTEX_POINT ( 'NONE', #886 ) ;
#4402 = EDGE_LOOP ( 'NONE', ( #844, #1401, #1164, #5607 ) ) ;
#4403 = AXIS2_PLACEMENT_3D ( 'NONE', #6763, #3118, #1959 ) ;
#4404 = AXIS2_PLACEMENT_3D ( 'NONE', #6887, #1529, #2088 ) ;
#4405 = VERTEX_POINT ( 'NONE', #2527 ) ;
#4406 = EDGE_CURVE ( 'NONE', #3777, #3303, #6275, .T. ) ;
#4407 = CARTESIAN_POINT ( 'NONE',  ( 0.6730238446241337824, -0.4491572342520874228, -0.08070866141732284393 ) ) ;
#4408 = FACE_OUTER_BOUND ( 'NONE', #6950, .T. ) ;
#4409 = CARTESIAN_POINT ( 'NONE',  ( 0.7144182660761357884, -0.4491572342519299932, -0.06003937007874016185 ) ) ;
#4410 = CIRCLE ( 'NONE', #4852, 0.01574803149606125718 ) ;
#4411 = EDGE_CURVE ( 'NONE', #1900, #1564, #3055, .T. ) ;
#4412 = VECTOR ( 'NONE', #6682, 39.37007874015748143 ) ;
#4413 = FACE_BOUND ( 'NONE', #4236, .T. ) ;
#4414 = LINE ( 'NONE', #1743, #3781 ) ;
#4415 = CARTESIAN_POINT ( 'NONE',  ( 1.114080404063698904, -0.4491572342520874228, 0.08070866141732284393 ) ) ;
#4416 =( CONVERSION_BASED_UNIT ( 'INCH', #204 ) LENGTH_UNIT ( ) NAMED_UNIT ( #5719 ) );
#4417 = CARTESIAN_POINT ( 'NONE',  ( 0.6415277816318543103, -0.7995509350395256787, 0.007874015748031495954 ) ) ;
#4418 = EDGE_CURVE ( 'NONE', #3565, #784, #6341, .T. ) ;
#4419 = ORIENTED_EDGE ( 'NONE', *, *, #3137, .F. ) ;
#4420 = VERTEX_POINT ( 'NONE', #4738 ) ;
#4421 = CARTESIAN_POINT ( 'NONE',  ( 0.6887718761202302753, -0.5908895177166516577, -0.07874015748031495954 ) ) ;
#4422 = LINE ( 'NONE', #6623, #1290 ) ;
#4423 = VECTOR ( 'NONE', #6273, 39.37007874015748143 ) ;
#4424 = CARTESIAN_POINT ( 'NONE',  ( 0.8147561280887380963, -0.7129367618111791538, -0.007874015748031495954 ) ) ;
#4425 = ORIENTED_EDGE ( 'NONE', *, *, #3375, .T. ) ;
#4426 = AXIS2_PLACEMENT_3D ( 'NONE', #2175, #2768, #1718 ) ;
#4427 = VERTEX_POINT ( 'NONE', #6910 ) ;
#4428 = CARTESIAN_POINT ( 'NONE',  ( 0.7596380178525137250, -0.5357714074804330595, 0.007874015748031495954 ) ) ;
#4429 = DIRECTION ( 'NONE',  ( 7.859986015045359736E-14, 0.000000000000000000, 1.000000000000000000 ) ) ;
#4430 = CARTESIAN_POINT ( 'NONE',  ( 0.7262292896981831225, -0.5849840059054763897, 0.06003937007874016185 ) ) ;
#4431 = CARTESIAN_POINT ( 'NONE',  ( 0.7446348015091733830, -0.5908895177166949564, 0.06496062992125983815 ) ) ;
#4432 = CARTESIAN_POINT ( 'NONE',  ( 0.6415277816318543103, -0.7995509350395256787, -0.007874015748031495954 ) ) ;
#4433 = LINE ( 'NONE', #2812, #4227 ) ;
#4434 = EDGE_LOOP ( 'NONE', ( #4119, #2385, #6214, #4880 ) ) ;
#4435 = EDGE_CURVE ( 'NONE', #4804, #3301, #3797, .T. ) ;
#4436 = ORIENTED_EDGE ( 'NONE', *, *, #5742, .T. ) ;
#4437 = EDGE_CURVE ( 'NONE', #5109, #5528, #1653, .T. ) ;
#4438 = VECTOR ( 'NONE', #4279, 39.37007874015748143 ) ;
#4439 = CARTESIAN_POINT ( 'NONE',  ( 0.9407962188320474484, -0.4491572342519299932, -0.04429133858267716994 ) ) ;
#4440 = ORIENTED_EDGE ( 'NONE', *, *, #3375, .F. ) ;
#4441 = CARTESIAN_POINT ( 'NONE',  ( 0.7754418881233877681, -0.4904958169290952741, 0.03051181102362205202 ) ) ;
#4442 = DIRECTION ( 'NONE',  ( 4.111937128241349667E-14, 1.000000000000000000, 0.000000000000000000 ) ) ;
#4443 = LINE ( 'NONE', #161, #5049 ) ;
#4444 = EDGE_CURVE ( 'NONE', #5498, #2975, #3299, .T. ) ;
#4445 = CARTESIAN_POINT ( 'NONE',  ( 1.058850616277521750, -0.5908895177166516577, -0.06299212598425196763 ) ) ;
#4446 = AXIS2_PLACEMENT_3D ( 'NONE', #1841, #5751, #6180 ) ;
#4447 = DIRECTION ( 'NONE',  ( 0.000000000000000000, 1.000000000000000000, 0.000000000000000000 ) ) ;
#4448 = DIRECTION ( 'NONE',  ( 0.000000000000000000, 0.000000000000000000, 1.000000000000000000 ) ) ;
#4449 = CARTESIAN_POINT ( 'NONE',  ( 0.6935124299162600536, -0.4334092027560654814, 0.06102362204724410405 ) ) ;
#4450 = CARTESIAN_POINT ( 'NONE',  ( 1.129828435559769861, -0.4491572342521267802, -0.08070866141732284393 ) ) ;
#4451 = EDGE_LOOP ( 'NONE', ( #6949, #5701, #2006, #246 ) ) ;
#4452 = VECTOR ( 'NONE', #5507, 39.37007874015748143 ) ;
#4453 = ORIENTED_EDGE ( 'NONE', *, *, #4013, .F. ) ;
#4454 = DIRECTION ( 'NONE',  ( 0.000000000000000000, 0.000000000000000000, -1.000000000000000000 ) ) ;
#4455 = B_SPLINE_SURFACE_WITH_KNOTS ( 'NONE', 3, 1, ( 
 ( #3751, #6371 ),
 ( #2135, #5293 ),
 ( #5903, #4763 ),
 ( #2659, #3291 ),
 ( #4727, #4349 ),
 ( #1083, #6437 ),
 ( #6473, #23 ),
 ( #6407, #592 ) ),
 .UNSPECIFIED., .F., .F., .F.,
 ( 4, 1, 3, 4 ),
 ( 2, 2 ),
 ( 0.000000000000000000, 0.2444525632775255142, 0.5383471374228910866, 0.9299089694257579586 ),
 ( 0.000000000000000000, 1.000000000000000000 ),
 .UNSPECIFIED. ) ;
#4456 = CARTESIAN_POINT ( 'NONE',  ( 1.058850616277521750, -0.6302595964568091791, -0.06299212598425196763 ) ) ;
#4457 = CARTESIAN_POINT ( 'NONE',  ( 1.112294665500945134, -0.4431262935607848119, 0.06102362204724411793 ) ) ;
#4458 = LINE ( 'NONE', #1298, #4176 ) ;
#4459 = VECTOR ( 'NONE', #2010, 39.37007874015748143 ) ;
#4460 = ORIENTED_EDGE ( 'NONE', *, *, #570, .T. ) ;
#4461 = ORIENTED_EDGE ( 'NONE', *, *, #6127, .T. ) ;
#4462 = CARTESIAN_POINT ( 'NONE',  ( 0.6887718761201948592, -0.4686522447816141579, -0.08070866141732284393 ) ) ;
#4463 = LINE ( 'NONE', #2222, #48 ) ;
#4464 = PLANE ( 'NONE',  #1740 ) ;
#4465 = LINE ( 'NONE', #1898, #1377 ) ;
#4466 = CARTESIAN_POINT ( 'NONE',  ( 1.129828435559769861, -0.4491572342521267802, -0.06102362204724410405 ) ) ;
#4467 = CARTESIAN_POINT ( 'NONE',  ( 0.6907403800572066155, -0.4686522447816141579, -0.08070866141732284393 ) ) ;
#4468 = ORIENTED_EDGE ( 'NONE', *, *, #3930, .F. ) ;
#4469 = ORIENTED_EDGE ( 'NONE', *, *, #5611, .F. ) ;
#4470 = CARTESIAN_POINT ( 'NONE',  ( 0.9939458251312244252, -0.4334092027560654259, -0.04527559055118110520 ) ) ;
#4471 = ORIENTED_EDGE ( 'NONE', *, *, #4389, .F. ) ;
#4472 = VERTEX_POINT ( 'NONE', #3158 ) ;
#4473 = DIRECTION ( 'NONE',  ( 1.000000000000000000, 0.000000000000000000, 0.000000000000000000 ) ) ;
#4474 = DIRECTION ( 'NONE',  ( 0.000000000000000000, 1.000000000000000000, 0.000000000000000000 ) ) ;
#4475 = FACE_OUTER_BOUND ( 'NONE', #575, .T. ) ;
#4476 = EDGE_CURVE ( 'NONE', #1157, #957, #508, .T. ) ;
#4477 = EDGE_CURVE ( 'NONE', #5959, #6582, #637, .T. ) ;
#4478 = CARTESIAN_POINT ( 'NONE',  ( 0.6907403800572066155, -0.4686522447816141579, 0.08070866141732284393 ) ) ;
#4479 = DIRECTION ( 'NONE',  ( 1.000000000000000000, 0.000000000000000000, 0.000000000000000000 ) ) ;
#4480 = LINE ( 'NONE', #3925, #3762 ) ;
#4481 = LINE ( 'NONE', #5583, #5733 ) ;
#4482 = ADVANCED_FACE ( 'NONE', ( #3227 ), #5883, .T. ) ;
#4483 = CARTESIAN_POINT ( 'NONE',  ( 1.113908155680242373, -0.4492070437938189831, -0.06102362204724410405 ) ) ;
#4484 = EDGE_LOOP ( 'NONE', ( #1141, #3273, #31, #4874, #2474, #6773, #3237, #335, #6475 ) ) ;
#4485 = VECTOR ( 'NONE', #586, 39.37007874015748143 ) ;
#4486 = ORIENTED_EDGE ( 'NONE', *, *, #4598, .F. ) ;
#4487 = FACE_BOUND ( 'NONE', #2866, .T. ) ;
#4488 = ORIENTED_EDGE ( 'NONE', *, *, #1981, .F. ) ;
#4489 = DIRECTION ( 'NONE',  ( 0.000000000000000000, 0.000000000000000000, 1.000000000000000000 ) ) ;
#4490 = CARTESIAN_POINT ( 'NONE',  ( 1.112160949738313143, -0.4431649605179157625, 0.06102362204724410405 ) ) ;
#4491 = CARTESIAN_POINT ( 'NONE',  ( 0.7636308645013326624, -0.4491572342519299932, -0.04429133858267716994 ) ) ;
#4492 = EDGE_CURVE ( 'NONE', #2250, #2887, #1002, .T. ) ;
#4493 = ORIENTED_EDGE ( 'NONE', *, *, #3834, .F. ) ;
#4494 = ORIENTED_EDGE ( 'NONE', *, *, #5147, .T. ) ;
#4495 = PLANE ( 'NONE',  #4291 ) ;
#4496 = FACE_OUTER_BOUND ( 'NONE', #5357, .T. ) ;
#4497 = EDGE_CURVE ( 'NONE', #5272, #2647, #3761, .T. ) ;
#4498 = PLANE ( 'NONE',  #5439 ) ;
#4499 = CARTESIAN_POINT ( 'NONE',  ( 0.9781977936351987646, -0.5731729822834260579, 0.06003937007874016185 ) ) ;
#4500 =( NAMED_UNIT ( * ) SI_UNIT ( $, .STERADIAN. ) SOLID_ANGLE_UNIT ( ) );
#4501 = LINE ( 'NONE', #2433, #3213 ) ;
#4502 = ORIENTED_EDGE ( 'NONE', *, *, #334, .T. ) ;
#4503 = ORIENTED_EDGE ( 'NONE', *, *, #6037, .F. ) ;
#4504 = FACE_OUTER_BOUND ( 'NONE', #2439, .T. ) ;
#4505 = ORIENTED_EDGE ( 'NONE', *, *, #4266, .T. ) ;
#4506 = ORIENTED_EDGE ( 'NONE', *, *, #1685, .T. ) ;
#4507 = CARTESIAN_POINT ( 'NONE',  ( 0.7037582087355590543, -0.4334092027560654259, -0.06496062992125983815 ) ) ;
#4508 = CARTESIAN_POINT ( 'NONE',  ( 1.114080404063698904, -0.4529042132855922165, -0.06102362204724410405 ) ) ;
#4509 = PLANE ( 'NONE',  #412 ) ;
#4510 = VECTOR ( 'NONE', #6307, 39.37007874015748143 ) ;
#4511 = AXIS2_PLACEMENT_3D ( 'NONE', #6243, #1971, #3563 ) ;
#4512 = EDGE_CURVE ( 'NONE', #2592, #4110, #4325, .T. ) ;
#4513 = DIRECTION ( 'NONE',  ( 0.000000000000000000, 0.000000000000000000, -1.000000000000000000 ) ) ;
#4514 = LINE ( 'NONE', #1360, #2209 ) ;
#4515 = PLANE ( 'NONE',  #4659 ) ;
#4516 = DIRECTION ( 'NONE',  ( -1.000000000000000000, 0.000000000000000000, 0.000000000000000000 ) ) ;
#4517 = VECTOR ( 'NONE', #4701, 39.37007874015748143 ) ;
#4518 = DIRECTION ( 'NONE',  ( 1.000000000000000000, 0.000000000000000000, 0.000000000000000000 ) ) ;
#4519 = EDGE_LOOP ( 'NONE', ( #1154, #642, #3862, #4915 ) ) ;
#4520 = EDGE_CURVE ( 'NONE', #2598, #4881, #3697, .T. ) ;
#4521 = EDGE_CURVE ( 'NONE', #4335, #5109, #5913, .T. ) ;
#4522 = VECTOR ( 'NONE', #3685, 39.37007874015748143 ) ;
#4523 = EDGE_LOOP ( 'NONE', ( #6382, #5024, #3041, #4977 ) ) ;
#4524 = LINE ( 'NONE', #6692, #706 ) ;
#4525 = VERTEX_POINT ( 'NONE', #2633 ) ;
#4526 = CARTESIAN_POINT ( 'NONE',  ( 1.112715140991061169, -0.4450814316216928912, 0.06102362204724410405 ) ) ;
#4527 = LINE ( 'NONE', #1261, #6892 ) ;
#4528 = ORIENTED_EDGE ( 'NONE', *, *, #1319, .F. ) ;
#4529 = EDGE_CURVE ( 'NONE', #281, #4050, #5303, .T. ) ;
#4530 = ORIENTED_EDGE ( 'NONE', *, *, #2671, .F. ) ;
#4531 = DIRECTION ( 'NONE',  ( -4.111937128241349667E-14, -1.000000000000000000, 0.000000000000000000 ) ) ;
#4532 = LINE ( 'NONE', #6237, #4423 ) ;
#4533 = CARTESIAN_POINT ( 'NONE',  ( 1.059595431430434997, -0.5908895177166949564, 0.08070866141732284393 ) ) ;
#4534 = LINE ( 'NONE', #4571, #6886 ) ;
#4535 = CARTESIAN_POINT ( 'NONE',  ( 0.7019217794747205641, -0.4397598327862181633, 0.07086614173228347746 ) ) ;
#4536 = VECTOR ( 'NONE', #3124, 39.37007874015748143 ) ;
#4537 = ORIENTED_EDGE ( 'NONE', *, *, #3789, .F. ) ;
#4538 = ORIENTED_EDGE ( 'NONE', *, *, #2854, .T. ) ;
#4539 = DIRECTION ( 'NONE',  ( -0.000000000000000000, 1.000000000000000000, 0.000000000000000000 ) ) ;
#4540 = FACE_OUTER_BOUND ( 'NONE', #1431, .T. ) ;
#4541 = VECTOR ( 'NONE', #2242, 39.37007874015748143 ) ;
#4542 = EDGE_CURVE ( 'NONE', #5319, #1924, #1684, .T. ) ;
#4543 = ORIENTED_EDGE ( 'NONE', *, *, #6954, .T. ) ;
#4544 = LINE ( 'NONE', #225, #4344 ) ;
#4545 = FACE_OUTER_BOUND ( 'NONE', #1177, .T. ) ;
#4546 = CARTESIAN_POINT ( 'NONE',  ( 0.7911340808444526917, -0.6302595964568091791, 0.007874015748031495954 ) ) ;
#4547 = VECTOR ( 'NONE', #4630, 39.37007874015748143 ) ;
#4548 = DIRECTION ( 'NONE',  ( 1.000000000000000000, 0.000000000000000000, 0.000000000000000000 ) ) ;
#4549 = CARTESIAN_POINT ( 'NONE',  ( 0.9407962188320474484, -0.5849840059054763897, -0.04429133858267716994 ) ) ;
#4550 = CARTESIAN_POINT ( 'NONE',  ( 0.7840048802493366775, -0.5908895177166575419, -0.06496062992125983815 ) ) ;
#4551 = VECTOR ( 'NONE', #2819, 39.37007874015748143 ) ;
#4552 = DIRECTION ( 'NONE',  ( 0.000000000000000000, -1.000000000000000000, 0.000000000000000000 ) ) ;
#4553 = DIRECTION ( 'NONE',  ( -0.2777913427738665231, 0.9606414366869109323, 0.000000000000000000 ) ) ;
#4554 = EDGE_LOOP ( 'NONE', ( #3560, #6728, #5632, #6357 ) ) ;
#4555 = VECTOR ( 'NONE', #3709, 39.37007874015748143 ) ;
#4556 = VECTOR ( 'NONE', #1386, 39.37007874015748143 ) ;
#4557 = VERTEX_POINT ( 'NONE', #3827 ) ;
#4558 = CARTESIAN_POINT ( 'NONE',  ( 0.8647135416666634766, -0.5495509350395306747, -0.08070866141732284393 ) ) ;
#4559 = ORIENTED_EDGE ( 'NONE', *, *, #2549, .F. ) ;
#4560 = CARTESIAN_POINT ( 'NONE',  ( 1.108614125721384180, -0.4308995454577534967, 0.06102362204724410405 ) ) ;
#4561 = CARTESIAN_POINT ( 'NONE',  ( 0.9407962188320474484, -0.5101808562992157237, -0.04429133858267716994 ) ) ;
#4562 = EDGE_CURVE ( 'NONE', #4110, #3148, #2244, .T. ) ;
#4563 = EDGE_CURVE ( 'NONE', #2773, #2592, #4809, .T. ) ;
#4564 = EDGE_CURVE ( 'NONE', #1147, #3617, #4771, .T. ) ;
#4565 = VERTEX_POINT ( 'NONE', #2111 ) ;
#4566 = ORIENTED_EDGE ( 'NONE', *, *, #4202, .T. ) ;
#4567 = DIRECTION ( 'NONE',  ( 0.000000000000000000, 0.000000000000000000, -1.000000000000000000 ) ) ;
#4568 = CIRCLE ( 'NONE', #6157, 0.01574803149606125718 ) ;
#4569 = CARTESIAN_POINT ( 'NONE',  ( 0.8915836204046850844, -33.39667614831810738, -0.03937007874015747977 ) ) ;
#4570 = DIRECTION ( 'NONE',  ( 0.000000000000000000, 1.000000000000000000, 0.000000000000000000 ) ) ;
#4571 = CARTESIAN_POINT ( 'NONE',  ( 0.7754418881233877681, -0.4904958169290952741, 0.03051181102362205202 ) ) ;
#4572 = DIRECTION ( 'NONE',  ( -7.151594084048490304E-14, 1.000000000000000000, 0.000000000000000000 ) ) ;
#4573 = ADVANCED_FACE ( 'NONE', ( #4256 ), #6415, .T. ) ;
#4574 = VERTEX_POINT ( 'NONE', #6979 ) ;
#4575 = ORIENTED_EDGE ( 'NONE', *, *, #4118, .T. ) ;
#4576 = CARTESIAN_POINT ( 'NONE',  ( 0.7840048802493366775, -0.5908895177166575419, 0.06496062992125983815 ) ) ;
#4577 = FACE_OUTER_BOUND ( 'NONE', #615, .T. ) ;
#4578 = ORIENTED_EDGE ( 'NONE', *, *, #6364, .T. ) ;
#4579 = DIRECTION ( 'NONE',  ( 0.000000000000000000, 1.000000000000000000, 0.000000000000000000 ) ) ;
#4580 = CARTESIAN_POINT ( 'NONE',  ( 0.9407962188320474484, -0.5298658956692529065, 0.06003937007874016185 ) ) ;
#4581 = LINE ( 'NONE', #5069, #5806 ) ;
#4582 = EDGE_CURVE ( 'NONE', #4420, #1564, #2144, .T. ) ;
#4583 = ORIENTED_EDGE ( 'NONE', *, *, #2555, .F. ) ;
#4584 = CARTESIAN_POINT ( 'NONE',  ( 1.099192598506855578, -0.4337499231479053363, -0.06886748814364991589 ) ) ;
#4585 = CARTESIAN_POINT ( 'NONE',  ( 1.114080404063698904, -0.4491572342521267802, 0.06102362204724410405 ) ) ;
#4586 = DIRECTION ( 'NONE',  ( -1.000000000000000000, 0.000000000000000000, 0.000000000000000000 ) ) ;
#4587 = ADVANCED_FACE ( 'NONE', ( #1855 ), #4004, .T. ) ;
#4588 = CARTESIAN_POINT ( 'NONE',  ( 0.9152056676509450206, -0.5101808562992157237, -0.04429133858267716994 ) ) ;
#4589 = DIRECTION ( 'NONE',  ( 1.000000000000000000, 0.000000000000000000, 0.000000000000000000 ) ) ;
#4590 = ORIENTED_EDGE ( 'NONE', *, *, #4477, .F. ) ;
#4591 = ORIENTED_EDGE ( 'NONE', *, *, #3623, .T. ) ;
#4592 = PLANE ( 'NONE',  #2720 ) ;
#4593 = ORIENTED_EDGE ( 'NONE', *, *, #5183, .F. ) ;
#4594 = CARTESIAN_POINT ( 'NONE',  ( 0.9395166912729547848, -0.4904958169292921721, -0.08070866141732284393 ) ) ;
#4595 = CARTESIAN_POINT ( 'NONE',  ( 0.7262292896981831225, -0.5849840059054763897, 0.03051181102362205202 ) ) ;
#4596 = VERTEX_POINT ( 'NONE', #805 ) ;
#4597 = VERTEX_POINT ( 'NONE', #2353 ) ;
#4598 = EDGE_CURVE ( 'NONE', #5291, #5346, #3934, .T. ) ;
#4599 = CARTESIAN_POINT ( 'NONE',  ( 1.015543529663344602, -0.5908895177166516577, 0.07874015748031495954 ) ) ;
#4600 = ADVANCED_FACE ( 'NONE', ( #671, #6658, #3970 ), #6696, .F. ) ;
#4601 = CARTESIAN_POINT ( 'NONE',  ( 0.6887718761201948592, -0.4686522447816141579, -0.07677165354330708902 ) ) ;
#4602 = PLANE ( 'NONE',  #3875 ) ;
#4603 = DIRECTION ( 'NONE',  ( 0.000000000000000000, 1.000000000000000000, 0.000000000000000000 ) ) ;
#4604 = AXIS2_PLACEMENT_3D ( 'NONE', #4828, #18, #1534 ) ;
#4605 = ORIENTED_EDGE ( 'NONE', *, *, #6772, .F. ) ;
#4606 = EDGE_LOOP ( 'NONE', ( #3802, #4143, #952, #3181 ) ) ;
#4607 = EDGE_CURVE ( 'NONE', #213, #4929, #3372, .T. ) ;
#4608 = EDGE_CURVE ( 'NONE', #6173, #3842, #5552, .T. ) ;
#4609 = DIRECTION ( 'NONE',  ( -1.000000000000000000, -7.569702440625950512E-14, 0.000000000000000000 ) ) ;
#4610 = EDGE_CURVE ( 'NONE', #2592, #220, #2279, .T. ) ;
#4611 = ORIENTED_EDGE ( 'NONE', *, *, #2709, .F. ) ;
#4612 = EDGE_LOOP ( 'NONE', ( #4692, #4092, #5893, #5355 ) ) ;
#4613 = CARTESIAN_POINT ( 'NONE',  ( 0.8147561280885452506, -0.6302595964568091791, -0.06299212598425196763 ) ) ;
#4614 = CARTESIAN_POINT ( 'NONE',  ( 0.9407962188320474484, -0.5101808562992157237, -0.04429133858267716994 ) ) ;
#4615 = LINE ( 'NONE', #4127, #4556 ) ;
#4616 = ORIENTED_EDGE ( 'NONE', *, *, #5691, .T. ) ;
#4617 = EDGE_CURVE ( 'NONE', #6065, #2680, #4458, .T. ) ;
#4618 = DIRECTION ( 'NONE',  ( 0.000000000000000000, -1.000000000000000000, 0.000000000000000000 ) ) ;
#4619 = DIRECTION ( 'NONE',  ( -1.000000000000000000, 0.000000000000000000, 0.000000000000000000 ) ) ;
#4620 = DIRECTION ( 'NONE',  ( 0.000000000000000000, 0.000000000000000000, -1.000000000000000000 ) ) ;
#4621 = CARTESIAN_POINT ( 'NONE',  ( 1.099809172068460850, -0.4334092027560711990, 0.06666936145416876847 ) ) ;
#4622 = DIRECTION ( 'NONE',  ( 0.000000000000000000, 0.000000000000000000, -1.000000000000000000 ) ) ;
#4623 = VECTOR ( 'NONE', #573, 39.37007874015748143 ) ;
#4624 = ORIENTED_EDGE ( 'NONE', *, *, #1330, .F. ) ;
#4625 = ORIENTED_EDGE ( 'NONE', *, *, #2815, .F. ) ;
#4626 = CIRCLE ( 'NONE', #4403, 0.01574803149606125718 ) ;
#4627 = VECTOR ( 'NONE', #1367, 39.37007874015748143 ) ;
#4628 = CARTESIAN_POINT ( 'NONE',  ( 0.8580632147027226209, -0.5908895177166516577, 0.007874015748031495954 ) ) ;
#4629 = EDGE_LOOP ( 'NONE', ( #3010, #6066, #559, #358 ) ) ;
#4630 = DIRECTION ( 'NONE',  ( 0.000000000000000000, -1.000000000000000000, 0.000000000000000000 ) ) ;
#4631 = FACE_OUTER_BOUND ( 'NONE', #3962, .T. ) ;
#4632 = VECTOR ( 'NONE', #345, 39.37007874015748143 ) ;
#4633 = VERTEX_POINT ( 'NONE', #4424 ) ;
#4634 = VERTEX_POINT ( 'NONE', #4943 ) ;
#4635 = LINE ( 'NONE', #2524, #4185 ) ;
#4636 = DIRECTION ( 'NONE',  ( -6.530723674265489280E-14, -1.000000000000000000, 0.000000000000000000 ) ) ;
#4637 = DIRECTION ( 'NONE',  ( 0.000000000000000000, 0.000000000000000000, -1.000000000000000000 ) ) ;
#4638 = CYLINDRICAL_SURFACE ( 'NONE', #6103, 0.01574803149606299191 ) ;
#4639 = ORIENTED_EDGE ( 'NONE', *, *, #294, .T. ) ;
#4640 = VERTEX_POINT ( 'NONE', #1824 ) ;
#4641 = CARTESIAN_POINT ( 'NONE',  ( 0.7438899863564528703, -0.5908895177166516577, -0.06299212598425196763 ) ) ;
#4642 = PLANE ( 'NONE',  #3300 ) ;
#4643 = ORIENTED_EDGE ( 'NONE', *, *, #3887, .T. ) ;
#4644 = CARTESIAN_POINT ( 'NONE',  ( 0.6887718761201948592, -0.4491572342521267802, -0.06102362204724410405 ) ) ;
#4645 = DIRECTION ( 'NONE',  ( 0.000000000000000000, 0.000000000000000000, -1.000000000000000000 ) ) ;
#4646 = CARTESIAN_POINT ( 'NONE',  ( 0.7840048802493366775, -0.5908895177166575419, 0.08070866141732284393 ) ) ;
#4647 = EDGE_CURVE ( 'NONE', #4839, #5778, #1336, .T. ) ;
#4648 = EDGE_CURVE ( 'NONE', #3463, #6881, #3269, .T. ) ;
#4649 = VERTEX_POINT ( 'NONE', #774 ) ;
#4650 = VECTOR ( 'NONE', #4570, 39.37007874015748143 ) ;
#4651 = CARTESIAN_POINT ( 'NONE',  ( 1.059595431430434997, -0.5908895177166949564, -0.08070866141732284393 ) ) ;
#4652 = DIRECTION ( 'NONE',  ( 0.000000000000000000, 0.000000000000000000, -1.000000000000000000 ) ) ;
#4653 = CARTESIAN_POINT ( 'NONE',  ( 1.099774062363094496, -0.4357607067404508094, 0.07383827822261865292 ) ) ;
#4654 = CARTESIAN_POINT ( 'NONE',  ( 0.9395166912729547848, -0.5495509350395306747, 0.08070866141732284393 ) ) ;
#4655 = CARTESIAN_POINT ( 'NONE',  ( 0.6907403800572066155, -0.4686522447816141579, 0.08070866141732284393 ) ) ;
#4656 = AXIS2_PLACEMENT_3D ( 'NONE', #1020, #636, #4255 ) ;
#4657 = EDGE_CURVE ( 'NONE', #6590, #3100, #1195, .T. ) ;
#4658 = ORIENTED_EDGE ( 'NONE', *, *, #4988, .T. ) ;
#4659 = AXIS2_PLACEMENT_3D ( 'NONE', #6684, #2930, #2236 ) ;
#4660 = ORIENTED_EDGE ( 'NONE', *, *, #6002, .F. ) ;
#4661 = CARTESIAN_POINT ( 'NONE',  ( 0.7840048802493366775, -0.5908895177166575419, 0.08070866141732284393 ) ) ;
#4662 = ORIENTED_EDGE ( 'NONE', *, *, #2027, .T. ) ;
#4663 = DIRECTION ( 'NONE',  ( 0.000000000000000000, 0.000000000000000000, -1.000000000000000000 ) ) ;
#4664 =( CONVERSION_BASED_UNIT ( 'INCH', #2979 ) LENGTH_UNIT ( ) NAMED_UNIT ( #1050 ) );
#4665 = VECTOR ( 'NONE', #5855, 39.37007874015748143 ) ;
#4666 = EDGE_CURVE ( 'NONE', #1945, #1212, #4527, .T. ) ;
#4667 = VERTEX_POINT ( 'NONE', #5089 ) ;
#4668 = CIRCLE ( 'NONE', #1311, 0.01574803149606125718 ) ;
#4669 = ORIENTED_EDGE ( 'NONE', *, *, #6073, .T. ) ;
#4670 = CARTESIAN_POINT ( 'NONE',  ( 0.9289851952100020016, -0.4904958169290952741, 0.01968503937007873988 ) ) ;
#4671 = DIRECTION ( 'NONE',  ( -1.000000000000000000, 0.000000000000000000, 0.000000000000000000 ) ) ;
#4672 = CARTESIAN_POINT ( 'NONE',  ( 0.7911340808444526917, -0.7129367618111791538, -0.2145669291338582751 ) ) ;
#4673 = DIRECTION ( 'NONE',  ( -1.000000000000000000, 0.000000000000000000, 0.000000000000000000 ) ) ;
#4674 = VECTOR ( 'NONE', #3996, 39.37007874015748143 ) ;
#4675 = ORIENTED_EDGE ( 'NONE', *, *, #1489, .T. ) ;
#4676 = ORIENTED_EDGE ( 'NONE', *, *, #531, .F. ) ;
#4677 = VECTOR ( 'NONE', #6423, 39.37007874015748143 ) ;
#4678 = ORIENTED_EDGE ( 'NONE', *, *, #2160, .F. ) ;
#4679 = CARTESIAN_POINT ( 'NONE',  ( 0.7871970729706301295, -0.6302595964568091791, 0.07874015748031495954 ) ) ;
#4680 = EDGE_LOOP ( 'NONE', ( #5534, #1701, #6840, #1722 ) ) ;
#4681 = ORIENTED_EDGE ( 'NONE', *, *, #5653, .F. ) ;
#4682 = CARTESIAN_POINT ( 'NONE',  ( 0.8410914944225630352, -0.4904958169292921721, 0.08070866141732284393 ) ) ;
#4683 = CARTESIAN_POINT ( 'NONE',  ( 0.6907403800572066155, -0.4686522447816141579, -0.08070866141732284393 ) ) ;
#4684 = CIRCLE ( 'NONE', #5138, 0.01181102362204594289 ) ;
#4685 = EDGE_LOOP ( 'NONE', ( #4337, #2564, #4506, #783 ) ) ;
#4686 = ADVANCED_FACE ( 'NONE', ( #280 ), #6016, .F. ) ;
#4687 = EDGE_CURVE ( 'NONE', #94, #2647, #5483, .T. ) ;
#4688 = CARTESIAN_POINT ( 'NONE',  ( 0.8128434629265374189, -0.3152989665353965187, 0.03937007874015747977 ) ) ;
#4689 = CARTESIAN_POINT ( 'NONE',  ( 0.9407962188320474484, -0.5298658956692529065, -0.04429133858267716994 ) ) ;
#4690 = FACE_OUTER_BOUND ( 'NONE', #3475, .T. ) ;
#4691 = CARTESIAN_POINT ( 'NONE',  ( 0.9604254194271298894, -0.5357714074804330595, 0.007874015748031495954 ) ) ;
#4692 = ORIENTED_EDGE ( 'NONE', *, *, #3930, .T. ) ;
#4693 = ADVANCED_FACE ( 'NONE', ( #3865 ), #199, .F. ) ;
#4694 = DIRECTION ( 'NONE',  ( 0.000000000000000000, -1.000000000000000000, 0.000000000000000000 ) ) ;
#4695 = ORIENTED_EDGE ( 'NONE', *, *, #2634, .T. ) ;
#4696 = CARTESIAN_POINT ( 'NONE',  ( 1.113215619241661347, -0.4468057466046039816, 0.06102362204724410405 ) ) ;
#4697 = SURFACE_STYLE_FILL_AREA ( #4035 ) ;
#4698 = CARTESIAN_POINT ( 'NONE',  ( 0.6932869758123109127, -0.4339383172645503439, 0.06102362204724399997 ) ) ;
#4699 = ORIENTED_EDGE ( 'NONE', *, *, #3120, .T. ) ;
#4700 = EDGE_LOOP ( 'NONE', ( #4362, #6241, #720, #3707 ) ) ;
#4701 = DIRECTION ( 'NONE',  ( 0.000000000000000000, 0.000000000000000000, -1.000000000000000000 ) ) ;
#4702 = CARTESIAN_POINT ( 'NONE',  ( 0.7911340808444526917, -0.7129367618111791538, -0.007874015748031495954 ) ) ;
#4703 = LINE ( 'NONE', #2526, #1958 ) ;
#4704 = CARTESIAN_POINT ( 'NONE',  ( 0.7144182660761357884, -0.5731729822834260579, 0.01968503937007873988 ) ) ;
#4705 = EDGE_CURVE ( 'NONE', #2087, #4825, #3583, .T. ) ;
#4706 = VERTEX_POINT ( 'NONE', #4171 ) ;
#4707 = ORIENTED_EDGE ( 'NONE', *, *, #2888, .T. ) ;
#4708 = EDGE_CURVE ( 'NONE', #3261, #1302, #6333, .T. ) ;
#4709 = EDGE_LOOP ( 'NONE', ( #1024, #1278, #3682, #2218, #4845, #6832 ) ) ;
#4710 = VECTOR ( 'NONE', #3780, 39.37007874015748143 ) ;
#4711 = CARTESIAN_POINT ( 'NONE',  ( -72.67989785495451827, -0.7129367618111791538, -0.07874015748031495954 ) ) ;
#4712 = ORIENTED_EDGE ( 'NONE', *, *, #316, .T. ) ;
#4713 = CARTESIAN_POINT ( 'NONE',  ( 0.7871970729706301295, -0.5908895177166516577, 0.07874015748031495954 ) ) ;
#4714 = CARTESIAN_POINT ( 'NONE',  ( 1.109339850267643479, -0.4334092027560654259, 0.06102362204724410405 ) ) ;
#4715 = CARTESIAN_POINT ( 'NONE',  ( 0.6921468884164625468, -0.4657805766128355063, -0.06496062992125983815 ) ) ;
#4716 = ADVANCED_FACE ( 'NONE', ( #941 ), #5801, .F. ) ;
#4717 = ORIENTED_EDGE ( 'NONE', *, *, #2754, .T. ) ;
#4718 = PLANE ( 'NONE',  #4404 ) ;
#4719 = DIRECTION ( 'NONE',  ( 1.000000000000000000, 0.000000000000000000, 0.000000000000000000 ) ) ;
#4720 = CARTESIAN_POINT ( 'NONE',  ( 0.9407962188320474484, -0.5849840059054763897, -0.06003937007874016185 ) ) ;
#4721 = CARTESIAN_POINT ( 'NONE',  ( 0.6992043068859487009, -0.4491572342521267802, 0.08070866141732284393 ) ) ;
#4722 = LINE ( 'NONE', #5360, #3248 ) ;
#4723 = ORIENTED_EDGE ( 'NONE', *, *, #5868, .T. ) ;
#4724 = DIRECTION ( 'NONE',  ( -0.7071067811865474617, 0.7071067811865474617, 0.000000000000000000 ) ) ;
#4725 = ORIENTED_EDGE ( 'NONE', *, *, #1042, .F. ) ;
#4726 = DIRECTION ( 'NONE',  ( 0.000000000000000000, -1.000000000000000000, 0.000000000000000000 ) ) ;
#4727 = CARTESIAN_POINT ( 'NONE',  ( 1.103647973297753992, -0.4491572342520874228, 0.08070866141733053223 ) ) ;
#4728 = CARTESIAN_POINT ( 'NONE',  ( 0.6993156692202007196, -0.4487721276763779188, 0.07086614173228347746 ) ) ;
#4729 = ADVANCED_FACE ( 'NONE', ( #1995 ), #6268, .F. ) ;
#4730 = ADVANCED_FACE ( 'NONE', ( #4631 ), #4141, .T. ) ;
#4731 = ORIENTED_EDGE ( 'NONE', *, *, #5947, .T. ) ;
#4732 = VECTOR ( 'NONE', #2699, 39.37007874015748143 ) ;
#4733 = VECTOR ( 'NONE', #6205, 39.37007874015748143 ) ;
#4734 = ORIENTED_EDGE ( 'NONE', *, *, #1405, .F. ) ;
#4735 = LINE ( 'NONE', #2212, #2492 ) ;
#4736 = DIRECTION ( 'NONE',  ( 0.000000000000000000, 0.000000000000000000, -1.000000000000000000 ) ) ;
#4737 = CARTESIAN_POINT ( 'NONE',  ( 1.059595431430434997, -0.6420706200788995899, -0.06496062992125983815 ) ) ;
#4738 = CARTESIAN_POINT ( 'NONE',  ( 0.6887718761202302753, -0.5908895177166516577, 0.07874015748031495954 ) ) ;
#4739 = VECTOR ( 'NONE', #3296, 39.37007874015748143 ) ;
#4740 = EDGE_CURVE ( 'NONE', #1609, #6460, #877, .T. ) ;
#4741 = ORIENTED_EDGE ( 'NONE', *, *, #3321, .F. ) ;
#4742 = ORIENTED_EDGE ( 'NONE', *, *, #230, .F. ) ;
#4743 = ORIENTED_EDGE ( 'NONE', *, *, #251, .F. ) ;
#4744 = VECTOR ( 'NONE', #4724, 39.37007874015748854 ) ;
#4745 = DIRECTION ( 'NONE',  ( 0.000000000000000000, 0.000000000000000000, -1.000000000000000000 ) ) ;
#4746 = CARTESIAN_POINT ( 'NONE',  ( 0.9900088172572442113, -0.4491572342519299932, 0.06003937007874016185 ) ) ;
#4747 = EDGE_LOOP ( 'NONE', ( #2248, #4150, #1666, #4662 ) ) ;
#4748 = CARTESIAN_POINT ( 'NONE',  ( 0.8423151832068446199, -0.5357714074804330595, 0.007874015748031495954 ) ) ;
#4749 = CARTESIAN_POINT ( 'NONE',  ( 0.6887718761201948592, -0.4491572342521267802, -0.08070866141732284393 ) ) ;
#4750 = DIRECTION ( 'NONE',  ( 0.000000000000000000, 0.000000000000000000, 1.000000000000000000 ) ) ;
#4751 = VERTEX_POINT ( 'NONE', #3550 ) ;
#4752 = FACE_OUTER_BOUND ( 'NONE', #5814, .T. ) ;
#4753 = CARTESIAN_POINT ( 'NONE',  ( 0.9446773879310689237, -0.5357714074804330595, -0.007874015748031495954 ) ) ;
#4754 = CARTESIAN_POINT ( 'NONE',  ( 0.9631387385170552262, -0.4904958169292921721, -0.08070866141732284393 ) ) ;
#4755 = CARTESIAN_POINT ( 'NONE',  ( 1.059595431430434997, -0.5908895177166949564, -0.06496062992125983815 ) ) ;
#4756 = DIRECTION ( 'NONE',  ( 0.000000000000000000, 0.000000000000000000, 1.000000000000000000 ) ) ;
#4757 = AXIS2_PLACEMENT_3D ( 'NONE', #6378, #2631, #5843 ) ;
#4758 = UNCERTAINTY_MEASURE_WITH_UNIT (LENGTH_MEASURE( 1.000000000000000082E-05 ), #4664, 'distance_accuracy_value', 'NONE');
#4759 = DIRECTION ( 'NONE',  ( 0.000000000000000000, 0.000000000000000000, 1.000000000000000000 ) ) ;
#4760 = EDGE_LOOP ( 'NONE', ( #2853, #4779, #944, #768 ) ) ;
#4761 = PLANE ( 'NONE',  #6365 ) ;
#4762 = AXIS2_PLACEMENT_3D ( 'NONE', #2872, #1296, #6656 ) ;
#4763 = CARTESIAN_POINT ( 'NONE',  ( 1.107607900217634000, -0.4594564280026795511, 0.06496062992125983815 ) ) ;
#4764 = DIRECTION ( 'NONE',  ( 1.000000000000000000, 0.000000000000000000, 0.000000000000000000 ) ) ;
#4765 = ORIENTED_EDGE ( 'NONE', *, *, #4090, .T. ) ;
#4766 = VECTOR ( 'NONE', #6447, 39.37007874015748143 ) ;
#4767 = VERTEX_POINT ( 'NONE', #6298 ) ;
#4768 = CARTESIAN_POINT ( 'NONE',  ( 0.9446773879310689237, -0.5357714074804330595, 0.007874015748031495954 ) ) ;
#4769 = LINE ( 'NONE', #1617, #4204 ) ;
#4770 = DIRECTION ( 'NONE',  ( 0.000000000000000000, -1.000000000000000000, 0.000000000000000000 ) ) ;
#4771 = LINE ( 'NONE', #34, #5979 ) ;
#4772 = EDGE_CURVE ( 'NONE', #1757, #5982, #4626, .T. ) ;
#4773 = EDGE_CURVE ( 'NONE', #2009, #2636, #1890, .T. ) ;
#4774 = EDGE_CURVE ( 'NONE', #6376, #2480, #2519, .T. ) ;
#4775 = CIRCLE ( 'NONE', #5223, 0.01574803149606299538 ) ;
#4776 = MANIFOLD_SOLID_BREP ( 'Imported3', #5777 ) ;
#4777 = ORIENTED_EDGE ( 'NONE', *, *, #6610, .T. ) ;
#4778 = VERTEX_POINT ( 'NONE', #4595 ) ;
#4779 = ORIENTED_EDGE ( 'NONE', *, *, #3274, .T. ) ;
#4780 = DIRECTION ( 'NONE',  ( 0.000000000000000000, 0.000000000000000000, -1.000000000000000000 ) ) ;
#4781 = VECTOR ( 'NONE', #1798, 39.37007874015748143 ) ;
#4782 = CARTESIAN_POINT ( 'NONE',  ( 1.011606521789328639, -0.7129367618111791538, -0.007874015748031495954 ) ) ;
#4783 = ADVANCED_FACE ( 'NONE', ( #1118 ), #3650, .F. ) ;
#4784 = ORIENTED_EDGE ( 'NONE', *, *, #5422, .F. ) ;
#4785 = LINE ( 'NONE', #5175, #5361 ) ;
#4786 = DIRECTION ( 'NONE',  ( 0.000000000000000000, 0.000000000000000000, 1.000000000000000000 ) ) ;
#4787 = PLANE ( 'NONE',  #6375 ) ;
#4788 = ORIENTED_EDGE ( 'NONE', *, *, #6530, .F. ) ;
#4789 = AXIS2_PLACEMENT_3D ( 'NONE', #3818, #5969, #2235 ) ;
#4790 = VERTEX_POINT ( 'NONE', #4833 ) ;
#4791 = DIRECTION ( 'NONE',  ( 0.000000000000000000, 0.000000000000000000, -1.000000000000000000 ) ) ;
#4792 = VECTOR ( 'NONE', #3243, 39.37007874015748854 ) ;
#4793 = CARTESIAN_POINT ( 'NONE',  ( 0.9486702345800788194, -0.5731729822834260579, -0.03051181102362205202 ) ) ;
#4794 = LINE ( 'NONE', #5931, #1301 ) ;
#4795 = LINE ( 'NONE', #5897, #901 ) ;
#4796 = ADVANCED_FACE ( 'NONE', ( #2061 ), #2725, .F. ) ;
#4797 = VECTOR ( 'NONE', #3873, 39.37007874015748143 ) ;
#4798 = EDGE_CURVE ( 'NONE', #1000, #2172, #2206, .T. ) ;
#4799 = DIRECTION ( 'NONE',  ( 0.000000000000000000, 0.000000000000000000, 1.000000000000000000 ) ) ;
#4800 = ORIENTED_EDGE ( 'NONE', *, *, #4267, .T. ) ;
#4801 = LINE ( 'NONE', #6971, #6017 ) ;
#4802 = CARTESIAN_POINT ( 'NONE',  ( 0.9879844745452361909, -0.7129367618111791538, -0.007874015748031495954 ) ) ;
#4803 = CARTESIAN_POINT ( 'NONE',  ( 1.043102584781460562, -0.5908895177166516577, 0.007874015748031495954 ) ) ;
#4804 = VERTEX_POINT ( 'NONE', #1542 ) ;
#4805 = ORIENTED_EDGE ( 'NONE', *, *, #6055, .F. ) ;
#4806 = CARTESIAN_POINT ( 'NONE',  ( 0.8147561280885452506, -0.6302595964568091791, 0.007874015748031495954 ) ) ;
#4807 = DIRECTION ( 'NONE',  ( 0.000000000000000000, 0.000000000000000000, 1.000000000000000000 ) ) ;
#4808 = CARTESIAN_POINT ( 'NONE',  ( 1.113968726513744123, -0.6302595964568091791, 0.07874015748031495954 ) ) ;
#4809 = LINE ( 'NONE', #5845, #1151 ) ;
#4810 = ORIENTED_EDGE ( 'NONE', *, *, #6433, .T. ) ;
#4811 = ADVANCED_FACE ( 'NONE', ( #5937 ), #4455, .F. ) ;
#4812 = ORIENTED_EDGE ( 'NONE', *, *, #1468, .T. ) ;
#4813 = ADVANCED_FACE ( 'NONE', ( #4868 ), #1643, .F. ) ;
#4814 = ORIENTED_EDGE ( 'NONE', *, *, #5222, .T. ) ;
#4815 = LINE ( 'NONE', #6453, #3391 ) ;
#4816 = DIRECTION ( 'NONE',  ( -1.000000000000000000, 0.000000000000000000, 0.000000000000000000 ) ) ;
#4817 = VERTEX_POINT ( 'NONE', #2168 ) ;
#4818 = DIRECTION ( 'NONE',  ( 1.000000000000000000, -1.850371707708115196E-13, 0.000000000000000000 ) ) ;
#4819 = CARTESIAN_POINT ( 'NONE',  ( 0.7262292896981831225, -0.5731729822834260579, 0.03051181102362205202 ) ) ;
#4820 = CARTESIAN_POINT ( 'NONE',  ( 0.6952443799662597623, -0.4594564280026795511, -0.08070866141732284393 ) ) ;
#4821 = ORIENTED_EDGE ( 'NONE', *, *, #2888, .F. ) ;
#4822 = ADVANCED_FACE ( 'NONE', ( #6509 ), #2102, .F. ) ;
#4823 = CIRCLE ( 'NONE', #4375, 0.01574803149606125718 ) ;
#4824 = ADVANCED_FACE ( 'NONE', ( #6900 ), #1150, .F. ) ;
#4825 = VERTEX_POINT ( 'NONE', #3253 ) ;
#4826 = CARTESIAN_POINT ( 'NONE',  ( 0.6992043068859487009, -0.4491572342521267802, 0.06496062992125983815 ) ) ;
#4827 = DIRECTION ( 'NONE',  ( 0.000000000000000000, 0.000000000000000000, -1.000000000000000000 ) ) ;
#4828 = CARTESIAN_POINT ( 'NONE',  ( 0.8895592776948445524, -0.7877399114174391537, 0.07874015748031495954 ) ) ;
#4829 = EDGE_CURVE ( 'NONE', #2297, #3255, #5398, .T. ) ;
#4830 = CARTESIAN_POINT ( 'NONE',  ( 0.7871970729706301295, -0.5908895177166516577, -0.06299212598425196763 ) ) ;
#4831 = ORIENTED_EDGE ( 'NONE', *, *, #1276, .F. ) ;
#4832 = DIRECTION ( 'NONE',  ( 0.000000000000000000, 1.000000000000000000, 0.000000000000000000 ) ) ;
#4833 = CARTESIAN_POINT ( 'NONE',  ( 1.051721415682403515, -0.6499446358269685975, 0.06496062992125983815 ) ) ;
#4834 = FACE_OUTER_BOUND ( 'NONE', #5833, .T. ) ;
#4835 = VERTEX_POINT ( 'NONE', #1676 ) ;
#4836 = ORIENTED_EDGE ( 'NONE', *, *, #3843, .F. ) ;
#4837 = PRODUCT_RELATED_PRODUCT_CATEGORY ( 'part', '', ( #6100 ) ) ;
#4838 = DIRECTION ( 'NONE',  ( 0.000000000000000000, 0.000000000000000000, 1.000000000000000000 ) ) ;
#4839 = VERTEX_POINT ( 'NONE', #4802 ) ;
#4840 = CYLINDRICAL_SURFACE ( 'NONE', #4426, 0.01181102362204724046 ) ;
#4841 = DIRECTION ( 'NONE',  ( 0.000000000000000000, 0.000000000000000000, -1.000000000000000000 ) ) ;
#4842 = DIRECTION ( 'NONE',  ( 0.000000000000000000, 0.000000000000000000, 1.000000000000000000 ) ) ;
#4843 = CIRCLE ( 'NONE', #4511, 0.007874015748030628592 ) ;
#4844 = ORIENTED_EDGE ( 'NONE', *, *, #6709, .F. ) ;
#4845 = ORIENTED_EDGE ( 'NONE', *, *, #658, .F. ) ;
#4846 = ORIENTED_EDGE ( 'NONE', *, *, #4435, .F. ) ;
#4847 = PLANE ( 'NONE',  #6208 ) ;
#4848 = B_SPLINE_CURVE_WITH_KNOTS ( 'NONE', 3,
 ( #4721, #1634, #6362, #4341, #5830, #1006 ),
 .UNSPECIFIED., .F., .F.,
 ( 4, 2, 4 ),
 ( 0.000000000000000000, 0.0002422542562542557318, 0.0004845085125085114635 ),
 .UNSPECIFIED. ) ;
#4849 = LINE ( 'NONE', #4191, #5320 ) ;
#4850 = AXIS2_PLACEMENT_3D ( 'NONE', #6448, #72, #4842 ) ;
#4851 = VERTEX_POINT ( 'NONE', #1013 ) ;
#4852 = AXIS2_PLACEMENT_3D ( 'NONE', #561, #30, #5975 ) ;
#4853 = CARTESIAN_POINT ( 'NONE',  ( 1.020225352690281584, -0.6420706200788995899, 0.08070866141732284393 ) ) ;
#4854 = DIRECTION ( 'NONE',  ( 0.000000000000000000, 0.000000000000000000, -1.000000000000000000 ) ) ;
#4855 = ORIENTED_EDGE ( 'NONE', *, *, #3430, .F. ) ;
#4856 = ORIENTED_EDGE ( 'NONE', *, *, #5779, .F. ) ;
#4857 = AXIS2_PLACEMENT_3D ( 'NONE', #2058, #6969, #1608 ) ;
#4858 = VERTEX_POINT ( 'NONE', #3150 ) ;
#4859 = CARTESIAN_POINT ( 'NONE',  ( 0.6981329345725629798, -0.4528621900221267982, 0.06496062992125983815 ) ) ;
#4860 = DIRECTION ( 'NONE',  ( 1.000000000000000000, 0.000000000000000000, 0.000000000000000000 ) ) ;
#4861 = DIRECTION ( 'NONE',  ( 0.000000000000000000, 0.000000000000000000, -1.000000000000000000 ) ) ;
#4862 = EDGE_CURVE ( 'NONE', #1302, #5776, #1574, .T. ) ;
#4863 = EDGE_CURVE ( 'NONE', #2700, #5048, #2622, .T. ) ;
#4864 = LINE ( 'NONE', #2099, #5424 ) ;
#4865 = ORIENTED_EDGE ( 'NONE', *, *, #4740, .T. ) ;
#4866 = CARTESIAN_POINT ( 'NONE',  ( 0.9900088172572442113, -0.4491572342519299932, 0.06003937007874016185 ) ) ;
#4867 = LINE ( 'NONE', #1610, #2858 ) ;
#4868 = FACE_OUTER_BOUND ( 'NONE', #6792, .T. ) ;
#4869 = EDGE_CURVE ( 'NONE', #4313, #5958, #3720, .T. ) ;
#4870 = CARTESIAN_POINT ( 'NONE',  ( 0.6895704204395763925, -0.4467843498386956935, 0.06102362204724410405 ) ) ;
#4871 = VECTOR ( 'NONE', #181, 39.37007874015748143 ) ;
#4872 = VERTEX_POINT ( 'NONE', #6117 ) ;
#4873 = AXIS2_PLACEMENT_3D ( 'NONE', #1999, #6873, #2032 ) ;
#4874 = ORIENTED_EDGE ( 'NONE', *, *, #5517, .F. ) ;
#4875 = DIRECTION ( 'NONE',  ( 1.000000000000000000, 0.000000000000000000, 0.000000000000000000 ) ) ;
#4876 = FACE_OUTER_BOUND ( 'NONE', #6269, .T. ) ;
#4877 = CARTESIAN_POINT ( 'NONE',  ( 0.9395166912729547848, -0.4904958169292921721, 0.06496062992125983815 ) ) ;
#4878 = DIRECTION ( 'NONE',  ( 0.000000000000000000, 1.000000000000000000, 0.000000000000000000 ) ) ;
#4879 = VECTOR ( 'NONE', #1922, 39.37007874015748143 ) ;
#4880 = ORIENTED_EDGE ( 'NONE', *, *, #6902, .T. ) ;
#4881 = VERTEX_POINT ( 'NONE', #2761 ) ;
#4882 = ORIENTED_EDGE ( 'NONE', *, *, #1096, .T. ) ;
#4883 = CARTESIAN_POINT ( 'NONE',  ( -72.78106826860452827, -33.39667614831810738, -0.04429133858267716994 ) ) ;
#4884 = CARTESIAN_POINT ( 'NONE',  ( 0.6730238446241337824, -0.6696296751970117755, 0.08070866141732284393 ) ) ;
#4885 = VECTOR ( 'NONE', #1670, 39.37007874015748143 ) ;
#4886 = CARTESIAN_POINT ( 'NONE',  ( 0.9395166912729547848, -0.5495509350395306747, 0.08070866141732284393 ) ) ;
#4887 = ORIENTED_EDGE ( 'NONE', *, *, #2766, .T. ) ;
#4888 = CARTESIAN_POINT ( 'NONE',  ( 1.020225352690281584, -0.5908895177166575419, 0.06496062992125983815 ) ) ;
#4889 = SURFACE_STYLE_USAGE ( .BOTH. , #1663 ) ;
#4890 = CARTESIAN_POINT ( 'NONE',  ( 0.7636308645013326624, -0.5849840059054763897, -0.06003937007874016185 ) ) ;
#4891 = ORIENTED_EDGE ( 'NONE', *, *, #6039, .T. ) ;
#4892 = VECTOR ( 'NONE', #4786, 39.37007874015748143 ) ;
#4893 = ORIENTED_EDGE ( 'NONE', *, *, #3798, .T. ) ;
#4894 = VECTOR ( 'NONE', #1323, 39.37007874015748143 ) ;
#4895 = ORIENTED_EDGE ( 'NONE', *, *, #6499, .T. ) ;
#4896 = CARTESIAN_POINT ( 'NONE',  ( 0.7034865414965749686, -0.4343486661828732665, 0.06496062992125983815 ) ) ;
#4897 = DIRECTION ( 'NONE',  ( 0.000000000000000000, 0.000000000000000000, -1.000000000000000000 ) ) ;
#4898 = DIRECTION ( 'NONE',  ( 0.000000000000000000, 0.000000000000000000, -1.000000000000000000 ) ) ;
#4899 = CIRCLE ( 'NONE', #2764, 0.01574803149606125718 ) ;
#4900 = EDGE_CURVE ( 'NONE', #6915, #5264, #3397, .T. ) ;
#4901 = VECTOR ( 'NONE', #961, 39.37007874015748143 ) ;
#4902 = DIRECTION ( 'NONE',  ( 1.000000000000000000, 7.569702440625950512E-14, 0.000000000000000000 ) ) ;
#4903 = ORIENTED_EDGE ( 'NONE', *, *, #4289, .T. ) ;
#4904 = CARTESIAN_POINT ( 'NONE',  ( 0.8128434629265374189, -0.3152989665354357651, -0.03937007874015747977 ) ) ;
#4905 = CARTESIAN_POINT ( 'NONE',  ( 0.7144182660761357884, -0.4491572342519299932, -0.01968503937007873988 ) ) ;
#4906 = SURFACE_STYLE_USAGE ( .BOTH. , #3893 ) ;
#4907 = LINE ( 'NONE', #1084, #74 ) ;
#4908 = VERTEX_POINT ( 'NONE', #3995 ) ;
#4909 = ADVANCED_FACE ( 'NONE', ( #729 ), #1746, .F. ) ;
#4910 = ORIENTED_EDGE ( 'NONE', *, *, #2845, .T. ) ;
#4911 = LINE ( 'NONE', #5441, #5304 ) ;
#4912 = CARTESIAN_POINT ( 'NONE',  ( 0.7446348015091733830, -0.5908895177166949564, 0.08070866141732284393 ) ) ;
#4913 = CARTESIAN_POINT ( 'NONE',  ( 0.6887718761201948592, -0.4491572342521267802, 0.06102362204724410405 ) ) ;
#4914 = CARTESIAN_POINT ( 'NONE',  ( 0.7636308645013326624, -0.5849840059054763897, 0.04429133858267716994 ) ) ;
#4915 = ORIENTED_EDGE ( 'NONE', *, *, #5332, .T. ) ;
#4916 = ORIENTED_EDGE ( 'NONE', *, *, #3322, .F. ) ;
#4917 = MANIFOLD_SOLID_BREP ( 'Imported2', #6235 ) ;
#4918 = VERTEX_POINT ( 'NONE', #662 ) ;
#4919 = EDGE_CURVE ( 'NONE', #6451, #1231, #6079, .T. ) ;
#4920 = PLANE ( 'NONE',  #1819 ) ;
#4921 = PLANE ( 'NONE',  #162 ) ;
#4922 = DIRECTION ( 'NONE',  ( 0.000000000000000000, -1.000000000000000000, 0.000000000000000000 ) ) ;
#4923 = CARTESIAN_POINT ( 'NONE',  ( 1.110705391767238259, -0.4657805766128355063, -0.06496062992125983815 ) ) ;
#4924 = PLANE ( 'NONE',  #1196 ) ;
#4925 = DIRECTION ( 'NONE',  ( 1.000000000000000000, 0.000000000000000000, 0.000000000000000000 ) ) ;
#4926 = EDGE_LOOP ( 'NONE', ( #5878, #1382, #2738, #3607 ) ) ;
#4927 = EDGE_CURVE ( 'NONE', #483, #2629, #1249, .T. ) ;
#4928 = EDGE_LOOP ( 'NONE', ( #4537, #6068, #815, #6226 ) ) ;
#4929 = VERTEX_POINT ( 'NONE', #692 ) ;
#4930 = CARTESIAN_POINT ( 'NONE',  ( 0.6921468884164625468, -0.4657805766128355063, 0.08070866141732284393 ) ) ;
#4931 = CARTESIAN_POINT ( 'NONE',  ( 1.129828435559769861, -0.4686522447816141579, -0.06102362204724410405 ) ) ;
#4932 = DIRECTION ( 'NONE',  ( -1.000000000000000000, 5.286776307738859121E-14, 0.000000000000000000 ) ) ;
#4933 = VECTOR ( 'NONE', #2411, 39.37007874015748143 ) ;
#4934 = DIRECTION ( 'NONE',  ( 0.000000000000000000, 0.000000000000000000, 1.000000000000000000 ) ) ;
#4935 = LINE ( 'NONE', #660, #977 ) ;
#4936 = CARTESIAN_POINT ( 'NONE',  ( 0.6889585280664646261, -0.4491572342521267802, -0.06102362204724410405 ) ) ;
#4937 = CARTESIAN_POINT ( 'NONE',  ( 1.112111900126696806, -0.5908895177166949564, -0.08070866141732284393 ) ) ;
#4938 = ORIENTED_EDGE ( 'NONE', *, *, #6783, .F. ) ;
#4939 = VERTEX_POINT ( 'NONE', #2343 ) ;
#4940 = LINE ( 'NONE', #173, #5762 ) ;
#4941 = PLANE ( 'NONE',  #623 ) ;
#4942 = CARTESIAN_POINT ( 'NONE',  ( 0.8029451044665000259, -0.6971887303151181881, -0.2027559055118110243 ) ) ;
#4943 = CARTESIAN_POINT ( 'NONE',  ( 0.7596380178525137250, -0.5357714074804330595, -0.007874015748031495954 ) ) ;
#4944 = EDGE_CURVE ( 'NONE', #5478, #4825, #4350, .T. ) ;
#4945 = EDGE_CURVE ( 'NONE', #2030, #3047, #4823, .T. ) ;
#4946 = ORIENTED_EDGE ( 'NONE', *, *, #3146, .T. ) ;
#4947 = ORIENTED_EDGE ( 'NONE', *, *, #621, .T. ) ;
#4948 = DIRECTION ( 'NONE',  ( 1.000000000000000000, -8.110221191910629847E-14, 0.000000000000000000 ) ) ;
#4949 = CARTESIAN_POINT ( 'NONE',  ( 0.9407962188320474484, -0.5849840059054763897, 0.04429133858267716994 ) ) ;
#4950 = CARTESIAN_POINT ( 'NONE',  ( 0.6907403800572066155, -0.4686522447816141579, 0.08070866141732284393 ) ) ;
#4951 = DIRECTION ( 'NONE',  ( 1.110223024625156036E-13, -1.000000000000000000, 0.000000000000000000 ) ) ;
#4952 = APPLICATION_PROTOCOL_DEFINITION ( 'draft international standard', 'automotive_design', 1998, #5494 ) ;
#4953 = LINE ( 'NONE', #750, #3207 ) ;
#4954 = DIRECTION ( 'NONE',  ( 0.000000000000000000, -1.000000000000000000, 0.000000000000000000 ) ) ;
#4955 = EDGE_CURVE ( 'NONE', #731, #6905, #4481, .T. ) ;
#4956 = VECTOR ( 'NONE', #780, 39.37007874015748143 ) ;
#4957 = VECTOR ( 'NONE', #5781, 39.37007874015748143 ) ;
#4958 = VERTEX_POINT ( 'NONE', #4449 ) ;
#4959 = ORIENTED_EDGE ( 'NONE', *, *, #2257, .F. ) ;
#4960 = VECTOR ( 'NONE', #4603, 39.37007874015748143 ) ;
#4961 = VECTOR ( 'NONE', #5232, 39.37007874015748143 ) ;
#4962 = DIRECTION ( 'NONE',  ( 1.000000000000000000, 0.000000000000000000, 0.000000000000000000 ) ) ;
#4963 = EDGE_LOOP ( 'NONE', ( #6207, #4214, #5819, #2260, #179, #4643 ) ) ;
#4964 = DIRECTION ( 'NONE',  ( 0.000000000000000000, -1.000000000000000000, 0.000000000000000000 ) ) ;
#4965 = LINE ( 'NONE', #226, #4103 ) ;
#4966 = CARTESIAN_POINT ( 'NONE',  ( 0.7446348015091733830, -0.6420706200788995899, 0.06496062992125983815 ) ) ;
#4967 = ADVANCED_FACE ( 'NONE', ( #4972 ), #5045, .F. ) ;
#4968 = AXIS2_PLACEMENT_3D ( 'NONE', #2515, #6159, #3580 ) ;
#4969 = CARTESIAN_POINT ( 'NONE',  ( 0.9407962188320474484, -0.5849840059054763897, 0.04429133858267716994 ) ) ;
#4970 = FACE_OUTER_BOUND ( 'NONE', #2181, .T. ) ;
#4971 = LINE ( 'NONE', #6116, #1967 ) ;
#4972 = FACE_OUTER_BOUND ( 'NONE', #833, .T. ) ;
#4973 = CARTESIAN_POINT ( 'NONE',  ( 1.129828435559769861, -0.4686522447816141579, 0.08070866141732284393 ) ) ;
#4974 = ORIENTED_EDGE ( 'NONE', *, *, #4772, .T. ) ;
#4975 = VERTEX_POINT ( 'NONE', #6685 ) ;
#4976 = CARTESIAN_POINT ( 'NONE',  ( 1.103090503264720246, -0.4334092027560655924, 0.06246645116895448852 ) ) ;
#4977 = ORIENTED_EDGE ( 'NONE', *, *, #4520, .F. ) ;
#4978 = DIRECTION ( 'NONE',  ( 4.111937128241349667E-14, 1.000000000000000000, 0.000000000000000000 ) ) ;
#4979 = CARTESIAN_POINT ( 'NONE',  ( 1.103260008740082787, -0.4478155983813023600, 0.07086614173228347746 ) ) ;
#4980 = AXIS2_PLACEMENT_3D ( 'NONE', #5094, #2912, #3484 ) ;
#4981 = CARTESIAN_POINT ( 'NONE',  ( 1.110705391767238259, -0.4657805766128355063, -0.08070866141732284393 ) ) ;
#4982 = ORIENTED_EDGE ( 'NONE', *, *, #1827, .F. ) ;
#4983 = CIRCLE ( 'NONE', #392, 0.007874015748039371598 ) ;
#4984 = ORIENTED_EDGE ( 'NONE', *, *, #5954, .T. ) ;
#4985 = EDGE_CURVE ( 'NONE', #320, #4220, #6576, .T. ) ;
#4986 = EDGE_CURVE ( 'NONE', #4371, #4767, #166, .T. ) ;
#4987 = DIRECTION ( 'NONE',  ( 0.000000000000000000, 0.000000000000000000, 1.000000000000000000 ) ) ;
#4988 = EDGE_CURVE ( 'NONE', #4102, #4161, #1987, .T. ) ;
#4989 = LINE ( 'NONE', #5559, #725 ) ;
#4990 = DIRECTION ( 'NONE',  ( 0.000000000000000000, 0.000000000000000000, 1.000000000000000000 ) ) ;
#4991 = DIRECTION ( 'NONE',  ( -1.000000000000000000, 0.000000000000000000, 0.000000000000000000 ) ) ;
#4992 = FILL_AREA_STYLE ('',( #6596 ) ) ;
#4993 = VECTOR ( 'NONE', #1502, 39.37007874015748143 ) ;
#4994 = CARTESIAN_POINT ( 'NONE',  ( 1.059595431430434997, -0.5908895177166949564, 0.06496062992125983815 ) ) ;
#4995 = VERTEX_POINT ( 'NONE', #6324 ) ;
#4996 = ORIENTED_EDGE ( 'NONE', *, *, #5085, .F. ) ;
#4997 = AXIS2_PLACEMENT_3D ( 'NONE', #4931, #6070, #1772 ) ;
#4998 = ADVANCED_FACE ( 'NONE', ( #1429 ), #3574, .F. ) ;
#4999 = DIRECTION ( 'NONE',  ( 0.000000000000000000, 0.000000000000000000, -1.000000000000000000 ) ) ;
#5000 = VERTEX_POINT ( 'NONE', #3471 ) ;
#5001 = DIRECTION ( 'NONE',  ( 0.000000000000000000, -1.000000000000000000, 0.000000000000000000 ) ) ;
#5002 = CARTESIAN_POINT ( 'NONE',  ( 0.9879844745452361909, -0.7877399114174391537, 0.07874015748031495954 ) ) ;
#5003 = CARTESIAN_POINT ( 'NONE',  ( 0.7636308645013326624, -0.4491572342519299932, -0.06003937007874016185 ) ) ;
#5004 = CIRCLE ( 'NONE', #4222, 0.01181102362204724046 ) ;
#5005 = VECTOR ( 'NONE', #1455, 39.37007874015748143 ) ;
#5006 = ADVANCED_FACE ( 'NONE', ( #2931 ), #270, .T. ) ;
#5007 = FACE_BOUND ( 'NONE', #5709, .T. ) ;
#5008 = VECTOR ( 'NONE', #3575, 39.37007874015748143 ) ;
#5009 = CARTESIAN_POINT ( 'NONE',  ( 0.7840048802493366775, -0.5908895177166575419, -0.08070866141732284393 ) ) ;
#5010 = CARTESIAN_POINT ( 'NONE',  ( 0.7446348015091733830, -0.5908895177166949564, 0.08070866141732284393 ) ) ;
#5011 = CARTESIAN_POINT ( 'NONE',  ( 0.6907403800572066155, -0.4686522447816141579, -0.08070866141732284393 ) ) ;
#5012 = CARTESIAN_POINT ( 'NONE',  ( 0.7840048802493366775, -0.5908895177166575419, 0.08070866141732284393 ) ) ;
#5013 = ORIENTED_EDGE ( 'NONE', *, *, #6618, .T. ) ;
#5014 = VECTOR ( 'NONE', #2545, 39.37007874015748143 ) ;
#5015 = ADVANCED_FACE ( 'NONE', ( #3076 ), #5615, .T. ) ;
#5016 = ORIENTED_EDGE ( 'NONE', *, *, #3534, .T. ) ;
#5017 = PLANE ( 'NONE',  #3173 ) ;
#5018 = ORIENTED_EDGE ( 'NONE', *, *, #6643, .F. ) ;
#5019 = FACE_OUTER_BOUND ( 'NONE', #4367, .T. ) ;
#5020 = CARTESIAN_POINT ( 'NONE',  ( 1.113181430501963609, -0.4461930599613567749, 0.06102362204724440936 ) ) ;
#5021 = DIRECTION ( 'NONE',  ( 0.000000000000000000, 0.000000000000000000, -1.000000000000000000 ) ) ;
#5022 = VECTOR ( 'NONE', #6109, 39.37007874015748143 ) ;
#5023 = VERTEX_POINT ( 'NONE', #900 ) ;
#5024 = ORIENTED_EDGE ( 'NONE', *, *, #2257, .T. ) ;
#5025 = CARTESIAN_POINT ( 'NONE',  ( 0.6888446802339746045, -0.4491572342521268912, 0.06102362204724411793 ) ) ;
#5026 = DIRECTION ( 'NONE',  ( 0.000000000000000000, 0.000000000000000000, -1.000000000000000000 ) ) ;
#5027 = CARTESIAN_POINT ( 'NONE',  ( 0.6992043068859487009, -0.4491572342520874228, 0.08070866141732284393 ) ) ;
#5028 = CARTESIAN_POINT ( 'NONE',  ( 0.6887718761201948592, -0.4491572342521267802, -0.06102362204724410405 ) ) ;
#5029 = CARTESIAN_POINT ( 'NONE',  ( 0.6906922742845708063, -0.4431616965902354655, 0.06102362204724410405 ) ) ;
#5030 = EDGE_CURVE ( 'NONE', #1917, #2021, #5219, .T. ) ;
#5031 = VERTEX_POINT ( 'NONE', #3039 ) ;
#5032 = EDGE_CURVE ( 'NONE', #1770, #3369, #3605, .T. ) ;
#5033 = ORIENTED_EDGE ( 'NONE', *, *, #3321, .T. ) ;
#5034 = CARTESIAN_POINT ( 'NONE',  ( 0.7262292896981831225, -0.5731729822834260579, 0.06003937007874016185 ) ) ;
#5035 = ORIENTED_EDGE ( 'NONE', *, *, #1809, .T. ) ;
#5036 = VERTEX_POINT ( 'NONE', #6724 ) ;
#5037 = CARTESIAN_POINT ( 'NONE',  ( -72.78106826860452827, -33.39667614831810738, 0.04429133858267716994 ) ) ;
#5038 = DIRECTION ( 'NONE',  ( 0.9606414366867440657, -0.2777913427744435060, 0.000000000000000000 ) ) ;
#5039 = CARTESIAN_POINT ( 'NONE',  ( 1.113968726513744123, -0.5908895177166516577, 0.07874015748031495954 ) ) ;
#5040 = EDGE_CURVE ( 'NONE', #1945, #5849, #1915, .T. ) ;
#5041 = EDGE_CURVE ( 'NONE', #5768, #4835, #1934, .T. ) ;
#5042 = CARTESIAN_POINT ( 'NONE',  ( 0.9289851952100020016, -0.5534879429133489070, -0.01968503937007873988 ) ) ;
#5043 = CARTESIAN_POINT ( 'NONE',  ( 0.6935124299162600536, -0.4334092027560654259, -0.06102362204724410405 ) ) ;
#5044 = CARTESIAN_POINT ( 'NONE',  ( 0.6992043068646605075, -0.4491572342520942507, 0.07086614173228347746 ) ) ;
#5045 = PLANE ( 'NONE',  #5274 ) ;
#5046 = CARTESIAN_POINT ( 'NONE',  ( 1.059595431430434997, -0.5908895177166949564, -0.06496062992125983815 ) ) ;
#5047 = EDGE_CURVE ( 'NONE', #6409, #1499, #375, .T. ) ;
#5048 = VERTEX_POINT ( 'NONE', #5115 ) ;
#5049 = VECTOR ( 'NONE', #227, 39.37007874015748143 ) ;
#5050 = ORIENTED_EDGE ( 'NONE', *, *, #3061, .T. ) ;
#5051 = DIRECTION ( 'NONE',  ( 0.000000000000000000, 0.000000000000000000, -1.000000000000000000 ) ) ;
#5052 = EDGE_LOOP ( 'NONE', ( #4903, #3015, #3654, #6552, #5386, #2663, #4974 ) ) ;
#5053 = CARTESIAN_POINT ( 'NONE',  ( 1.113125952380076278, -0.4460010002160924580, 0.06102362204724388201 ) ) ;
#5054 = DIRECTION ( 'NONE',  ( 0.000000000000000000, 0.000000000000000000, -1.000000000000000000 ) ) ;
#5055 = EDGE_LOOP ( 'NONE', ( #153, #800, #1838, #3085 ) ) ;
#5056 = ORIENTED_EDGE ( 'NONE', *, *, #3922, .T. ) ;
#5057 = CARTESIAN_POINT ( 'NONE',  ( 0.8147561280885452506, -0.6302595964568091791, -0.007874015748031495954 ) ) ;
#5058 = DIRECTION ( 'NONE',  ( 1.000000000000000000, 0.000000000000000000, 0.000000000000000000 ) ) ;
#5059 = DIRECTION ( 'NONE',  ( 0.000000000000000000, 0.000000000000000000, 1.000000000000000000 ) ) ;
#5060 = CARTESIAN_POINT ( 'NONE',  ( 1.103647973297753992, -0.4491572342520874228, -0.08070866141732284393 ) ) ;
#5061 = CARTESIAN_POINT ( 'NONE',  ( 0.6905585585219373712, -0.4431230296331046259, 0.06102362204724639388 ) ) ;
#5062 = ORIENTED_EDGE ( 'NONE', *, *, #5650, .T. ) ;
#5063 = ORIENTED_EDGE ( 'NONE', *, *, #1319, .T. ) ;
#5064 = FACE_BOUND ( 'NONE', #4167, .T. ) ;
#5065 = DIRECTION ( 'NONE',  ( 0.000000000000000000, 0.000000000000000000, -1.000000000000000000 ) ) ;
#5066 = VERTEX_POINT ( 'NONE', #6290 ) ;
#5067 = CARTESIAN_POINT ( 'NONE',  ( 0.7438899863564528703, -0.6302595964568091791, 0.06299212598425196763 ) ) ;
#5068 = CARTESIAN_POINT ( 'NONE',  ( 1.058850616277521750, -1.063330462598543358, -0.06299212598425196763 ) ) ;
#5069 = CARTESIAN_POINT ( 'NONE',  ( 0.9900088172572442113, -0.5180548720472071267, -0.06003937007874016185 ) ) ;
#5070 = VECTOR ( 'NONE', #2802, 39.37007874015748143 ) ;
#5071 = VECTOR ( 'NONE', #3630, 39.37007874015748143 ) ;
#5072 = ADVANCED_FACE ( 'NONE', ( #2018 ), #411, .F. ) ;
#5073 = EDGE_CURVE ( 'NONE', #2166, #1837, #5151, .T. ) ;
#5074 = PLANE ( 'NONE',  #6225 ) ;
#5075 = ADVANCED_FACE ( 'NONE', ( #933 ), #4166, .F. ) ;
#5076 = DIRECTION ( 'NONE',  ( -1.000000000000000000, 0.000000000000000000, 0.000000000000000000 ) ) ;
#5077 = CARTESIAN_POINT ( 'NONE',  ( 0.6907403800572066155, -0.5908895177166575419, 0.06496062992125983815 ) ) ;
#5078 = DIRECTION ( 'NONE',  ( 0.000000000000000000, 1.000000000000000000, 0.000000000000000000 ) ) ;
#5079 = AXIS2_PLACEMENT_3D ( 'NONE', #5971, #2587, #6972 ) ;
#5080 = CIRCLE ( 'NONE', #149, 0.01574803149606125718 ) ;
#5081 = CARTESIAN_POINT ( 'NONE',  ( 0.7144182660761357884, -0.5180548720472071267, 0.01968503937007873988 ) ) ;
#5082 = EDGE_LOOP ( 'NONE', ( #5282, #5423, #5438, #1174 ) ) ;
#5083 = VECTOR ( 'NONE', #2266, 39.37007874015748143 ) ;
#5084 = VERTEX_POINT ( 'NONE', #5649 ) ;
#5085 = EDGE_CURVE ( 'NONE', #131, #1515, #2449, .T. ) ;
#5086 = CARTESIAN_POINT ( 'NONE',  ( 0.7892214156824370885, -0.5298658956692529065, -0.04429133858267716994 ) ) ;
#5087 = ORIENTED_EDGE ( 'NONE', *, *, #3922, .F. ) ;
#5088 = CARTESIAN_POINT ( 'NONE',  ( 1.111784454617853690, -0.4416124501566302540, 0.06102362204724289668 ) ) ;
#5089 = CARTESIAN_POINT ( 'NONE',  ( 1.114080404063698904, -0.4334092027560654259, -0.06102362204724410405 ) ) ;
#5090 = AXIS2_PLACEMENT_3D ( 'NONE', #2089, #1693, #1727 ) ;
#5091 = ORIENTED_EDGE ( 'NONE', *, *, #629, .T. ) ;
#5092 = ORIENTED_EDGE ( 'NONE', *, *, #4352, .T. ) ;
#5093 = CARTESIAN_POINT ( 'NONE',  ( 0.6887718761201948592, -0.4529042132855922165, -0.07677165354330708902 ) ) ;
#5094 = CARTESIAN_POINT ( 'NONE',  ( 0.9939458251312244252, -33.16904598738386056, -0.08070866141732284393 ) ) ;
#5095 = LINE ( 'NONE', #4430, #5675 ) ;
#5096 = CARTESIAN_POINT ( 'NONE',  ( 1.059595431430434997, -0.5908895177166949564, 0.06496062992125983815 ) ) ;
#5097 = ADVANCED_FACE ( 'NONE', ( #4060 ), #5686, .F. ) ;
#5098 = CARTESIAN_POINT ( 'NONE',  ( 0.6992680017272834281, -0.4489369685546079625, 0.07086614173228347746 ) ) ;
#5099 = VECTOR ( 'NONE', #3099, 39.37007874015748143 ) ;
#5100 = ORIENTED_EDGE ( 'NONE', *, *, #2590, .F. ) ;
#5101 = ORIENTED_EDGE ( 'NONE', *, *, #1175, .T. ) ;
#5102 = DIRECTION ( 'NONE',  ( -0.000000000000000000, 1.000000000000000000, 0.000000000000000000 ) ) ;
#5103 = CARTESIAN_POINT ( 'NONE',  ( 0.9152056676509450206, -0.5101808562992157237, -0.04429133858267716994 ) ) ;
#5104 = VECTOR ( 'NONE', #4978, 39.37007874015748143 ) ;
#5105 = VERTEX_POINT ( 'NONE', #5324 ) ;
#5106 = CARTESIAN_POINT ( 'NONE',  ( 0.9395166912729547848, -0.4904958169292921721, 0.08070866141732284393 ) ) ;
#5107 = DIRECTION ( 'NONE',  ( 0.000000000000000000, 0.000000000000000000, 1.000000000000000000 ) ) ;
#5108 = CARTESIAN_POINT ( 'NONE',  ( 0.9604254194271298894, -0.5908895177166516577, 0.007874015748031495954 ) ) ;
#5109 = VERTEX_POINT ( 'NONE', #2716 ) ;
#5110 = CIRCLE ( 'NONE', #1072, 0.01181102362204724046 ) ;
#5111 = CARTESIAN_POINT ( 'NONE',  ( 0.7636308645013326624, -0.5849840059054763897, -0.04429133858267716994 ) ) ;
#5112 = CARTESIAN_POINT ( 'NONE',  ( 0.9900088172572442113, -0.4491572342519299932, -0.06003937007874016185 ) ) ;
#5113 = CARTESIAN_POINT ( 'NONE',  ( 0.7871970729706301295, -0.5908895177166516577, 0.06299212598425196763 ) ) ;
#5114 = VECTOR ( 'NONE', #5684, 39.37007874015748143 ) ;
#5115 = CARTESIAN_POINT ( 'NONE',  ( 0.9131813249389370002, -0.7129367618111791538, -0.007874015748031495954 ) ) ;
#5116 = PLANE ( 'NONE',  #3674 ) ;
#5117 = EDGE_CURVE ( 'NONE', #3114, #4557, #4342, .T. ) ;
#5118 = ORIENTED_EDGE ( 'NONE', *, *, #724, .F. ) ;
#5119 = EDGE_CURVE ( 'NONE', #213, #2558, #1497, .T. ) ;
#5120 = VECTOR ( 'NONE', #151, 39.37007874015748143 ) ;
#5121 = VECTOR ( 'NONE', #1137, 39.37007874015748143 ) ;
#5122 = ORIENTED_EDGE ( 'NONE', *, *, #2200, .T. ) ;
#5123 = LINE ( 'NONE', #5086, #4632 ) ;
#5124 = ORIENTED_EDGE ( 'NONE', *, *, #1780, .F. ) ;
#5125 = CARTESIAN_POINT ( 'NONE',  ( 1.114080404063698904, -0.4686522447816535153, 0.07677165354330708902 ) ) ;
#5126 = VECTOR ( 'NONE', #868, 39.37007874015748143 ) ;
#5127 = EDGE_CURVE ( 'NONE', #6203, #6065, #1113, .T. ) ;
#5128 = VERTEX_POINT ( 'NONE', #444 ) ;
#5129 = EDGE_LOOP ( 'NONE', ( #1129, #979, #419, #2550, #13, #6286, #4178, #330, #4938, #1370, #1109, #4611, #6277, #6195, #3593, #1017, #4363, #4741 ) ) ;
#5130 = LINE ( 'NONE', #5702, #1491 ) ;
#5131 = AXIS2_PLACEMENT_3D ( 'NONE', #2818, #6639, #3494 ) ;
#5132 = CARTESIAN_POINT ( 'NONE',  ( 0.8410914944225630352, -0.4904958169292921721, -0.06496062992125983815 ) ) ;
#5133 = DIRECTION ( 'NONE',  ( 0.000000000000000000, 0.000000000000000000, -1.000000000000000000 ) ) ;
#5134 = FACE_OUTER_BOUND ( 'NONE', #2746, .T. ) ;
#5135 = ADVANCED_FACE ( 'NONE', ( #6931 ), #973, .F. ) ;
#5136 = ADVANCED_BREP_SHAPE_REPRESENTATION ( 'Same_Sky_SLW-116641-3A-RA-S-D', ( #2344, #4917, #4776, #3683 ), #3342 ) ;
#5137 = ORIENTED_EDGE ( 'NONE', *, *, #4437, .T. ) ;
#5138 = AXIS2_PLACEMENT_3D ( 'NONE', #1728, #576, #3310 ) ;
#5139 = ORIENTED_EDGE ( 'NONE', *, *, #1309, .T. ) ;
#5140 = LINE ( 'NONE', #2498, #4957 ) ;
#5141 = DIRECTION ( 'NONE',  ( -0.000000000000000000, 1.000000000000000000, 0.000000000000000000 ) ) ;
#5142 = VERTEX_POINT ( 'NONE', #3245 ) ;
#5143 = CARTESIAN_POINT ( 'NONE',  ( 0.6887718761202302753, -0.6302595964568091791, 0.07874015748031495954 ) ) ;
#5144 = CARTESIAN_POINT ( 'NONE',  ( 0.8410914944225630352, -0.5495509350395306747, 0.08070866141732284393 ) ) ;
#5145 = DIRECTION ( 'NONE',  ( 0.000000000000000000, 0.000000000000000000, -1.000000000000000000 ) ) ;
#5146 = ORIENTED_EDGE ( 'NONE', *, *, #3755, .F. ) ;
#5147 = EDGE_CURVE ( 'NONE', #4939, #5886, #4795, .T. ) ;
#5148 = CARTESIAN_POINT ( 'NONE',  ( 1.114080404063698904, -0.4686522447816535153, 0.08070866141732284393 ) ) ;
#5149 = CARTESIAN_POINT ( 'NONE',  ( 0.7446348015091733830, -0.6420706200788995899, 0.08070866141732284393 ) ) ;
#5150 = LINE ( 'NONE', #4059, #853 ) ;
#5151 = LINE ( 'NONE', #831, #6980 ) ;
#5152 = DIRECTION ( 'NONE',  ( 1.000000000000000000, 0.000000000000000000, 0.000000000000000000 ) ) ;
#5153 = ORIENTED_EDGE ( 'NONE', *, *, #3387, .T. ) ;
#5154 = ORIENTED_EDGE ( 'NONE', *, *, #5470, .T. ) ;
#5155 = CARTESIAN_POINT ( 'NONE',  ( 1.020225352690281584, -0.5908895177166575419, 0.06496062992125983815 ) ) ;
#5156 = B_SPLINE_CURVE_WITH_KNOTS ( 'NONE', 3,
 ( #322, #2459, #3053, #3555, #884, #5704 ),
 .UNSPECIFIED., .F., .F.,
 ( 4, 2, 4 ),
 ( 0.000000000000000000, 0.0002089446773708555027, 0.0004178893547417110053 ),
 .UNSPECIFIED. ) ;
#5157 = ORIENTED_EDGE ( 'NONE', *, *, #4202, .F. ) ;
#5158 = CARTESIAN_POINT ( 'NONE',  ( 1.103792911718788350, -0.4496501638173346915, 0.06102362204724390976 ) ) ;
#5159 =( NAMED_UNIT ( * ) PLANE_ANGLE_UNIT ( ) SI_UNIT ( $, .RADIAN. ) );
#5160 = EDGE_LOOP ( 'NONE', ( #2320, #3405, #1275, #2566 ) ) ;
#5161 = ORIENTED_EDGE ( 'NONE', *, *, #6364, .F. ) ;
#5162 = DIRECTION ( 'NONE',  ( 1.000000000000000000, 0.000000000000000000, 0.000000000000000000 ) ) ;
#5163 = CARTESIAN_POINT ( 'NONE',  ( 0.9131813249391299570, -0.7877399114174391537, -0.007874015748031495954 ) ) ;
#5164 = CARTESIAN_POINT ( 'NONE',  ( 0.6730238446241337824, -0.4686522447816141579, -0.06102362204724410405 ) ) ;
#5165 = CARTESIAN_POINT ( 'NONE',  ( 1.113968726513744123, -0.6302595964568091791, -0.07874015748031495954 ) ) ;
#5166 = EDGE_CURVE ( 'NONE', #1614, #2150, #2159, .T. ) ;
#5167 = VECTOR ( 'NONE', #53, 39.37007874015748143 ) ;
#5168 = EDGE_CURVE ( 'NONE', #6661, #5573, #2653, .T. ) ;
#5169 = ORIENTED_EDGE ( 'NONE', *, *, #3285, .F. ) ;
#5170 = ORIENTED_EDGE ( 'NONE', *, *, #6319, .T. ) ;
#5171 = CARTESIAN_POINT ( 'NONE',  ( 0.9900088172572442113, -0.5731729822834260579, 0.01968503937007873988 ) ) ;
#5172 = CARTESIAN_POINT ( 'NONE',  ( 1.011606521789328639, -0.6302595964568091791, 0.07874015748031495954 ) ) ;
#5173 = EDGE_CURVE ( 'NONE', #707, #6129, #4275, .T. ) ;
#5174 = ORIENTED_EDGE ( 'NONE', *, *, #4477, .T. ) ;
#5175 = CARTESIAN_POINT ( 'NONE',  ( 1.051721415682403515, -0.6499446358269685975, 0.08070866141732284393 ) ) ;
#5176 = PLANE ( 'NONE',  #518 ) ;
#5177 = DIRECTION ( 'NONE',  ( 1.000000000000000000, 0.000000000000000000, 0.000000000000000000 ) ) ;
#5178 = ORIENTED_EDGE ( 'NONE', *, *, #1902, .T. ) ;
#5179 = DIRECTION ( 'NONE',  ( 1.000000000000000000, 0.000000000000000000, 0.000000000000000000 ) ) ;
#5180 = DIRECTION ( 'NONE',  ( 0.000000000000000000, 0.000000000000000000, 1.000000000000000000 ) ) ;
#5181 = DIRECTION ( 'NONE',  ( 0.000000000000000000, 0.000000000000000000, 1.000000000000000000 ) ) ;
#5182 = CARTESIAN_POINT ( 'NONE',  ( 0.8580632147027226209, -0.5357714074804330595, -0.007874015748031495954 ) ) ;
#5183 = EDGE_CURVE ( 'NONE', #1564, #416, #2093, .T. ) ;
#5184 = DIRECTION ( 'NONE',  ( 1.000000000000000000, 0.000000000000000000, 0.000000000000000000 ) ) ;
#5185 = AXIS2_PLACEMENT_3D ( 'NONE', #2920, #4539, #4962 ) ;
#5186 = ORIENTED_EDGE ( 'NONE', *, *, #869, .T. ) ;
#5187 = ORIENTED_EDGE ( 'NONE', *, *, #5296, .F. ) ;
#5188 = VECTOR ( 'NONE', #495, 39.37007874015748143 ) ;
#5189 = VECTOR ( 'NONE', #3009, 39.37007874015748143 ) ;
#5190 = LINE ( 'NONE', #4661, #5884 ) ;
#5191 = ORIENTED_EDGE ( 'NONE', *, *, #5214, .T. ) ;
#5192 = DIRECTION ( 'NONE',  ( 1.000000000000000000, 0.000000000000000000, 0.000000000000000000 ) ) ;
#5193 = DIRECTION ( 'NONE',  ( 0.000000000000000000, 0.000000000000000000, -1.000000000000000000 ) ) ;
#5194 = VECTOR ( 'NONE', #553, 39.37007874015748143 ) ;
#5195 = ORIENTED_EDGE ( 'NONE', *, *, #6127, .F. ) ;
#5196 = ORIENTED_EDGE ( 'NONE', *, *, #5256, .T. ) ;
#5197 = CARTESIAN_POINT ( 'NONE',  ( 0.9407962188320474484, -0.5849840059054763897, -0.04429133858267716994 ) ) ;
#5198 = DIRECTION ( 'NONE',  ( 0.000000000000000000, 1.000000000000000000, 0.000000000000000000 ) ) ;
#5199 = PLANE ( 'NONE',  #5898 ) ;
#5200 = PLANE ( 'NONE',  #5531 ) ;
#5201 = ORIENTED_EDGE ( 'NONE', *, *, #1780, .T. ) ;
#5202 = EDGE_CURVE ( 'NONE', #6689, #6427, #5254, .T. ) ;
#5203 = ORIENTED_EDGE ( 'NONE', *, *, #1262, .F. ) ;
#5204 = EDGE_CURVE ( 'NONE', #6689, #2890, #2130, .T. ) ;
#5205 = ADVANCED_FACE ( 'NONE', ( #6431 ), #5794, .T. ) ;
#5206 = DIRECTION ( 'NONE',  ( 1.000000000000000000, 0.000000000000000000, 0.000000000000000000 ) ) ;
#5207 = DIRECTION ( 'NONE',  ( 0.000000000000000000, 1.000000000000000000, 0.000000000000000000 ) ) ;
#5208 = ORIENTED_EDGE ( 'NONE', *, *, #6489, .T. ) ;
#5209 = DIRECTION ( 'NONE',  ( 1.000000000000000000, 0.000000000000000000, 0.000000000000000000 ) ) ;
#5210 = CARTESIAN_POINT ( 'NONE',  ( 1.051721415682403515, -0.6499446358269685975, 0.06496062992125983815 ) ) ;
#5211 = VECTOR ( 'NONE', #3454, 39.37007874015748143 ) ;
#5212 = DIRECTION ( 'NONE',  ( 0.000000000000000000, 0.000000000000000000, -1.000000000000000000 ) ) ;
#5213 = ORIENTED_EDGE ( 'NONE', *, *, #4267, .F. ) ;
#5214 = EDGE_CURVE ( 'NONE', #4015, #3411, #1076, .T. ) ;
#5215 = AXIS2_PLACEMENT_3D ( 'NONE', #459, #2595, #3864 ) ;
#5216 = LINE ( 'NONE', #1204, #2617 ) ;
#5217 = DIRECTION ( 'NONE',  ( 0.000000000000000000, -1.000000000000000000, 0.000000000000000000 ) ) ;
#5218 = CARTESIAN_POINT ( 'NONE',  ( 1.015543529663344602, -1.063330462598543358, -0.06299212598425196763 ) ) ;
#5219 = LINE ( 'NONE', #3540, #4042 ) ;
#5220 = DIRECTION ( 'NONE',  ( -1.110223024625156036E-13, 1.000000000000000000, 0.000000000000000000 ) ) ;
#5221 = ORIENTED_EDGE ( 'NONE', *, *, #6276, .F. ) ;
#5222 = EDGE_CURVE ( 'NONE', #4872, #3617, #4722, .T. ) ;
#5223 = AXIS2_PLACEMENT_3D ( 'NONE', #3950, #3319, #1214 ) ;
#5224 = LINE ( 'NONE', #276, #370 ) ;
#5225 = ORIENTED_EDGE ( 'NONE', *, *, #834, .T. ) ;
#5226 = CARTESIAN_POINT ( 'NONE',  ( 1.104486371003265965, -0.4517901134635449734, 0.07086614173228347746 ) ) ;
#5227 = CARTESIAN_POINT ( 'NONE',  ( 0.7036961524142971713, -0.4336238022212630105, 0.07086614173228347746 ) ) ;
#5228 = EDGE_CURVE ( 'NONE', #4472, #3765, #1461, .T. ) ;
#5229 = EDGE_LOOP ( 'NONE', ( #4419, #6830, #4810, #4055 ) ) ;
#5230 = VECTOR ( 'NONE', #3184, 39.37007874015748143 ) ;
#5231 = ORIENTED_EDGE ( 'NONE', *, *, #4411, .F. ) ;
#5232 = DIRECTION ( 'NONE',  ( -1.000000000000000000, 0.000000000000000000, 0.000000000000000000 ) ) ;
#5233 = CARTESIAN_POINT ( 'NONE',  ( 1.020225352690281584, -0.5908895177166575419, -0.08070866141732284393 ) ) ;
#5234 = CARTESIAN_POINT ( 'NONE',  ( 0.6907403800572066155, -0.5908895177166575419, 0.06496062992125983815 ) ) ;
#5235 = CARTESIAN_POINT ( 'NONE',  ( 0.6887718761201948592, -0.4529042132855922165, -0.07677165354330708902 ) ) ;
#5236 = VECTOR ( 'NONE', #3992, 39.37007874015748143 ) ;
#5237 = VERTEX_POINT ( 'NONE', #4309 ) ;
#5238 = ORIENTED_EDGE ( 'NONE', *, *, #1606, .T. ) ;
#5239 = VECTOR ( 'NONE', #2536, 39.37007874015748143 ) ;
#5240 = VERTEX_POINT ( 'NONE', #4203 ) ;
#5241 = CARTESIAN_POINT ( 'NONE',  ( 0.7636308645013326624, -0.5101808562992157237, -0.06003937007874016185 ) ) ;
#5242 = DIRECTION ( 'NONE',  ( 0.000000000000000000, 0.000000000000000000, -1.000000000000000000 ) ) ;
#5243 = ORIENTED_EDGE ( 'NONE', *, *, #3693, .F. ) ;
#5244 =( BOUNDED_SURFACE ( )  B_SPLINE_SURFACE ( 3, 2, ( 
 ( #5227, #4043, #2362, #2953, #2884 ),
 ( #1313, #6741, #5766, #4698, #421 ),
 ( #4535, #982, #2062, #1867, #3488 ),
 ( #6867, #6202, #1343, #942, #1376 ),
 ( #3119, #3084, #5029, #6901, #5061 ),
 ( #219, #5263, #2397, #6706, #5566 ),
 ( #2556, #3651, #290, #453, #4211 ),
 ( #4728, #6171, #6372, #6138, #5631 ),
 ( #5098, #6668, #2026, #812, #4172 ),
 ( #3978, #1504, #3457, #5600, #2917 ),
 ( #5874, #5331, #5366, #4870, #3292 ),
 ( #6510, #594, #6973, #3752, #486 ),
 ( #2762, #5294, #3254, #5972, #2238 ),
 ( #1049, #6474, #558, #1153, #5399 ) ),
 .UNSPECIFIED., .F., .F., .T. ) 
 B_SPLINE_SURFACE_WITH_KNOTS ( ( 4, 2, 2, 2, 2, 2, 4 ),
 ( 3, 2, 3 ),
 ( 0.001170487722592117872, 0.001413848830664589948, 0.001535529384700825119, 0.001565949523209884996, 0.001581159592464414934, 0.001596369661718945090, 0.001657209938737059856 ),
 ( 0.000000000000000000, 1.000000000000000000, 1.010000000000000009 ),
 .UNSPECIFIED. ) 
 GEOMETRIC_REPRESENTATION_ITEM ( )  RATIONAL_B_SPLINE_SURFACE ( (
 ( 1.000000000000000000, 0.7071067811865430208, 1.000000000000000000, 1.000000000000000000, 1.000000000000000000),
 ( 1.000000000000000000, 0.7071067811865430208, 1.000000000000000000, 1.000000000000000000, 1.000000000000000000),
 ( 1.000000000000000000, 0.7071067811865480168, 1.000000000000000000, 1.000000000000000000, 1.000000000000000000),
 ( 1.000000000000000000, 0.7071067811865480168, 1.000000000000000000, 1.000000000000000000, 1.000000000000000000),
 ( 1.000000000000000000, 0.7071067811868489983, 1.000000000000000000, 1.000000000000000000, 1.000000000000000000),
 ( 1.000000000000000000, 0.7071067811868489983, 1.000000000000000000, 1.000000000000000000, 1.000000000000000000),
 ( 1.000000000000000000, 0.7071067811862460362, 1.000000000000000000, 1.000000000000000000, 1.000000000000000000),
 ( 1.000000000000000000, 0.7071067811862460362, 1.000000000000000000, 1.000000000000000000, 1.000000000000000000),
 ( 1.000000000000000000, 0.7071067811865490160, 1.000000000000000000, 1.000000000000000000, 1.000000000000000000),
 ( 1.000000000000000000, 0.7071067811865490160, 1.000000000000000000, 1.000000000000000000, 1.000000000000000000),
 ( 1.000000000000000000, 0.7071067811865480168, 1.000000000000000000, 1.000000000000000000, 1.000000000000000000),
 ( 1.000000000000000000, 0.7071067811865480168, 1.000000000000000000, 1.000000000000000000, 1.000000000000000000),
 ( 1.000000000000000000, 0.7071067811865480168, 1.000000000000000000, 1.000000000000000000, 1.000000000000000000),
 ( 1.000000000000000000, 0.7071067811865480168, 1.000000000000000000, 1.000000000000000000, 1.000000000000000000) ) ) 
 REPRESENTATION_ITEM ( '' )  SURFACE ( )  );
#5245 = DIRECTION ( 'NONE',  ( 0.000000000000000000, 0.000000000000000000, -1.000000000000000000 ) ) ;
#5246 = FACE_OUTER_BOUND ( 'NONE', #2831, .T. ) ;
#5247 = PLANE ( 'NONE',  #6719 ) ;
#5248 = ADVANCED_FACE ( 'NONE', ( #6363 ), #2685, .F. ) ;
#5249 = ORIENTED_EDGE ( 'NONE', *, *, #5469, .F. ) ;
#5250 = CARTESIAN_POINT ( 'NONE',  ( 0.9604254194271298894, -0.5908895177166516577, 0.007874015748031495954 ) ) ;
#5251 = DIRECTION ( 'NONE',  ( 1.000000000000000000, 0.000000000000000000, 0.000000000000000000 ) ) ;
#5252 = LINE ( 'NONE', #2507, #651 ) ;
#5253 = DIRECTION ( 'NONE',  ( 0.000000000000000000, -1.000000000000000000, 0.000000000000000000 ) ) ;
#5254 = LINE ( 'NONE', #1569, #5167 ) ;
#5255 = ADVANCED_FACE ( 'NONE', ( #3713 ), #6464, .F. ) ;
#5256 = EDGE_CURVE ( 'NONE', #1973, #4778, #1282, .T. ) ;
#5257 = VERTEX_POINT ( 'NONE', #6111 ) ;
#5258 = CARTESIAN_POINT ( 'NONE',  ( 0.9631387385170552262, -0.4904958169292921721, 0.06496062992125983815 ) ) ;
#5259 = ORIENTED_EDGE ( 'NONE', *, *, #4099, .T. ) ;
#5260 = LINE ( 'NONE', #451, #3316 ) ;
#5261 = DIRECTION ( 'NONE',  ( 0.7071067811865474617, -0.7071067811865474617, 0.000000000000000000 ) ) ;
#5262 = EDGE_CURVE ( 'NONE', #5959, #4804, #5502, .T. ) ;
#5263 = CARTESIAN_POINT ( 'NONE',  ( 0.6995929149919780654, -0.4478133729006740227, 0.06102362204729497308 ) ) ;
#5264 = VERTEX_POINT ( 'NONE', #4966 ) ;
#5265 = VERTEX_POINT ( 'NONE', #6071 ) ;
#5266 = CARTESIAN_POINT ( 'NONE',  ( 1.059595431430434997, -0.6420706200788995899, 0.08070866141732284393 ) ) ;
#5267 = CARTESIAN_POINT ( 'NONE',  ( 0.8147561280887380963, -0.6971887303151181881, 0.007874015748031495954 ) ) ;
#5268 = CYLINDRICAL_SURFACE ( 'NONE', #5215, 0.01574803149606299885 ) ;
#5269 = FACE_OUTER_BOUND ( 'NONE', #1590, .T. ) ;
#5270 = ADVANCED_FACE ( 'NONE', ( #1807 ), #1245, .F. ) ;
#5271 = ORIENTED_EDGE ( 'NONE', *, *, #3262, .F. ) ;
#5272 = VERTEX_POINT ( 'NONE', #760 ) ;
#5273 = ORIENTED_EDGE ( 'NONE', *, *, #6774, .T. ) ;
#5274 = AXIS2_PLACEMENT_3D ( 'NONE', #235, #2269, #2376 ) ;
#5275 = DIRECTION ( 'NONE',  ( 0.000000000000000000, 1.000000000000000000, 0.000000000000000000 ) ) ;
#5276 = LINE ( 'NONE', #1065, #3530 ) ;
#5277 = ORIENTED_EDGE ( 'NONE', *, *, #82, .T. ) ;
#5278 = CARTESIAN_POINT ( 'NONE',  ( 1.101143227212111331, -0.4334092027560654259, -0.06496062992125983815 ) ) ;
#5279 = CARTESIAN_POINT ( 'NONE',  ( 1.112381776640474662, -0.4439286109275204506, 0.06102362204724410405 ) ) ;
#5280 = CARTESIAN_POINT ( 'NONE',  ( 0.6981329345725629798, -0.4528621900221267982, -0.08070866141732284393 ) ) ;
#5281 = AXIS2_PLACEMENT_3D ( 'NONE', #969, #4395, #3108 ) ;
#5282 = ORIENTED_EDGE ( 'NONE', *, *, #4013, .T. ) ;
#5283 = LINE ( 'NONE', #474, #2043 ) ;
#5284 = DIRECTION ( 'NONE',  ( 0.000000000000000000, 0.000000000000000000, -1.000000000000000000 ) ) ;
#5285 = CARTESIAN_POINT ( 'NONE',  ( 1.058850616277521750, -1.063330462598543358, -0.07874015748031495954 ) ) ;
#5286 = FACE_OUTER_BOUND ( 'NONE', #3198, .T. ) ;
#5287 = DIRECTION ( 'NONE',  ( 0.000000000000000000, 1.000000000000000000, 0.000000000000000000 ) ) ;
#5288 = EDGE_CURVE ( 'NONE', #4995, #2500, #620, .T. ) ;
#5289 = EDGE_CURVE ( 'NONE', #5305, #4918, #2751, .T. ) ;
#5290 = DIRECTION ( 'NONE',  ( -0.7071067811865474617, -0.7071067811865474617, 0.000000000000000000 ) ) ;
#5291 = VERTEX_POINT ( 'NONE', #723 ) ;
#5292 = FACE_OUTER_BOUND ( 'NONE', #4554, .T. ) ;
#5293 = CARTESIAN_POINT ( 'NONE',  ( 1.110705391767238259, -0.4657805766128355063, 0.06496062992125983815 ) ) ;
#5294 = CARTESIAN_POINT ( 'NONE',  ( 0.6983660660139040521, -0.4517896993964917174, 0.06102362204724390976 ) ) ;
#5295 = VERTEX_POINT ( 'NONE', #2232 ) ;
#5296 = EDGE_CURVE ( 'NONE', #2008, #3148, #124, .T. ) ;
#5297 = VECTOR ( 'NONE', #5405, 39.37007874015748143 ) ;
#5298 = VECTOR ( 'NONE', #6603, 39.37007874015748143 ) ;
#5299 = ORIENTED_EDGE ( 'NONE', *, *, #4647, .F. ) ;
#5300 = CARTESIAN_POINT ( 'NONE',  ( 1.103647973297753992, -0.4491572342520874228, 0.06496062992125983815 ) ) ;
#5301 = CARTESIAN_POINT ( 'NONE',  ( 0.8147561280885452506, -0.6302595964568091791, -0.07874015748031495954 ) ) ;
#5302 = LINE ( 'NONE', #2214, #4766 ) ;
#5303 = LINE ( 'NONE', #565, #369 ) ;
#5304 = VECTOR ( 'NONE', #6085, 39.37007874015748143 ) ;
#5305 = VERTEX_POINT ( 'NONE', #5039 ) ;
#5306 = ORIENTED_EDGE ( 'NONE', *, *, #2005, .T. ) ;
#5307 = DIMENSIONAL_EXPONENTS ( 1.000000000000000000, 0.000000000000000000, 0.000000000000000000, 0.000000000000000000, 0.000000000000000000, 0.000000000000000000, 0.000000000000000000 ) ;
#5308 = EDGE_LOOP ( 'NONE', ( #117, #2364, #1089, #5018 ) ) ;
#5309 = EDGE_CURVE ( 'NONE', #545, #2773, #4443, .T. ) ;
#5310 = VECTOR ( 'NONE', #2233, 39.37007874015748143 ) ;
#5311 = PLANE ( 'NONE',  #5873 ) ;
#5312 = DIRECTION ( 'NONE',  ( 0.000000000000000000, 0.000000000000000000, -1.000000000000000000 ) ) ;
#5313 = ORIENTED_EDGE ( 'NONE', *, *, #6870, .F. ) ;
#5314 = PLANE ( 'NONE',  #3791 ) ;
#5315 = CARTESIAN_POINT ( 'NONE',  ( 0.8147561280887380963, -0.7877399114174391537, 0.007874015748031495954 ) ) ;
#5316 = CARTESIAN_POINT ( 'NONE',  ( 0.6921468884164625468, -0.4657805766128355063, -0.08070866141732284393 ) ) ;
#5317 = ORIENTED_EDGE ( 'NONE', *, *, #1856, .T. ) ;
#5318 = EDGE_CURVE ( 'NONE', #6661, #416, #3429, .T. ) ;
#5319 = VERTEX_POINT ( 'NONE', #4374 ) ;
#5320 = VECTOR ( 'NONE', #5312, 39.37007874015748143 ) ;
#5321 = DIRECTION ( 'NONE',  ( 1.000000000000000000, 0.000000000000000000, 0.000000000000000000 ) ) ;
#5322 = CARTESIAN_POINT ( 'NONE',  ( 1.051721415682403515, -0.6420706200788995899, 0.06496062992125983815 ) ) ;
#5323 = CARTESIAN_POINT ( 'NONE',  ( 1.051721415682403515, -0.6499446358269685975, -0.08070866141732284393 ) ) ;
#5324 = CARTESIAN_POINT ( 'NONE',  ( 0.9289851952100020016, -0.5534879429133489070, -0.03051181102362205202 ) ) ;
#5325 = VECTOR ( 'NONE', #6874, 39.37007874015748143 ) ;
#5326 = PLANE ( 'NONE',  #4857 ) ;
#5327 = VERTEX_POINT ( 'NONE', #6570 ) ;
#5328 = DIRECTION ( 'NONE',  ( 0.000000000000000000, 0.000000000000000000, 1.000000000000000000 ) ) ;
#5329 = VECTOR ( 'NONE', #4832, 39.37007874015748143 ) ;
#5330 = DIRECTION ( 'NONE',  ( 0.000000000000000000, 1.000000000000000000, 0.000000000000000000 ) ) ;
#5331 = CARTESIAN_POINT ( 'NONE',  ( 0.6990598655672922712, -0.4496485197385588495, 0.06102362204724390976 ) ) ;
#5332 = EDGE_CURVE ( 'NONE', #2500, #3422, #6537, .T. ) ;
#5333 = ADVANCED_FACE ( 'NONE', ( #656 ), #5466, .F. ) ;
#5334 = EDGE_LOOP ( 'NONE', ( #1997, #4486, #4916, #5735 ) ) ;
#5335 = VECTOR ( 'NONE', #1976, 39.37007874015748143 ) ;
#5336 = ORIENTED_EDGE ( 'NONE', *, *, #4945, .F. ) ;
#5337 = DIRECTION ( 'NONE',  ( 0.000000000000000000, 1.000000000000000000, 0.000000000000000000 ) ) ;
#5338 = DIRECTION ( 'NONE',  ( -1.000000000000000000, 0.000000000000000000, 0.000000000000000000 ) ) ;
#5339 = PLANE ( 'NONE',  #4656 ) ;
#5340 = CARTESIAN_POINT ( 'NONE',  ( 0.8895592776948445524, -0.7129367618111791538, 0.007874015748031495954 ) ) ;
#5341 = VECTOR ( 'NONE', #4827, 39.37007874015748143 ) ;
#5342 = EDGE_CURVE ( 'NONE', #1668, #2008, #1215, .T. ) ;
#5343 = EDGE_CURVE ( 'NONE', #6713, #6173, #2301, .T. ) ;
#5344 = VERTEX_POINT ( 'NONE', #4409 ) ;
#5345 = ORIENTED_EDGE ( 'NONE', *, *, #4418, .T. ) ;
#5346 = VERTEX_POINT ( 'NONE', #5003 ) ;
#5347 = CARTESIAN_POINT ( 'NONE',  ( 0.7840048802493366775, -0.5908895177166575419, 0.08070866141732284393 ) ) ;
#5348 = VECTOR ( 'NONE', #4954, 39.37007874015748143 ) ;
#5349 = DIRECTION ( 'NONE',  ( -1.000000000000000000, 1.850371707708115196E-13, 0.000000000000000000 ) ) ;
#5350 = EDGE_LOOP ( 'NONE', ( #3049, #5788, #2059, #3830, #2452, #1448, #1379, #1546, #1891, #6813, #5699, #77, #2995, #891, #605, #2126, #6943, #2464 ) ) ;
#5351 = CARTESIAN_POINT ( 'NONE',  ( 0.000000000000000000, 0.000000000000000000, 0.000000000000000000 ) ) ;
#5352 = DIRECTION ( 'NONE',  ( 0.000000000000000000, 0.000000000000000000, 1.000000000000000000 ) ) ;
#5353 = CARTESIAN_POINT ( 'NONE',  ( 0.7754418881233877681, -0.5180548720472071267, 0.03051181102362205202 ) ) ;
#5354 = ADVANCED_FACE ( 'NONE', ( #6036 ), #197, .T. ) ;
#5355 = ORIENTED_EDGE ( 'NONE', *, *, #5166, .T. ) ;
#5356 = VECTOR ( 'NONE', #3363, 39.37007874015748143 ) ;
#5357 = EDGE_LOOP ( 'NONE', ( #3174, #2530, #1681, #1815 ) ) ;
#5358 = FACE_OUTER_BOUND ( 'NONE', #5725, .T. ) ;
#5359 = LINE ( 'NONE', #4755, #1416 ) ;
#5360 = CARTESIAN_POINT ( 'NONE',  ( 0.7871970729704389491, -1.063330462598543358, -0.06299212598425196763 ) ) ;
#5361 = VECTOR ( 'NONE', #4818, 39.37007874015748143 ) ;
#5362 = DIRECTION ( 'NONE',  ( 1.000000000000000000, 0.000000000000000000, 0.000000000000000000 ) ) ;
#5363 = VERTEX_POINT ( 'NONE', #687 ) ;
#5364 = CYLINDRICAL_SURFACE ( 'NONE', #1521, 0.007874015748039371598 ) ;
#5365 = DIRECTION ( 'NONE',  ( 1.000000000000000000, 0.000000000000000000, 0.000000000000000000 ) ) ;
#5366 = CARTESIAN_POINT ( 'NONE',  ( 0.6896370498087834866, -0.4468044603753141830, 0.06102362204724410405 ) ) ;
#5367 = ORIENTED_EDGE ( 'NONE', *, *, #1140, .T. ) ;
#5368 = ORIENTED_EDGE ( 'NONE', *, *, #2625, .T. ) ;
#5369 = DIRECTION ( 'NONE',  ( 0.7071067811865474617, -0.7071067811865474617, 0.000000000000000000 ) ) ;
#5370 = EDGE_LOOP ( 'NONE', ( #1639, #2784, #6635, #803 ) ) ;
#5371 = LINE ( 'NONE', #6413, #3984 ) ;
#5372 = CARTESIAN_POINT ( 'NONE',  ( 0.7144182660761357884, -0.5731729822834260579, 0.03051181102362205202 ) ) ;
#5373 = DIRECTION ( 'NONE',  ( 1.000000000000000000, 0.000000000000000000, 0.000000000000000000 ) ) ;
#5374 = ORIENTED_EDGE ( 'NONE', *, *, #3430, .T. ) ;
#5375 = ORIENTED_EDGE ( 'NONE', *, *, #826, .T. ) ;
#5376 = VERTEX_POINT ( 'NONE', #2337 ) ;
#5377 = EDGE_CURVE ( 'NONE', #1514, #2869, #6607, .T. ) ;
#5378 = ADVANCED_FACE ( 'NONE', ( #4475 ), #4509, .F. ) ;
#5379 = DIRECTION ( 'NONE',  ( 0.000000000000000000, -1.000000000000000000, 0.000000000000000000 ) ) ;
#5380 = DIRECTION ( 'NONE',  ( 1.000000000000000000, 0.000000000000000000, 0.000000000000000000 ) ) ;
#5381 = ORIENTED_EDGE ( 'NONE', *, *, #1496, .T. ) ;
#5382 = DIRECTION ( 'NONE',  ( 1.000000000000000000, 0.000000000000000000, 0.000000000000000000 ) ) ;
#5383 = CARTESIAN_POINT ( 'NONE',  ( 1.129828435559769861, -0.4686522447816141579, 0.07677165354330708902 ) ) ;
#5384 = CARTESIAN_POINT ( 'NONE',  ( 0.6952443799662597623, -0.4594564280026795511, -0.06496062992125983815 ) ) ;
#5385 = ORIENTED_EDGE ( 'NONE', *, *, #2462, .F. ) ;
#5386 = ORIENTED_EDGE ( 'NONE', *, *, #488, .T. ) ;
#5387 = AXIS2_PLACEMENT_3D ( 'NONE', #2615, #5576, #92 ) ;
#5388 = EDGE_CURVE ( 'NONE', #5934, #1973, #2989, .T. ) ;
#5389 = ORIENTED_EDGE ( 'NONE', *, *, #1879, .F. ) ;
#5390 = CARTESIAN_POINT ( 'NONE',  ( 0.7034865414965749686, -0.4343486661828732665, 0.08070866141732284393 ) ) ;
#5391 = CARTESIAN_POINT ( 'NONE',  ( 0.7911340808444526917, -0.7129367618111791538, -0.2027559055118110243 ) ) ;
#5392 = DIRECTION ( 'NONE',  ( 1.000000000000000000, -5.286776307738859121E-14, 0.000000000000000000 ) ) ;
#5393 = EDGE_CURVE ( 'NONE', #5265, #2399, #367, .T. ) ;
#5394 = FACE_OUTER_BOUND ( 'NONE', #1545, .T. ) ;
#5395 = ORIENTED_EDGE ( 'NONE', *, *, #67, .T. ) ;
#5396 = CARTESIAN_POINT ( 'NONE',  ( -72.67989785495451827, -0.7129367618111791538, -0.007874015748031495954 ) ) ;
#5397 = LINE ( 'NONE', #521, #289 ) ;
#5398 = LINE ( 'NONE', #5837, #2048 ) ;
#5399 = CARTESIAN_POINT ( 'NONE',  ( 0.6886747444303332744, -0.4492155377851407283, 0.06102362204724410405 ) ) ;
#5400 = ORIENTED_EDGE ( 'NONE', *, *, #3346, .T. ) ;
#5401 = ORIENTED_EDGE ( 'NONE', *, *, #5954, .F. ) ;
#5402 = DIRECTION ( 'NONE',  ( 0.000000000000000000, -1.000000000000000000, 0.000000000000000000 ) ) ;
#5403 = DIRECTION ( 'NONE',  ( -1.000000000000000000, 0.000000000000000000, 0.000000000000000000 ) ) ;
#5404 = LINE ( 'NONE', #5372, #3194 ) ;
#5405 = DIRECTION ( 'NONE',  ( 0.000000000000000000, -1.000000000000000000, 0.000000000000000000 ) ) ;
#5406 = VECTOR ( 'NONE', #3557, 39.37007874015748143 ) ;
#5407 = AXIS2_PLACEMENT_3D ( 'NONE', #4711, #1417, #4049 ) ;
#5408 = ORIENTED_EDGE ( 'NONE', *, *, #2625, .F. ) ;
#5409 = ORIENTED_EDGE ( 'NONE', *, *, #2793, .T. ) ;
#5410 = ORIENTED_EDGE ( 'NONE', *, *, #4437, .F. ) ;
#5411 = LINE ( 'NONE', #643, #813 ) ;
#5412 = CARTESIAN_POINT ( 'NONE',  ( 0.6992043068646605075, -0.4491572342520942507, 0.07086614173228347746 ) ) ;
#5413 = CYLINDRICAL_SURFACE ( 'NONE', #6216, 0.01574803149606125718 ) ;
#5414 = VECTOR ( 'NONE', #5697, 39.37007874015748143 ) ;
#5415 = ORIENTED_EDGE ( 'NONE', *, *, #415, .T. ) ;
#5416 = AXIS2_PLACEMENT_3D ( 'NONE', #2559, #1927, #321 ) ;
#5417 = CARTESIAN_POINT ( 'NONE',  ( 0.7636308645013326624, -0.4491572342519299932, -0.04429133858267716994 ) ) ;
#5418 = CARTESIAN_POINT ( 'NONE',  ( 0.7596380178525137250, -0.5357714074804330595, -0.007874015748031495954 ) ) ;
#5419 = ADVANCED_FACE ( 'NONE', ( #2998 ), #333, .T. ) ;
#5420 = EDGE_CURVE ( 'NONE', #3561, #6019, #2405, .T. ) ;
#5421 = ORIENTED_EDGE ( 'NONE', *, *, #6319, .F. ) ;
#5422 = EDGE_CURVE ( 'NONE', #2390, #1011, #5716, .T. ) ;
#5423 = ORIENTED_EDGE ( 'NONE', *, *, #4542, .F. ) ;
#5424 = VECTOR ( 'NONE', #57, 39.37007874015748143 ) ;
#5425 = ORIENTED_EDGE ( 'NONE', *, *, #158, .T. ) ;
#5426 = DIRECTION ( 'NONE',  ( 0.000000000000000000, 0.000000000000000000, -1.000000000000000000 ) ) ;
#5427 = DIRECTION ( 'NONE',  ( -0.2777913427744435615, -0.9606414366867440657, 0.000000000000000000 ) ) ;
#5428 = CARTESIAN_POINT ( 'NONE',  ( 0.8895592776948445524, -0.6971887303151181881, -0.007874015748031495954 ) ) ;
#5429 = EDGE_CURVE ( 'NONE', #6532, #1224, #6150, .T. ) ;
#5430 = AXIS2_PLACEMENT_3D ( 'NONE', #261, #1418, #2921 ) ;
#5431 = PLANE ( 'NONE',  #6681 ) ;
#5432 = ORIENTED_EDGE ( 'NONE', *, *, #5867, .F. ) ;
#5433 = CARTESIAN_POINT ( 'NONE',  ( 0.7262292896981831225, -0.5731729822834260579, 0.06003937007874016185 ) ) ;
#5434 = FACE_OUTER_BOUND ( 'NONE', #2, .T. ) ;
#5435 = LINE ( 'NONE', #2623, #3776 ) ;
#5436 = VECTOR ( 'NONE', #5198, 39.37007874015748143 ) ;
#5437 = EDGE_CURVE ( 'NONE', #2399, #3506, #823, .T. ) ;
#5438 = ORIENTED_EDGE ( 'NONE', *, *, #1449, .F. ) ;
#5439 = AXIS2_PLACEMENT_3D ( 'NONE', #4533, #1234, #5059 ) ;
#5440 = EDGE_LOOP ( 'NONE', ( #6660, #4262, #3473, #284 ) ) ;
#5441 = CARTESIAN_POINT ( 'NONE',  ( 0.6992043068859487009, -0.4491572342521267802, -0.06102362204724410405 ) ) ;
#5442 = FACE_OUTER_BOUND ( 'NONE', #3081, .T. ) ;
#5443 = LINE ( 'NONE', #2243, #171 ) ;
#5444 = CARTESIAN_POINT ( 'NONE',  ( 0.7034258868869062153, -0.4345584183326440808, 0.07086614173228389379 ) ) ;
#5445 = EDGE_CURVE ( 'NONE', #2869, #5890, #2925, .T. ) ;
#5446 = VECTOR ( 'NONE', #4841, 39.37007874015748143 ) ;
#5447 = EDGE_LOOP ( 'NONE', ( #4065, #2191, #806, #2100, #775, #3660, #856, #1658, #258, #4865 ) ) ;
#5448 = EDGE_CURVE ( 'NONE', #404, #5528, #300, .T. ) ;
#5449 = VERTEX_POINT ( 'NONE', #2503 ) ;
#5450 = VERTEX_POINT ( 'NONE', #4546 ) ;
#5451 = DIRECTION ( 'NONE',  ( 0.000000000000000000, 0.000000000000000000, 1.000000000000000000 ) ) ;
#5452 = DIRECTION ( 'NONE',  ( -1.000000000000000000, 0.000000000000000000, 0.000000000000000000 ) ) ;
#5453 = AXIS2_PLACEMENT_3D ( 'NONE', #3389, #1143, #3281 ) ;
#5454 = LINE ( 'NONE', #646, #1533 ) ;
#5455 = CARTESIAN_POINT ( 'NONE',  ( 0.8089064550524862618, -33.16904598738386056, -0.08070866141732284393 ) ) ;
#5456 =( NAMED_UNIT ( * ) SI_UNIT ( $, .STERADIAN. ) SOLID_ANGLE_UNIT ( ) );
#5457 = CARTESIAN_POINT ( 'NONE',  ( 1.114080404063698904, -0.4491572342520874228, -0.06102362204724410405 ) ) ;
#5458 = LINE ( 'NONE', #2780, #1081 ) ;
#5459 = ORIENTED_EDGE ( 'NONE', *, *, #2468, .F. ) ;
#5460 = VECTOR ( 'NONE', #1692, 39.37007874015748143 ) ;
#5461 = ORIENTED_EDGE ( 'NONE', *, *, #4029, .F. ) ;
#5462 = AXIS2_PLACEMENT_3D ( 'NONE', #2189, #4925, #5992 ) ;
#5463 = ORIENTED_EDGE ( 'NONE', *, *, #1816, .F. ) ;
#5464 = CARTESIAN_POINT ( 'NONE',  ( 0.7446348015091733830, -0.5908895177166949564, 0.08070866141732284393 ) ) ;
#5465 = LINE ( 'NONE', #655, #6710 ) ;
#5466 = PLANE ( 'NONE',  #6868 ) ;
#5467 = VECTOR ( 'NONE', #6184, 39.37007874015748143 ) ;
#5468 = AXIS2_PLACEMENT_3D ( 'NONE', #5322, #5755, #1458 ) ;
#5469 = EDGE_CURVE ( 'NONE', #5796, #5776, #5679, .T. ) ;
#5470 = EDGE_CURVE ( 'NONE', #6188, #4597, #4615, .T. ) ;
#5471 = PLANE ( 'NONE',  #6565 ) ;
#5472 =( BOUNDED_CURVE ( )  B_SPLINE_CURVE ( 3, ( #540, #2568, #3131, #3702 ),
 .UNSPECIFIED., .F., .T. ) 
 B_SPLINE_CURVE_WITH_KNOTS ( ( 4, 4 ),
 ( 0.3843967744955955057, 1.570796326794130060 ),
 .UNSPECIFIED. ) 
 CURVE ( )  GEOMETRIC_REPRESENTATION_ITEM ( )  RATIONAL_B_SPLINE_CURVE ( ( 1.000000000000000000, 0.8861041317260349715, 0.8861041317260349715, 1.000000000000000000 ) ) 
 REPRESENTATION_ITEM ( '' )  );
#5473 = CARTESIAN_POINT ( 'NONE',  ( -72.67989785495451827, -0.6971887303151181881, -0.07874015748031495954 ) ) ;
#5474 = DIRECTION ( 'NONE',  ( 1.000000000000000000, 0.000000000000000000, 0.000000000000000000 ) ) ;
#5475 = CARTESIAN_POINT ( 'NONE',  ( 0.6992043068859487009, -0.4491572342520874228, -0.08070866141732284393 ) ) ;
#5476 = LINE ( 'NONE', #238, #534 ) ;
#5477 = ORIENTED_EDGE ( 'NONE', *, *, #6253, .F. ) ;
#5478 = VERTEX_POINT ( 'NONE', #3531 ) ;
#5479 = EDGE_CURVE ( 'NONE', #3749, #3645, #6781, .T. ) ;
#5480 = CARTESIAN_POINT ( 'NONE',  ( 1.104719345611147929, -0.4528621900221267982, -0.08070866141732284393 ) ) ;
#5481 = CARTESIAN_POINT ( 'NONE',  ( 1.111338195303802623, -0.4491572342515955940, 0.06102362204724932210 ) ) ;
#5482 = CARTESIAN_POINT ( 'NONE',  ( 0.8647135416666634766, -0.4904958169292921721, -0.08070866141732284393 ) ) ;
#5483 = LINE ( 'NONE', #1787, #3844 ) ;
#5484 = EDGE_LOOP ( 'NONE', ( #42, #3438, #3829, #3597 ) ) ;
#5485 = ORIENTED_EDGE ( 'NONE', *, *, #3052, .F. ) ;
#5486 = FACE_OUTER_BOUND ( 'NONE', #2203, .T. ) ;
#5487 = CARTESIAN_POINT ( 'NONE',  ( 0.8147561280887380963, -0.6971887303151181881, 0.007874015748031495954 ) ) ;
#5488 = CARTESIAN_POINT ( 'NONE',  ( 1.112111900126696806, -0.5908895177166949564, 0.08070866141732284393 ) ) ;
#5489 = LINE ( 'NONE', #678, #3624 ) ;
#5490 = EDGE_CURVE ( 'NONE', #4335, #6188, #1942, .T. ) ;
#5491 = DIRECTION ( 'NONE',  ( 0.000000000000000000, 0.000000000000000000, 1.000000000000000000 ) ) ;
#5492 = DIRECTION ( 'NONE',  ( 0.000000000000000000, 0.000000000000000000, -1.000000000000000000 ) ) ;
#5493 = CARTESIAN_POINT ( 'NONE',  ( 0.7144182660761357884, -0.5849840059054763897, -0.06003937007874016185 ) ) ;
#5494 = APPLICATION_CONTEXT ( 'automotive_design' ) ;
#5495 = ORIENTED_EDGE ( 'NONE', *, *, #2227, .T. ) ;
#5496 = EDGE_LOOP ( 'NONE', ( #4425, #3044, #1120, #674 ) ) ;
#5497 = FACE_OUTER_BOUND ( 'NONE', #4926, .T. ) ;
#5498 = VERTEX_POINT ( 'NONE', #2442 ) ;
#5499 = PLANE ( 'NONE',  #5131 ) ;
#5500 = CARTESIAN_POINT ( 'NONE',  ( 0.9631387385170552262, -0.5495509350395306747, 0.08070866141732284393 ) ) ;
#5501 = CARTESIAN_POINT ( 'NONE',  ( 1.051721415682403515, -0.6420706200788995899, 0.08070866141732284393 ) ) ;
#5502 = CIRCLE ( 'NONE', #2686, 0.01574803149606299538 ) ;
#5503 = DIRECTION ( 'NONE',  ( 0.000000000000000000, 1.000000000000000000, 0.000000000000000000 ) ) ;
#5504 = CARTESIAN_POINT ( 'NONE',  ( 0.7636308645013326624, -0.5101808562992157237, 0.06003937007874016185 ) ) ;
#5505 = CARTESIAN_POINT ( 'NONE',  ( 0.6415277816318543103, -0.7995509350395256787, -0.007874015748031495954 ) ) ;
#5506 = CARTESIAN_POINT ( 'NONE',  ( 0.8423151832068446199, -0.5357714074804330595, 0.007874015748031495954 ) ) ;
#5507 = DIRECTION ( 'NONE',  ( 0.000000000000000000, -1.000000000000000000, 0.000000000000000000 ) ) ;
#5508 = EDGE_CURVE ( 'NONE', #3749, #483, #3496, .T. ) ;
#5509 = EDGE_CURVE ( 'NONE', #4881, #4000, #4581, .T. ) ;
#5510 = EDGE_LOOP ( 'NONE', ( #3268, #6190, #6759, #2154 ) ) ;
#5511 = ADVANCED_FACE ( 'NONE', ( #3069 ), #1908, .T. ) ;
#5512 = ORIENTED_EDGE ( 'NONE', *, *, #6911, .F. ) ;
#5513 = CARTESIAN_POINT ( 'NONE',  ( 0.6992043068859487009, -0.4491572342520874228, 0.06496062992125983815 ) ) ;
#5514 = PLANE ( 'NONE',  #6581 ) ;
#5515 = CARTESIAN_POINT ( 'NONE',  ( 1.112227807619629028, -0.4431456270393502872, 0.06102362204724411099 ) ) ;
#5516 = CARTESIAN_POINT ( 'NONE',  ( 0.9879844745452361909, -0.7129367618111791538, -0.2145669291338582751 ) ) ;
#5517 = EDGE_CURVE ( 'NONE', #5346, #5344, #5640, .T. ) ;
#5518 = ORIENTED_EDGE ( 'NONE', *, *, #334, .F. ) ;
#5519 = VERTEX_POINT ( 'NONE', #4054 ) ;
#5520 = PLANE ( 'NONE',  #3048 ) ;
#5521 = DIRECTION ( 'NONE',  ( 1.000000000000000000, -4.111937128241349667E-14, 0.000000000000000000 ) ) ;
#5522 = DIRECTION ( 'NONE',  ( 1.000000000000000000, 0.000000000000000000, 0.000000000000000000 ) ) ;
#5523 = CARTESIAN_POINT ( 'NONE',  ( 0.7871970729706301295, -0.6302595964568091791, -0.07874015748031495954 ) ) ;
#5524 = DIRECTION ( 'NONE',  ( -0.2777913427738665231, 0.9606414366869109323, 0.000000000000000000 ) ) ;
#5525 = DIRECTION ( 'NONE',  ( 0.000000000000000000, 0.000000000000000000, -1.000000000000000000 ) ) ;
#5526 = AXIS2_PLACEMENT_3D ( 'NONE', #4883, #4, #5379 ) ;
#5527 = B_SPLINE_SURFACE_WITH_KNOTS ( 'NONE', 3, 1, ( 
 ( #471, #1032 ),
 ( #5787, #5280 ),
 ( #5384, #4820 ),
 ( #4715, #5316 ),
 ( #544, #4683 ) ),
 .UNSPECIFIED., .F., .F., .F.,
 ( 4, 1, 4 ),
 ( 2, 2 ),
 ( 2.293511054658520113E-08, 0.2938945741444615178, 0.5383471374219870320 ),
 ( 0.000000000000000000, 1.000000000000000000 ),
 .UNSPECIFIED. ) ;
#5528 = VERTEX_POINT ( 'NONE', #6458 ) ;
#5529 = ORIENTED_EDGE ( 'NONE', *, *, #316, .F. ) ;
#5530 = ADVANCED_FACE ( 'NONE', ( #6394 ), #3636, .T. ) ;
#5531 = AXIS2_PLACEMENT_3D ( 'NONE', #6806, #848, #356 ) ;
#5532 = AXIS2_PLACEMENT_3D ( 'NONE', #5763, #5694, #1436 ) ;
#5533 = DIRECTION ( 'NONE',  ( 0.000000000000000000, 0.000000000000000000, 1.000000000000000000 ) ) ;
#5534 = ORIENTED_EDGE ( 'NONE', *, *, #533, .F. ) ;
#5535 = DIRECTION ( 'NONE',  ( 0.000000000000000000, 1.000000000000000000, 0.000000000000000000 ) ) ;
#5536 = DIRECTION ( 'NONE',  ( -0.2777913427747084607, -0.9606414366866674603, 0.000000000000000000 ) ) ;
#5537 = DIRECTION ( 'NONE',  ( -4.111937128241349667E-14, -1.000000000000000000, 0.000000000000000000 ) ) ;
#5538 = EDGE_CURVE ( 'NONE', #4995, #4370, #3205, .T. ) ;
#5539 = CIRCLE ( 'NONE', #155, 0.01574803149606125718 ) ;
#5540 = PLANE ( 'NONE',  #266 ) ;
#5541 = FACE_OUTER_BOUND ( 'NONE', #5229, .T. ) ;
#5542 = PLANE ( 'NONE',  #61 ) ;
#5543 = CARTESIAN_POINT ( 'NONE',  ( 0.9395166912729547848, -0.4904958169292921721, -0.08070866141732284393 ) ) ;
#5544 = PLANE ( 'NONE',  #1760 ) ;
#5545 = ORIENTED_EDGE ( 'NONE', *, *, #4173, .F. ) ;
#5546 = EDGE_LOOP ( 'NONE', ( #2565, #1033, #5170, #5674 ) ) ;
#5547 = LINE ( 'NONE', #4421, #2610 ) ;
#5548 = VERTEX_POINT ( 'NONE', #2153 ) ;
#5549 = DIRECTION ( 'NONE',  ( 0.000000000000000000, 0.000000000000000000, -1.000000000000000000 ) ) ;
#5550 = CARTESIAN_POINT ( 'NONE',  ( 1.103537104366482779, -0.4487738339328683490, 0.06102362204726007738 ) ) ;
#5551 = VECTOR ( 'NONE', #5380, 39.37007874015748143 ) ;
#5552 = LINE ( 'NONE', #6054, #2936 ) ;
#5553 = EDGE_CURVE ( 'NONE', #3617, #838, #4160, .T. ) ;
#5554 = EDGE_CURVE ( 'NONE', #102, #4371, #6884, .T. ) ;
#5555 = VERTEX_POINT ( 'NONE', #4301 ) ;
#5556 = VECTOR ( 'NONE', #4637, 39.37007874015748143 ) ;
#5557 = EDGE_LOOP ( 'NONE', ( #2710, #1103, #170, #520 ) ) ;
#5558 = DIRECTION ( 'NONE',  ( 0.000000000000000000, 1.000000000000000000, 0.000000000000000000 ) ) ;
#5559 = CARTESIAN_POINT ( 'NONE',  ( 0.7144182660761357884, -0.5849840059054763897, -0.06003937007874016185 ) ) ;
#5560 = FACE_OUTER_BOUND ( 'NONE', #4082, .T. ) ;
#5561 = FACE_OUTER_BOUND ( 'NONE', #6018, .T. ) ;
#5562 = ADVANCED_FACE ( 'NONE', ( #5856, #3171, #1629 ), #4787, .F. ) ;
#5563 = ADVANCED_FACE ( 'NONE', ( #2084 ), #6425, .T. ) ;
#5564 = PLANE ( 'NONE',  #6029 ) ;
#5565 = CIRCLE ( 'NONE', #6245, 0.01181102362204594289 ) ;
#5566 = CARTESIAN_POINT ( 'NONE',  ( 0.6900040669784344161, -0.4450405391839298286, 0.06102362204724338240 ) ) ;
#5567 = ORIENTED_EDGE ( 'NONE', *, *, #1902, .F. ) ;
#5568 = ORIENTED_EDGE ( 'NONE', *, *, #3450, .T. ) ;
#5569 = AXIS2_PLACEMENT_3D ( 'NONE', #4126, #4022, #3465 ) ;
#5570 = DIRECTION ( 'NONE',  ( 0.000000000000000000, 0.000000000000000000, -1.000000000000000000 ) ) ;
#5571 = ORIENTED_EDGE ( 'NONE', *, *, #5946, .F. ) ;
#5572 = EDGE_CURVE ( 'NONE', #66, #6957, #2122, .T. ) ;
#5573 = VERTEX_POINT ( 'NONE', #9 ) ;
#5574 = DIRECTION ( 'NONE',  ( -1.000000000000000000, 0.000000000000000000, 0.000000000000000000 ) ) ;
#5575 = CARTESIAN_POINT ( 'NONE',  ( 0.5963080298556693304, -0.5731729822834260579, 0.01968503937007873988 ) ) ;
#5576 = DIRECTION ( 'NONE',  ( 0.000000000000000000, 0.000000000000000000, 1.000000000000000000 ) ) ;
#5577 = AXIS2_PLACEMENT_3D ( 'NONE', #2290, #3381, #5524 ) ;
#5578 = VECTOR ( 'NONE', #6854, 39.37007874015748143 ) ;
#5579 = CARTESIAN_POINT ( 'NONE',  ( 0.6887718761201948592, -0.4491572342521267802, 0.08070866141732284393 ) ) ;
#5580 = AXIS2_PLACEMENT_3D ( 'NONE', #377, #2510, #6829 ) ;
#5581 = CARTESIAN_POINT ( 'NONE',  ( 1.059595431430434997, -0.5908895177166949564, 0.08070866141732284393 ) ) ;
#5582 = LINE ( 'NONE', #6078, #2974 ) ;
#5583 = CARTESIAN_POINT ( 'NONE',  ( 1.058850616277521750, -1.063330462598543358, -0.06299212598425196763 ) ) ;
#5584 = DIRECTION ( 'NONE',  ( 0.000000000000000000, 0.000000000000000000, -1.000000000000000000 ) ) ;
#5585 = EDGE_CURVE ( 'NONE', #1993, #1910, #1525, .T. ) ;
#5586 = ORIENTED_EDGE ( 'NONE', *, *, #5642, .F. ) ;
#5587 = AXIS2_PLACEMENT_3D ( 'NONE', #408, #6822, #3679 ) ;
#5588 = ORIENTED_EDGE ( 'NONE', *, *, #532, .F. ) ;
#5589 = CARTESIAN_POINT ( 'NONE',  ( 1.112111900126696806, -0.4686522447816535153, -0.06496062992125983815 ) ) ;
#5590 = EDGE_LOOP ( 'NONE', ( #2023, #2249, #2954, #6777 ) ) ;
#5591 = CARTESIAN_POINT ( 'NONE',  ( 0.9152056676509450206, -0.5101808562992157237, 0.04429133858267716994 ) ) ;
#5592 = CARTESIAN_POINT ( 'NONE',  ( 1.100932405477690557, -0.4397664197482443194, 0.06102362204690350150 ) ) ;
#5593 = DIRECTION ( 'NONE',  ( 0.000000000000000000, 0.000000000000000000, -1.000000000000000000 ) ) ;
#5594 = VERTEX_POINT ( 'NONE', #1594 ) ;
#5595 = VERTEX_POINT ( 'NONE', #3739 ) ;
#5596 = CARTESIAN_POINT ( 'NONE',  ( 0.7596380178525137250, -0.5357714074804330595, 0.007874015748031495954 ) ) ;
#5597 = PLANE ( 'NONE',  #4980 ) ;
#5598 = CARTESIAN_POINT ( 'NONE',  ( 0.8089064550524862618, -0.4334092027560654259, 0.04527559055118110520 ) ) ;
#5599 = DIRECTION ( 'NONE',  ( -1.000000000000000000, 0.000000000000000000, 0.000000000000000000 ) ) ;
#5600 = CARTESIAN_POINT ( 'NONE',  ( 0.6896273353037286613, -0.4465936746975234795, 0.06102362204724410405 ) ) ;
#5601 = ORIENTED_EDGE ( 'NONE', *, *, #742, .T. ) ;
#5602 = ADVANCED_FACE ( 'NONE', ( #3671 ), #5247, .T. ) ;
#5603 = VERTEX_POINT ( 'NONE', #5892 ) ;
#5604 = ADVANCED_FACE ( 'NONE', ( #1069 ), #5527, .F. ) ;
#5605 = CARTESIAN_POINT ( 'NONE',  ( 1.114080404063698904, -0.4491572342520874228, 0.08070866141732284393 ) ) ;
#5606 = ORIENTED_EDGE ( 'NONE', *, *, #6827, .F. ) ;
#5607 = ORIENTED_EDGE ( 'NONE', *, *, #6128, .T. ) ;
#5608 = CARTESIAN_POINT ( 'NONE',  ( 0.9152056676509450206, -0.5298658956692529065, -0.04429133858267716994 ) ) ;
#5609 = DIRECTION ( 'NONE',  ( -1.000000000000000000, 6.530723674265489280E-14, 0.000000000000000000 ) ) ;
#5610 = CARTESIAN_POINT ( 'NONE',  ( 0.8647135416666634766, -0.5495509350395306747, -0.06496062992125983815 ) ) ;
#5611 = EDGE_CURVE ( 'NONE', #5327, #5066, #6356, .T. ) ;
#5612 = CARTESIAN_POINT ( 'NONE',  ( 1.114080404063698904, -0.4491572342520874228, 0.08070866141732284393 ) ) ;
#5613 = PLANE ( 'NONE',  #6152 ) ;
#5614 = CARTESIAN_POINT ( 'NONE',  ( 0.9013703013170828449, -0.7877399114174391537, 0.07874015748031495954 ) ) ;
#5615 = PLANE ( 'NONE',  #3032 ) ;
#5616 = LINE ( 'NONE', #2901, #644 ) ;
#5617 = ORIENTED_EDGE ( 'NONE', *, *, #1980, .T. ) ;
#5618 = COLOUR_RGB ( '',0.7921568627450980005, 0.8196078431372548767, 0.9333333333333333481 ) ;
#5619 = ADVANCED_FACE ( 'NONE', ( #2678 ), #3772, .T. ) ;
#5620 = ORIENTED_EDGE ( 'NONE', *, *, #2245, .F. ) ;
#5621 = PLANE ( 'NONE',  #824 ) ;
#5622 = ORIENTED_EDGE ( 'NONE', *, *, #2303, .F. ) ;
#5623 = FACE_OUTER_BOUND ( 'NONE', #1080, .T. ) ;
#5624 = DIRECTION ( 'NONE',  ( 0.000000000000000000, 0.000000000000000000, 1.000000000000000000 ) ) ;
#5625 = ORIENTED_EDGE ( 'NONE', *, *, #1469, .T. ) ;
#5626 = ORIENTED_EDGE ( 'NONE', *, *, #245, .T. ) ;
#5627 = CARTESIAN_POINT ( 'NONE',  ( 0.9152056676509450206, -0.5298658956692529065, 0.04429133858267716994 ) ) ;
#5628 = DIRECTION ( 'NONE',  ( 0.000000000000000000, 0.000000000000000000, -1.000000000000000000 ) ) ;
#5629 = PLANE ( 'NONE',  #4093 ) ;
#5630 = LINE ( 'NONE', #184, #6669 ) ;
#5631 = CARTESIAN_POINT ( 'NONE',  ( 0.6897268212067777515, -0.4459992939596756911, 0.06102362204724447875 ) ) ;
#5632 = ORIENTED_EDGE ( 'NONE', *, *, #5073, .F. ) ;
#5633 = VERTEX_POINT ( 'NONE', #4195 ) ;
#5634 = FACE_OUTER_BOUND ( 'NONE', #3106, .T. ) ;
#5635 = CARTESIAN_POINT ( 'NONE',  ( 0.7754418881233877681, -0.4904958169290952741, 0.03051181102362205202 ) ) ;
#5636 = AXIS2_PLACEMENT_3D ( 'NONE', #1865, #6631, #2914 ) ;
#5637 = ORIENTED_EDGE ( 'NONE', *, *, #403, .F. ) ;
#5638 = CARTESIAN_POINT ( 'NONE',  ( 0.8147561280887380963, -0.6971887303151181881, -0.007874015748031495954 ) ) ;
#5639 = FACE_OUTER_BOUND ( 'NONE', #2946, .T. ) ;
#5640 = LINE ( 'NONE', #2961, #2758 ) ;
#5641 = ADVANCED_FACE ( 'NONE', ( #3418 ), #3876, .T. ) ;
#5642 = EDGE_CURVE ( 'NONE', #1035, #6366, #1730, .T. ) ;
#5643 = ORIENTED_EDGE ( 'NONE', *, *, #2591, .T. ) ;
#5644 = AXIS2_PLACEMENT_3D ( 'NONE', #383, #1439, #6230 ) ;
#5645 = VECTOR ( 'NONE', #5570, 39.37007874015748143 ) ;
#5646 = CARTESIAN_POINT ( 'NONE',  ( 0.9152056676509450206, -0.5298658956692529065, 0.04429133858267716994 ) ) ;
#5647 = CARTESIAN_POINT ( 'NONE',  ( 0.7438899863564528703, -0.6302595964568091791, 0.07874015748031495954 ) ) ;
#5648 = CARTESIAN_POINT ( 'NONE',  ( 1.099426393296895066, -0.4345584183326500760, 0.07086614173228314439 ) ) ;
#5649 = CARTESIAN_POINT ( 'NONE',  ( 0.9781977936351987646, -0.5849840059054763897, 0.03051181102362205202 ) ) ;
#5650 = EDGE_CURVE ( 'NONE', #281, #2258, #578, .T. ) ;
#5651 = STYLED_ITEM ( 'NONE', ( #6194 ), #4776 ) ;
#5652 = AXIS2_PLACEMENT_3D ( 'NONE', #3368, #1717, #1294 ) ;
#5653 = EDGE_CURVE ( 'NONE', #131, #3448, #3807, .T. ) ;
#5654 = CARTESIAN_POINT ( 'NONE',  ( 0.5963080298556693304, -0.5731729822834260579, 0.01968503937007873988 ) ) ;
#5655 = ORIENTED_EDGE ( 'NONE', *, *, #2581, .T. ) ;
#5656 = AXIS2_PLACEMENT_3D ( 'NONE', #1218, #3816, #3326 ) ;
#5657 = ORIENTED_EDGE ( 'NONE', *, *, #5642, .T. ) ;
#5658 = CARTESIAN_POINT ( 'NONE',  ( 0.7761308645013051954, -0.6499446358269291846, -0.06496062992125983815 ) ) ;
#5659 = ORIENTED_EDGE ( 'NONE', *, *, #4542, .T. ) ;
#5660 = CARTESIAN_POINT ( 'NONE',  ( 1.114177514397836077, -0.4492154801900679062, 0.06102362204724418732 ) ) ;
#5661 = SURFACE_SIDE_STYLE ('',( #4697 ) ) ;
#5662 = EDGE_CURVE ( 'NONE', #262, #2013, #2256, .T. ) ;
#5663 = ORIENTED_EDGE ( 'NONE', *, *, #6645, .F. ) ;
#5664 = ORIENTED_EDGE ( 'NONE', *, *, #5731, .F. ) ;
#5665 = LINE ( 'NONE', #388, #28 ) ;
#5666 = DIRECTION ( 'NONE',  ( 0.000000000000000000, 0.000000000000000000, -1.000000000000000000 ) ) ;
#5667 = ADVANCED_FACE ( 'NONE', ( #3913 ), #2327, .F. ) ;
#5668 = CARTESIAN_POINT ( 'NONE',  ( 0.6952443799662597623, -0.4594564280026795511, 0.08070866141732284393 ) ) ;
#5669 = DIRECTION ( 'NONE',  ( 1.000000000000000000, 0.000000000000000000, 0.000000000000000000 ) ) ;
#5670 = VECTOR ( 'NONE', #3156, 39.37007874015748143 ) ;
#5671 = EDGE_LOOP ( 'NONE', ( #1885, #3543, #2123, #5805, #538, #3341, #6033, #1851, #4124, #4699, #39, #4800 ) ) ;
#5672 = EDGE_LOOP ( 'NONE', ( #641, #1242, #3462, #6145 ) ) ;
#5673 = DIRECTION ( 'NONE',  ( 0.000000000000000000, 0.000000000000000000, 1.000000000000000000 ) ) ;
#5674 = ORIENTED_EDGE ( 'NONE', *, *, #3663, .T. ) ;
#5675 = VECTOR ( 'NONE', #6594, 39.37007874015748143 ) ;
#5676 = VERTEX_POINT ( 'NONE', #6064 ) ;
#5677 = DIRECTION ( 'NONE',  ( 4.111937128241349667E-14, 1.000000000000000000, 0.000000000000000000 ) ) ;
#5678 = FACE_OUTER_BOUND ( 'NONE', #3628, .T. ) ;
#5679 = LINE ( 'NONE', #895, #2318 ) ;
#5680 = ORIENTED_EDGE ( 'NONE', *, *, #4985, .T. ) ;
#5681 = AXIS2_PLACEMENT_3D ( 'NONE', #3512, #4663, #980 ) ;
#5682 = CARTESIAN_POINT ( 'NONE',  ( 0.6730238446241337824, -0.6696296751970117755, 0.08070866141732284393 ) ) ;
#5683 = DIRECTION ( 'NONE',  ( 0.000000000000000000, 0.000000000000000000, -1.000000000000000000 ) ) ;
#5684 = DIRECTION ( 'NONE',  ( -1.000000000000000000, 5.046468293751270233E-14, 0.000000000000000000 ) ) ;
#5685 = AXIS2_PLACEMENT_3D ( 'NONE', #619, #6606, #2262 ) ;
#5686 = PLANE ( 'NONE',  #3928 ) ;
#5687 = LINE ( 'NONE', #3005, #1094 ) ;
#5688 = UNCERTAINTY_MEASURE_WITH_UNIT (LENGTH_MEASURE( 1.000000000000000082E-05 ), #4416, 'distance_accuracy_value', 'NONE');
#5689 = ORIENTED_EDGE ( 'NONE', *, *, #5117, .T. ) ;
#5690 = EDGE_CURVE ( 'NONE', #5240, #5745, #3349, .T. ) ;
#5691 = EDGE_CURVE ( 'NONE', #4825, #4975, #679, .T. ) ;
#5692 = VECTOR ( 'NONE', #1354, 39.37007874015748143 ) ;
#5693 = EDGE_LOOP ( 'NONE', ( #5461, #2851, #3700, #1699 ) ) ;
#5694 = DIRECTION ( 'NONE',  ( 1.000000000000000000, 0.000000000000000000, 0.000000000000000000 ) ) ;
#5695 = VERTEX_POINT ( 'NONE', #4399 ) ;
#5696 = CARTESIAN_POINT ( 'NONE',  ( 1.114047002965478539, -0.4492638723875181372, 0.06102362204724410405 ) ) ;
#5697 = DIRECTION ( 'NONE',  ( 1.000000000000000000, 0.000000000000000000, 0.000000000000000000 ) ) ;
#5698 = VECTOR ( 'NONE', #1844, 39.37007874015748143 ) ;
#5699 = ORIENTED_EDGE ( 'NONE', *, *, #6128, .F. ) ;
#5700 = EDGE_CURVE ( 'NONE', #1256, #5594, #4433, .T. ) ;
#5701 = ORIENTED_EDGE ( 'NONE', *, *, #1225, .T. ) ;
#5702 = CARTESIAN_POINT ( 'NONE',  ( 0.7557568487533014023, -0.5731729822834260579, 0.03051181102362205202 ) ) ;
#5703 = VECTOR ( 'NONE', #721, 39.37007874015748143 ) ;
#5704 = CARTESIAN_POINT ( 'NONE',  ( 0.6935124299162600536, -0.4334092027560654814, 0.06102362204724410405 ) ) ;
#5705 = LINE ( 'NONE', #4672, #1403 ) ;
#5706 = CARTESIAN_POINT ( 'NONE',  ( 1.114080404063698904, -0.4491572342521267802, 0.08070866141732284393 ) ) ;
#5707 =( BOUNDED_CURVE ( )  B_SPLINE_CURVE ( 3, ( #2374, #6647, #6218, #5043 ),
 .UNSPECIFIED., .F., .F. ) 
 B_SPLINE_CURVE_WITH_KNOTS ( ( 4, 4 ),
 ( 3.785093762382690130, 4.712388980385539661 ),
 .UNSPECIFIED. ) 
 CURVE ( )  GEOMETRIC_REPRESENTATION_ITEM ( )  RATIONAL_B_SPLINE_CURVE ( ( 1.000000000000000000, 0.9296181273330920147, 0.9296181273330920147, 1.000000000000000000 ) ) 
 REPRESENTATION_ITEM ( '' )  );
#5708 = B_SPLINE_CURVE_WITH_KNOTS ( 'NONE', 3,
 ( #6621, #6121, #3335, #5480, #2798 ),
 .UNSPECIFIED., .F., .F.,
 ( 4, 1, 4 ),
 ( 0.000000000000000000, 0.2444525632775255142, 0.5383471374228910866 ),
 .UNSPECIFIED. ) ;
#5709 = EDGE_LOOP ( 'NONE', ( #6282, #5400, #5410, #2138 ) ) ;
#5710 = ORIENTED_EDGE ( 'NONE', *, *, #139, .T. ) ;
#5711 = DIRECTION ( 'NONE',  ( -0.000000000000000000, 1.000000000000000000, 0.000000000000000000 ) ) ;
#5712 = ORIENTED_EDGE ( 'NONE', *, *, #657, .F. ) ;
#5713 = ORIENTED_EDGE ( 'NONE', *, *, #4444, .T. ) ;
#5714 = CARTESIAN_POINT ( 'NONE',  ( 0.6907403800572066155, -0.4686522447816141579, 0.08070866141732284393 ) ) ;
#5715 = CARTESIAN_POINT ( 'NONE',  ( 0.7525088172572126366, -0.6499446358269291846, 0.08070866141732284393 ) ) ;
#5716 = LINE ( 'NONE', #5108, #1424 ) ;
#5717 = VERTEX_POINT ( 'NONE', #3840 ) ;
#5718 = LINE ( 'NONE', #2928, #1051 ) ;
#5719 = DIMENSIONAL_EXPONENTS ( 1.000000000000000000, 0.000000000000000000, 0.000000000000000000, 0.000000000000000000, 0.000000000000000000, 0.000000000000000000, 0.000000000000000000 ) ;
#5720 = CARTESIAN_POINT ( 'NONE',  ( 1.028099368438311068, -0.6420706200788995899, 0.08070866141732284393 ) ) ;
#5721 = CARTESIAN_POINT ( 'NONE',  ( 0.7636308645013326624, -0.5298658956692529065, 0.06003937007874016185 ) ) ;
#5722 = DIRECTION ( 'NONE',  ( 1.000000000000000000, 0.000000000000000000, 0.000000000000000000 ) ) ;
#5723 = PLANE ( 'NONE',  #1316 ) ;
#5724 = VERTEX_POINT ( 'NONE', #2707 ) ;
#5725 = EDGE_LOOP ( 'NONE', ( #6488, #292, #3965, #3240 ) ) ;
#5726 = CARTESIAN_POINT ( 'NONE',  ( 0.9289851952100020016, -0.5849840059054763897, -0.03051181102362205202 ) ) ;
#5727 = VERTEX_POINT ( 'NONE', #6529 ) ;
#5728 = DIRECTION ( 'NONE',  ( 0.000000000000000000, -1.000000000000000000, 0.000000000000000000 ) ) ;
#5729 = DIRECTION ( 'NONE',  ( 0.000000000000000000, 0.000000000000000000, -1.000000000000000000 ) ) ;
#5730 = EDGE_CURVE ( 'NONE', #4958, #326, #4334, .T. ) ;
#5731 = EDGE_CURVE ( 'NONE', #497, #1514, #6562, .T. ) ;
#5732 = EDGE_CURVE ( 'NONE', #3087, #3686, #2848, .T. ) ;
#5733 = VECTOR ( 'NONE', #766, 39.37007874015748143 ) ;
#5734 = EDGE_LOOP ( 'NONE', ( #652, #490, #5848, #1620 ) ) ;
#5735 = ORIENTED_EDGE ( 'NONE', *, *, #6403, .T. ) ;
#5736 = CARTESIAN_POINT ( 'NONE',  ( 0.6887718761201948592, -0.4686522447816141579, 0.07677165354330708902 ) ) ;
#5737 = DIRECTION ( 'NONE',  ( -1.000000000000000000, 0.000000000000000000, 0.000000000000000000 ) ) ;
#5738 = DIRECTION ( 'NONE',  ( -1.000000000000000000, 0.000000000000000000, 0.000000000000000000 ) ) ;
#5739 = CARTESIAN_POINT ( 'NONE',  ( 1.015543529663344602, -0.5908895177166516577, -0.06299212598425196763 ) ) ;
#5740 = VECTOR ( 'NONE', #1270, 39.37007874015748143 ) ;
#5741 = PRODUCT_DEFINITION_SHAPE ( 'NONE', 'NONE',  #384 ) ;
#5742 = EDGE_CURVE ( 'NONE', #4302, #4667, #85, .T. ) ;
#5743 = ADVANCED_FACE ( 'NONE', ( #1765 ), #3272, .F. ) ;
#5744 = ORIENTED_EDGE ( 'NONE', *, *, #3061, .F. ) ;
#5745 = VERTEX_POINT ( 'NONE', #4890 ) ;
#5746 = CARTESIAN_POINT ( 'NONE',  ( 0.9131813249391299570, -0.7877399114174391537, -0.2027559055118110243 ) ) ;
#5747 = FACE_OUTER_BOUND ( 'NONE', #89, .T. ) ;
#5748 = EDGE_LOOP ( 'NONE', ( #1886, #5063, #5512, #2876 ) ) ;
#5749 = DIRECTION ( 'NONE',  ( 7.859986015045359736E-14, 0.000000000000000000, 1.000000000000000000 ) ) ;
#5750 = LINE ( 'NONE', #3529, #2862 ) ;
#5751 = DIRECTION ( 'NONE',  ( 0.000000000000000000, -1.000000000000000000, 0.000000000000000000 ) ) ;
#5752 = EDGE_CURVE ( 'NONE', #5084, #4778, #3382, .T. ) ;
#5753 = ORIENTED_EDGE ( 'NONE', *, *, #5073, .T. ) ;
#5754 = CARTESIAN_POINT ( 'NONE',  ( 0.6887718761201948592, -0.4491572342521267802, 0.08070866141732284393 ) ) ;
#5755 = DIRECTION ( 'NONE',  ( 0.000000000000000000, 0.000000000000000000, 1.000000000000000000 ) ) ;
#5756 = CARTESIAN_POINT ( 'NONE',  ( 1.102752963755668114, -0.4460621656880633390, 0.08070866141732264964 ) ) ;
#5757 = DIRECTION ( 'NONE',  ( -4.111937128241349667E-14, -1.000000000000000000, 0.000000000000000000 ) ) ;
#5758 = LINE ( 'NONE', #936, #2542 ) ;
#5759 = VECTOR ( 'NONE', #2739, 39.37007874015748143 ) ;
#5760 = ORIENTED_EDGE ( 'NONE', *, *, #2463, .F. ) ;
#5761 = VECTOR ( 'NONE', #1930, 39.37007874015748143 ) ;
#5762 = VECTOR ( 'NONE', #1258, 39.37007874015748143 ) ;
#5763 = CARTESIAN_POINT ( 'NONE',  ( 0.7911340808444526917, -0.7877399114174391537, 0.07874015748031495954 ) ) ;
#5764 = VERTEX_POINT ( 'NONE', #1698 ) ;
#5765 = CARTESIAN_POINT ( 'NONE',  ( 1.058850616277521750, -0.5908895177166516577, 0.07874015748031495954 ) ) ;
#5766 = CARTESIAN_POINT ( 'NONE',  ( 0.6933538336936220237, -0.4339576507431125996, 0.06102362204724410405 ) ) ;
#5767 = VECTOR ( 'NONE', #3216, 39.37007874015748143 ) ;
#5768 = VERTEX_POINT ( 'NONE', #3313 ) ;
#5769 = ORIENTED_EDGE ( 'NONE', *, *, #6212, .T. ) ;
#5770 = EDGE_CURVE ( 'NONE', #1768, #1770, #5458, .T. ) ;
#5771 = LINE ( 'NONE', #947, #4961 ) ;
#5772 = DIRECTION ( 'NONE',  ( 0.000000000000000000, 0.000000000000000000, 1.000000000000000000 ) ) ;
#5773 = CARTESIAN_POINT ( 'NONE',  ( 0.8647135416666634766, -0.4904958169292921721, -0.06496062992125983815 ) ) ;
#5774 = CARTESIAN_POINT ( 'NONE',  ( 0.8647135416666634766, -0.5495509350395306747, 0.08070866141732284393 ) ) ;
#5775 = ORIENTED_EDGE ( 'NONE', *, *, #4582, .T. ) ;
#5776 = VERTEX_POINT ( 'NONE', #4994 ) ;
#5777 = CLOSED_SHELL ( 'NONE', ( #587, #5511, #5966, #1615, #5563, #5641, #2626, #2717, #4056, #5780, #6223, #704, #3775, #5072, #5255, #6553, #56, #5906, #2972, #5743, #4909, #2896, #1598, #6279, #1646, #3323, #4686, #4716, #2071, #6566, #318, #3831, #1255, #1599, #3366, #4019, #5270, #2781, #1518, #2330, #2837, #1538, #836, #4235, #6009, #6554, #12, #5248, #2520, #6046, #3467, #6255, #1095, #2865, #1991, #2050, #2295, #3622, #1560, #5075, #716 ) ) ;
#5778 = VERTEX_POINT ( 'NONE', #116 ) ;
#5779 = EDGE_CURVE ( 'NONE', #6671, #2087, #1543, .T. ) ;
#5780 = ADVANCED_FACE ( 'NONE', ( #5803 ), #1899, .T. ) ;
#5781 = DIRECTION ( 'NONE',  ( -1.000000000000000000, 0.000000000000000000, 0.000000000000000000 ) ) ;
#5782 = CARTESIAN_POINT ( 'NONE',  ( 0.8410914944225630352, -0.5495509350395306747, 0.08070866141732284393 ) ) ;
#5783 = ORIENTED_EDGE ( 'NONE', *, *, #2160, .T. ) ;
#5784 = LINE ( 'NONE', #2605, #4901 ) ;
#5785 = DIRECTION ( 'NONE',  ( -1.000000000000000000, 0.000000000000000000, 0.000000000000000000 ) ) ;
#5786 = AXIS2_PLACEMENT_3D ( 'NONE', #3588, #1928, #5058 ) ;
#5787 = CARTESIAN_POINT ( 'NONE',  ( 0.6981329345725629798, -0.4528621900221267982, -0.06496062992125983815 ) ) ;
#5788 = ORIENTED_EDGE ( 'NONE', *, *, #198, .T. ) ;
#5789 = EDGE_CURVE ( 'NONE', #1668, #2773, #4501, .T. ) ;
#5790 = CARTESIAN_POINT ( 'NONE',  ( 0.7636308645013326624, -0.4491572342519299932, 0.06003937007874016185 ) ) ;
#5791 = PLANE ( 'NONE',  #2692 ) ;
#5792 = DIRECTION ( 'NONE',  ( -1.000000000000000000, 0.000000000000000000, 0.000000000000000000 ) ) ;
#5793 = DIRECTION ( 'NONE',  ( -1.000000000000000000, 0.000000000000000000, 0.000000000000000000 ) ) ;
#5794 = PLANE ( 'NONE',  #2137 ) ;
#5795 = VECTOR ( 'NONE', #6193, 39.37007874015748143 ) ;
#5796 = VERTEX_POINT ( 'NONE', #254 ) ;
#5797 = ADVANCED_FACE ( 'NONE', ( #781 ), #5244, .F. ) ;
#5798 = CARTESIAN_POINT ( 'NONE',  ( 1.099094071448151633, -0.4334092027560654259, -0.06102362204724410405 ) ) ;
#5799 = ORIENTED_EDGE ( 'NONE', *, *, #1816, .T. ) ;
#5800 = CARTESIAN_POINT ( 'NONE',  ( 1.113509136043033587, -0.4477590830101574881, 0.06102362204724410405 ) ) ;
#5801 = PLANE ( 'NONE',  #1711 ) ;
#5802 = EDGE_CURVE ( 'NONE', #4958, #957, #445, .T. ) ;
#5803 = FACE_OUTER_BOUND ( 'NONE', #86, .T. ) ;
#5804 = VECTOR ( 'NONE', #5785, 39.37007874015748143 ) ;
#5805 = ORIENTED_EDGE ( 'NONE', *, *, #665, .T. ) ;
#5806 = VECTOR ( 'NONE', #3030, 39.37007874015748143 ) ;
#5807 = ORIENTED_EDGE ( 'NONE', *, *, #1433, .T. ) ;
#5808 = CARTESIAN_POINT ( 'NONE',  ( 0.7636308645013326624, -0.5298658956692529065, 0.06003937007874016185 ) ) ;
#5809 = FACE_OUTER_BOUND ( 'NONE', #4339, .T. ) ;
#5810 = DIRECTION ( 'NONE',  ( 1.000000000000000000, 0.000000000000000000, 0.000000000000000000 ) ) ;
#5811 = DIRECTION ( 'NONE',  ( 1.000000000000000000, 0.000000000000000000, 0.000000000000000000 ) ) ;
#5812 = AXIS2_PLACEMENT_3D ( 'NONE', #2341, #6574, #1709 ) ;
#5813 = ORIENTED_EDGE ( 'NONE', *, *, #403, .T. ) ;
#5814 = EDGE_LOOP ( 'NONE', ( #1447, #3929, #3626, #2569 ) ) ;
#5815 = AXIS2_PLACEMENT_3D ( 'NONE', #2643, #997, #6919 ) ;
#5816 = EDGE_LOOP ( 'NONE', ( #6314, #5655, #2627, #6266 ) ) ;
#5817 = FACE_OUTER_BOUND ( 'NONE', #6851, .T. ) ;
#5818 = DIRECTION ( 'NONE',  ( 0.000000000000000000, 0.000000000000000000, -1.000000000000000000 ) ) ;
#5819 = ORIENTED_EDGE ( 'NONE', *, *, #1517, .F. ) ;
#5820 = PLANE ( 'NONE',  #5815 ) ;
#5821 = FACE_OUTER_BOUND ( 'NONE', #5160, .T. ) ;
#5822 = CARTESIAN_POINT ( 'NONE',  ( 1.114080404063698904, -0.4686522447816535153, -0.06102362204724410405 ) ) ;
#5823 = ADVANCED_FACE ( 'NONE', ( #4834 ), #1644, .F. ) ;
#5824 = EDGE_CURVE ( 'NONE', #2813, #1147, #5435, .T. ) ;
#5825 = ORIENTED_EDGE ( 'NONE', *, *, #3879, .T. ) ;
#5826 = ADVANCED_FACE ( 'NONE', ( #5904 ), #2660, .F. ) ;
#5827 = CARTESIAN_POINT ( 'NONE',  ( 0.7754418881233877681, -0.4904958169290952741, -0.01968503937007873988 ) ) ;
#5828 = DIRECTION ( 'NONE',  ( 0.000000000000000000, -1.000000000000000000, 0.000000000000000000 ) ) ;
#5829 = CARTESIAN_POINT ( 'NONE',  ( 0.6907403800572066155, -0.4686522447816141579, 0.06102362204724410405 ) ) ;
#5830 = CARTESIAN_POINT ( 'NONE',  ( 0.7030779533318216590, -0.4357616213802557037, 0.07384053927273366569 ) ) ;
#5831 = DIRECTION ( 'NONE',  ( -4.111937128241349667E-14, -1.000000000000000000, 0.000000000000000000 ) ) ;
#5832 = EDGE_CURVE ( 'NONE', #6122, #633, #3220, .T. ) ;
#5833 = EDGE_LOOP ( 'NONE', ( #6417, #2877, #4221, #4320 ) ) ;
#5834 = CARTESIAN_POINT ( 'NONE',  ( 1.129828435559769861, -0.4529042132855922165, 0.06102362204724410405 ) ) ;
#5835 = ORIENTED_EDGE ( 'NONE', *, *, #2080, .T. ) ;
#5836 = DIRECTION ( 'NONE',  ( -1.000000000000000000, 8.110221191910629847E-14, 0.000000000000000000 ) ) ;
#5837 = CARTESIAN_POINT ( 'NONE',  ( 1.129828435559769861, -0.4491572342521267802, -0.06102362204724410405 ) ) ;
#5838 = DIRECTION ( 'NONE',  ( 0.000000000000000000, 0.000000000000000000, 1.000000000000000000 ) ) ;
#5839 = EDGE_CURVE ( 'NONE', #4129, #2389, #3689, .T. ) ;
#5840 = ORIENTED_EDGE ( 'NONE', *, *, #2178, .F. ) ;
#5841 = ORIENTED_EDGE ( 'NONE', *, *, #1489, .F. ) ;
#5842 = CARTESIAN_POINT ( 'NONE',  ( 1.104719345611147929, -0.4528621900221267982, 0.06496062992125983815 ) ) ;
#5843 = DIRECTION ( 'NONE',  ( 1.000000000000000000, 0.000000000000000000, 0.000000000000000000 ) ) ;
#5844 = CARTESIAN_POINT ( 'NONE',  ( 0.6953288815396890810, -0.4590917141166149240, -0.08070866141732284393 ) ) ;
#5845 = CARTESIAN_POINT ( 'NONE',  ( 0.9939458251312244252, -0.4334092027560654259, 0.04527559055118110520 ) ) ;
#5846 = EDGE_CURVE ( 'NONE', #4804, #1673, #4907, .T. ) ;
#5847 = ORIENTED_EDGE ( 'NONE', *, *, #6826, .F. ) ;
#5848 = ORIENTED_EDGE ( 'NONE', *, *, #2932, .F. ) ;
#5849 = VERTEX_POINT ( 'NONE', #2207 ) ;
#5850 = VECTOR ( 'NONE', #3503, 39.37007874015748143 ) ;
#5851 = DIRECTION ( 'NONE',  ( 0.000000000000000000, 0.000000000000000000, 1.000000000000000000 ) ) ;
#5852 = FACE_OUTER_BOUND ( 'NONE', #2830, .T. ) ;
#5853 = ORIENTED_EDGE ( 'NONE', *, *, #5824, .T. ) ;
#5854 = CARTESIAN_POINT ( 'NONE',  ( 0.7636308645013326624, -0.5298658956692529065, 0.04429133858267716994 ) ) ;
#5855 = DIRECTION ( 'NONE',  ( 0.000000000000000000, 0.000000000000000000, -1.000000000000000000 ) ) ;
#5856 = FACE_BOUND ( 'NONE', #1586, .T. ) ;
#5857 = AXIS2_PLACEMENT_3D ( 'NONE', #3175, #2650, #5321 ) ;
#5858 = EDGE_LOOP ( 'NONE', ( #5195, #3343, #3206, #4723, #6293, #1678, #5225 ) ) ;
#5859 = ORIENTED_EDGE ( 'NONE', *, *, #461, .T. ) ;
#5860 = ADVANCED_FACE ( 'NONE', ( #25 ), #1015, .F. ) ;
#5861 = DIRECTION ( 'NONE',  ( 1.000000000000000000, 0.000000000000000000, 0.000000000000000000 ) ) ;
#5862 = PLANE ( 'NONE',  #5281 ) ;
#5863 = EDGE_CURVE ( 'NONE', #3565, #257, #5938, .T. ) ;
#5864 = DIRECTION ( 'NONE',  ( -1.110223024625156036E-13, 1.000000000000000000, 0.000000000000000000 ) ) ;
#5865 = CARTESIAN_POINT ( 'NONE',  ( 1.020225352690281584, -0.6420706200788995899, 0.06496062992125983815 ) ) ;
#5866 = DIRECTION ( 'NONE',  ( 0.000000000000000000, 1.000000000000000000, 0.000000000000000000 ) ) ;
#5867 = EDGE_CURVE ( 'NONE', #1834, #4633, #4668, .T. ) ;
#5868 = EDGE_CURVE ( 'NONE', #2275, #2772, #2103, .T. ) ;
#5869 = CARTESIAN_POINT ( 'NONE',  ( 0.7911899196194488448, -33.39667614831810738, 0.03937007874015747977 ) ) ;
#5870 = ORIENTED_EDGE ( 'NONE', *, *, #4224, .T. ) ;
#5871 = CARTESIAN_POINT ( 'NONE',  ( 0.7636308645013326624, -0.5298658956692529065, 0.04429133858267716994 ) ) ;
#5872 = DIRECTION ( 'NONE',  ( 0.000000000000000000, 0.000000000000000000, -1.000000000000000000 ) ) ;
#5873 = AXIS2_PLACEMENT_3D ( 'NONE', #2221, #1132, #5851 ) ;
#5874 = CARTESIAN_POINT ( 'NONE',  ( 0.6990598658938248500, -0.4496485198390550719, 0.07086614173228347746 ) ) ;
#5875 = ORIENTED_EDGE ( 'NONE', *, *, #2609, .F. ) ;
#5876 = AXIS2_PLACEMENT_3D ( 'NONE', #3046, #1503, #1404 ) ;
#5877 = AXIS2_PLACEMENT_3D ( 'NONE', #6907, #527, #4838 ) ;
#5878 = ORIENTED_EDGE ( 'NONE', *, *, #5388, .F. ) ;
#5879 = EDGE_CURVE ( 'NONE', #1011, #4370, #1612, .T. ) ;
#5880 = PLANE ( 'NONE',  #3168 ) ;
#5881 = CARTESIAN_POINT ( 'NONE',  ( 1.020225352690281584, -0.6420706200788995899, -0.06496062992125983815 ) ) ;
#5882 = FACE_OUTER_BOUND ( 'NONE', #5672, .T. ) ;
#5883 = PLANE ( 'NONE',  #4850 ) ;
#5884 = VECTOR ( 'NONE', #6833, 39.37007874015748143 ) ;
#5885 = VERTEX_POINT ( 'NONE', #1187 ) ;
#5886 = VERTEX_POINT ( 'NONE', #1781 ) ;
#5887 = VERTEX_POINT ( 'NONE', #6617 ) ;
#5888 = CARTESIAN_POINT ( 'NONE',  ( 1.011606521789521596, -0.7877399114174391537, 0.07874015748031495954 ) ) ;
#5889 = DIRECTION ( 'NONE',  ( 0.000000000000000000, 0.000000000000000000, -1.000000000000000000 ) ) ;
#5890 = VERTEX_POINT ( 'NONE', #1329 ) ;
#5891 = DIRECTION ( 'NONE',  ( 1.000000000000000000, 0.000000000000000000, 0.000000000000000000 ) ) ;
#5892 = CARTESIAN_POINT ( 'NONE',  ( 1.015543529663344602, -0.6302595964568091791, -0.06299212598425196763 ) ) ;
#5893 = ORIENTED_EDGE ( 'NONE', *, *, #1606, .F. ) ;
#5894 = ORIENTED_EDGE ( 'NONE', *, *, #1299, .T. ) ;
#5895 = FACE_OUTER_BOUND ( 'NONE', #3026, .T. ) ;
#5896 = LINE ( 'NONE', #52, #6934 ) ;
#5897 = CARTESIAN_POINT ( 'NONE',  ( 0.9131813249389370002, -0.6302595964568091791, 0.07874015748031495954 ) ) ;
#5898 = AXIS2_PLACEMENT_3D ( 'NONE', #6379, #1549, #427 ) ;
#5899 = CARTESIAN_POINT ( 'NONE',  ( 0.6887718761201948592, -0.4334092027560654259, 0.08070866141732284393 ) ) ;
#5900 = ORIENTED_EDGE ( 'NONE', *, *, #1895, .T. ) ;
#5901 = LINE ( 'NONE', #2101, #4213 ) ;
#5902 = VECTOR ( 'NONE', #555, 39.37007874015748143 ) ;
#5903 = CARTESIAN_POINT ( 'NONE',  ( 1.107607900217634000, -0.4594564280026795511, 0.08070866141733053223 ) ) ;
#5904 = FACE_OUTER_BOUND ( 'NONE', #3985, .T. ) ;
#5905 = EDGE_CURVE ( 'NONE', #542, #1849, #130, .T. ) ;
#5906 = ADVANCED_FACE ( 'NONE', ( #1250 ), #1222, .T. ) ;
#5907 = ORIENTED_EDGE ( 'NONE', *, *, #3451, .T. ) ;
#5908 = AXIS2_PLACEMENT_3D ( 'NONE', #1568, #4201, #1532 ) ;
#5909 = EDGE_LOOP ( 'NONE', ( #310, #5056, #1135, #5401, #1821 ) ) ;
#5910 = LINE ( 'NONE', #1650, #1380 ) ;
#5911 = CARTESIAN_POINT ( 'NONE',  ( 0.6907403800572066155, -0.4686522447816141579, 0.07677165354330708902 ) ) ;
#5912 = CARTESIAN_POINT ( 'NONE',  ( 1.028099368438311068, -0.6499446358269291846, 0.08070866141732284393 ) ) ;
#5913 = LINE ( 'NONE', #2177, #5188 ) ;
#5914 = AXIS2_PLACEMENT_3D ( 'NONE', #3271, #6561, #6063 ) ;
#5915 = AXIS2_PLACEMENT_3D ( 'NONE', #3568, #265, #6716 ) ;
#5916 = EDGE_CURVE ( 'NONE', #5724, #2297, #5616, .T. ) ;
#5917 = EDGE_LOOP ( 'NONE', ( #5680, #6244, #3059 ) ) ;
#5918 = VERTEX_POINT ( 'NONE', #1289 ) ;
#5919 = ORIENTED_EDGE ( 'NONE', *, *, #2312, .F. ) ;
#5920 = DIRECTION ( 'NONE',  ( 0.000000000000000000, 0.000000000000000000, -1.000000000000000000 ) ) ;
#5921 = AXIS2_PLACEMENT_3D ( 'NONE', #5720, #1881, #5076 ) ;
#5922 = DIRECTION ( 'NONE',  ( 2.523234146875349864E-14, 1.000000000000000000, 0.000000000000000000 ) ) ;
#5923 = ORIENTED_EDGE ( 'NONE', *, *, #2927, .F. ) ;
#5924 = CARTESIAN_POINT ( 'NONE',  ( 0.8423151832068446199, -0.5908895177166516577, -0.007874015748031495954 ) ) ;
#5925 = DIRECTION ( 'NONE',  ( 0.000000000000000000, 0.000000000000000000, -1.000000000000000000 ) ) ;
#5926 = ORIENTED_EDGE ( 'NONE', *, *, #4306, .T. ) ;
#5927 = VECTOR ( 'NONE', #4964, 39.37007874015748143 ) ;
#5928 = EDGE_CURVE ( 'NONE', #1331, #888, #1814, .T. ) ;
#5929 = ORIENTED_EDGE ( 'NONE', *, *, #1299, .F. ) ;
#5930 = CARTESIAN_POINT ( 'NONE',  ( 0.6730238446241337824, -0.4686522447816141579, -0.06102362204724410405 ) ) ;
#5931 = CARTESIAN_POINT ( 'NONE',  ( 0.8647135416666634766, -0.5495509350395306747, 0.06496062992125983815 ) ) ;
#5932 = DIRECTION ( 'NONE',  ( 1.000000000000000000, 0.000000000000000000, 0.000000000000000000 ) ) ;
#5933 = PLANE ( 'NONE',  #1936 ) ;
#5934 = VERTEX_POINT ( 'NONE', #693 ) ;
#5935 = CYLINDRICAL_SURFACE ( 'NONE', #1871, 0.01181102362204594289 ) ;
#5936 = CARTESIAN_POINT ( 'NONE',  ( 0.9289851952100020016, -0.5180548720472071267, 0.03051181102362205202 ) ) ;
#5937 = FACE_OUTER_BOUND ( 'NONE', #1578, .T. ) ;
#5938 = LINE ( 'NONE', #1575, #2868 ) ;
#5939 = ORIENTED_EDGE ( 'NONE', *, *, #6383, .T. ) ;
#5940 = ORIENTED_EDGE ( 'NONE', *, *, #6580, .T. ) ;
#5941 = LINE ( 'NONE', #3155, #3851 ) ;
#5942 = ORIENTED_EDGE ( 'NONE', *, *, #1197, .T. ) ;
#5943 = LINE ( 'NONE', #1753, #2518 ) ;
#5944 = FACE_OUTER_BOUND ( 'NONE', #2737, .T. ) ;
#5945 = DIRECTION ( 'NONE',  ( -1.000000000000000000, 0.000000000000000000, 0.000000000000000000 ) ) ;
#5946 = EDGE_CURVE ( 'NONE', #242, #2275, #6155, .T. ) ;
#5947 = EDGE_CURVE ( 'NONE', #5958, #4371, #5476, .T. ) ;
#5948 = EDGE_CURVE ( 'NONE', #1371, #6409, #3400, .T. ) ;
#5949 = ORIENTED_EDGE ( 'NONE', *, *, #6709, .T. ) ;
#5950 = ORIENTED_EDGE ( 'NONE', *, *, #3832, .F. ) ;
#5951 = EDGE_LOOP ( 'NONE', ( #1974, #6206, #6450, #5137 ) ) ;
#5952 = CARTESIAN_POINT ( 'NONE',  ( 0.6415277816318543103, -0.7995509350395256787, -0.007874015748031495954 ) ) ;
#5953 = PLANE ( 'NONE',  #3420 ) ;
#5954 = EDGE_CURVE ( 'NONE', #15, #3463, #2345, .T. ) ;
#5955 = ORIENTED_EDGE ( 'NONE', *, *, #5585, .F. ) ;
#5956 = DIRECTION ( 'NONE',  ( 0.000000000000000000, -1.000000000000000000, 0.000000000000000000 ) ) ;
#5957 = DIRECTION ( 'NONE',  ( 0.000000000000000000, 0.000000000000000000, -1.000000000000000000 ) ) ;
#5958 = VERTEX_POINT ( 'NONE', #5081 ) ;
#5959 = VERTEX_POINT ( 'NONE', #6080 ) ;
#5960 = VECTOR ( 'NONE', #4898, 39.37007874015748143 ) ;
#5961 = ORIENTED_EDGE ( 'NONE', *, *, #449, .F. ) ;
#5962 = CARTESIAN_POINT ( 'NONE',  ( 0.7020591299595649870, -0.4392848555392920851, 0.06496062992125983815 ) ) ;
#5963 = DIRECTION ( 'NONE',  ( 0.000000000000000000, 1.000000000000000000, 0.000000000000000000 ) ) ;
#5964 = CARTESIAN_POINT ( 'NONE',  ( 0.7262292896981831225, -0.5849840059054763897, 0.06003937007874016185 ) ) ;
#5965 = ADVANCED_FACE ( 'NONE', ( #3437 ), #5544, .T. ) ;
#5966 = ADVANCED_FACE ( 'NONE', ( #2864 ), #205, .T. ) ;
#5967 = CARTESIAN_POINT ( 'NONE',  ( 0.6730238446241337824, -0.4529042132855922165, 0.06102362204724410405 ) ) ;
#5968 = ORIENTED_EDGE ( 'NONE', *, *, #3632, .F. ) ;
#5969 = DIRECTION ( 'NONE',  ( 0.000000000000000000, 0.000000000000000000, 1.000000000000000000 ) ) ;
#5970 = DIRECTION ( 'NONE',  ( 0.000000000000000000, 1.000000000000000000, 0.000000000000000000 ) ) ;
#5971 = CARTESIAN_POINT ( 'NONE',  ( 1.051721415682403515, -0.6499446358269685975, 0.08070866141732284393 ) ) ;
#5972 = CARTESIAN_POINT ( 'NONE',  ( 0.6890176666088304591, -0.4484908870750264898, 0.06102362204724410405 ) ) ;
#5973 = ORIENTED_EDGE ( 'NONE', *, *, #6862, .F. ) ;
#5974 = ORIENTED_EDGE ( 'NONE', *, *, #6477, .T. ) ;
#5975 = DIRECTION ( 'NONE',  ( -1.000000000000000000, 0.000000000000000000, 0.000000000000000000 ) ) ;
#5976 = CARTESIAN_POINT ( 'NONE',  ( 0.6907403800572066155, -0.4686522447816141579, -0.06496062992125983815 ) ) ;
#5977 = CARTESIAN_POINT ( 'NONE',  ( 0.7438899863564528703, -0.5908895177166516577, 0.07874015748031495954 ) ) ;
#5978 = DIRECTION ( 'NONE',  ( 1.000000000000000000, 0.000000000000000000, 0.000000000000000000 ) ) ;
#5979 = VECTOR ( 'NONE', #6947, 39.37007874015748143 ) ;
#5980 = AXIS2_PLACEMENT_3D ( 'NONE', #6849, #994, #5275 ) ;
#5981 = ORIENTED_EDGE ( 'NONE', *, *, #1741, .T. ) ;
#5982 = VERTEX_POINT ( 'NONE', #767 ) ;
#5983 = EDGE_LOOP ( 'NONE', ( #882, #2229, #4743, #6270 ) ) ;
#5984 = DIRECTION ( 'NONE',  ( 0.000000000000000000, 0.000000000000000000, -1.000000000000000000 ) ) ;
#5985 = LINE ( 'NONE', #6592, #2628 ) ;
#5986 = CARTESIAN_POINT ( 'NONE',  ( 1.112111900126696806, -0.4686522447816929282, 0.08070866141732284393 ) ) ;
#5987 = FACE_OUTER_BOUND ( 'NONE', #2909, .T. ) ;
#5988 = COLOUR_RGB ( '',0.7921568627450980005, 0.8196078431372548767, 0.9333333333333333481 ) ;
#5989 = EDGE_LOOP ( 'NONE', ( #6522, #4169, #5744, #5146 ) ) ;
#5990 = VECTOR ( 'NONE', #6197, 39.37007874015748143 ) ;
#5991 = DIRECTION ( 'NONE',  ( 1.000000000000000000, 0.000000000000000000, 0.000000000000000000 ) ) ;
#5992 = DIRECTION ( 'NONE',  ( 0.000000000000000000, 1.000000000000000000, 0.000000000000000000 ) ) ;
#5993 = ORIENTED_EDGE ( 'NONE', *, *, #1009, .F. ) ;
#5994 = EDGE_CURVE ( 'NONE', #6366, #5023, #2829, .T. ) ;
#5995 = ORIENTED_EDGE ( 'NONE', *, *, #3060, .T. ) ;
#5996 = EDGE_CURVE ( 'NONE', #3443, #5764, #2792, .T. ) ;
#5997 = VECTOR ( 'NONE', #4345, 39.37007874015748143 ) ;
#5998 = VERTEX_POINT ( 'NONE', #4973 ) ;
#5999 = LINE ( 'NONE', #4407, #4239 ) ;
#6000 = CARTESIAN_POINT ( 'NONE',  ( 0.6889441245034685357, -0.4492070437938189831, -0.06102362204724410405 ) ) ;
#6001 = CARTESIAN_POINT ( 'NONE',  ( 1.129828435559769861, -0.4686522447816141579, -0.07677165354330708902 ) ) ;
#6002 = EDGE_CURVE ( 'NONE', #5257, #3842, #6006, .T. ) ;
#6003 = DIRECTION ( 'NONE',  ( 5.286776307738859121E-14, 1.000000000000000000, 0.000000000000000000 ) ) ;
#6004 = DIRECTION ( 'NONE',  ( 0.000000000000000000, 1.000000000000000000, 0.000000000000000000 ) ) ;
#6005 = CARTESIAN_POINT ( 'NONE',  ( 1.020225352690281584, -0.5908895177166575419, -0.06496062992125983815 ) ) ;
#6006 = LINE ( 'NONE', #4450, #305 ) ;
#6007 = VECTOR ( 'NONE', #2525, 39.37007874015748143 ) ;
#6008 = VERTEX_POINT ( 'NONE', #4937 ) ;
#6009 = ADVANCED_FACE ( 'NONE', ( #2272 ), #6686, .F. ) ;
#6010 = VECTOR ( 'NONE', #6086, 39.37007874015748143 ) ;
#6011 = ORIENTED_EDGE ( 'NONE', *, *, #2355, .F. ) ;
#6012 = DIRECTION ( 'NONE',  ( -4.111937128241349667E-14, -1.000000000000000000, 0.000000000000000000 ) ) ;
#6013 = VERTEX_POINT ( 'NONE', #3894 ) ;
#6014 = CARTESIAN_POINT ( 'NONE',  ( 0.6992043068861396593, -0.4491572342520047112, -0.06496062992125983815 ) ) ;
#6015 = CARTESIAN_POINT ( 'NONE',  ( 1.103537104366466570, -0.4487738339328346537, 0.07086614173228347746 ) ) ;
#6016 = PLANE ( 'NONE',  #2718 ) ;
#6017 = VECTOR ( 'NONE', #3687, 39.37007874015748143 ) ;
#6018 = EDGE_LOOP ( 'NONE', ( #2003, #3136, #3601, #2445 ) ) ;
#6019 = VERTEX_POINT ( 'NONE', #167 ) ;
#6020 = PLANE ( 'NONE',  #1932 ) ;
#6021 = LINE ( 'NONE', #2740, #4871 ) ;
#6022 = VECTOR ( 'NONE', #409, 39.37007874015748143 ) ;
#6023 = DIRECTION ( 'NONE',  ( -4.111937128241349667E-14, -1.000000000000000000, 0.000000000000000000 ) ) ;
#6024 = DIRECTION ( 'NONE',  ( 0.000000000000000000, 0.000000000000000000, -1.000000000000000000 ) ) ;
#6025 = LENGTH_MEASURE_WITH_UNIT ( LENGTH_MEASURE( 0.02539999999999999897 ), #3270 );
#6026 = DIRECTION ( 'NONE',  ( 0.000000000000000000, 0.000000000000000000, 1.000000000000000000 ) ) ;
#6027 = DIRECTION ( 'NONE',  ( 0.000000000000000000, -1.000000000000000000, 0.000000000000000000 ) ) ;
#6028 = VERTEX_POINT ( 'NONE', #2309 ) ;
#6029 = AXIS2_PLACEMENT_3D ( 'NONE', #4432, #6026, #2883 ) ;
#6030 = ORIENTED_EDGE ( 'NONE', *, *, #4435, .T. ) ;
#6031 = VECTOR ( 'NONE', #2472, 39.37007874015748143 ) ;
#6032 = CARTESIAN_POINT ( 'NONE',  ( 0.8580632147027226209, -0.5908895177166516577, -0.007874015748031495954 ) ) ;
#6033 = ORIENTED_EDGE ( 'NONE', *, *, #3895, .T. ) ;
#6034 = CARTESIAN_POINT ( 'NONE',  ( 0.7557568487533014023, -0.5731729822834260579, -0.01968503937007873988 ) ) ;
#6035 = CARTESIAN_POINT ( 'NONE',  ( 1.059595431430434997, -0.6420706200788995899, 0.08070866141732284393 ) ) ;
#6036 = FACE_OUTER_BOUND ( 'NONE', #1351, .T. ) ;
#6037 = EDGE_CURVE ( 'NONE', #2037, #4525, #5687, .T. ) ;
#6038 = ADVANCED_FACE ( 'NONE', ( #1396 ), #5116, .F. ) ;
#6039 = EDGE_CURVE ( 'NONE', #220, #545, #3040, .T. ) ;
#6040 = VECTOR ( 'NONE', #59, 39.37007874015748143 ) ;
#6041 = AXIS2_PLACEMENT_3D ( 'NONE', #618, #4307, #3918 ) ;
#6042 = FACE_OUTER_BOUND ( 'NONE', #772, .T. ) ;
#6043 = FACE_OUTER_BOUND ( 'NONE', #6242, .T. ) ;
#6044 = CARTESIAN_POINT ( 'NONE',  ( 0.7525088172572126366, -0.6420706200788995899, 0.08070866141732284393 ) ) ;
#6045 =( LENGTH_UNIT ( ) NAMED_UNIT ( * ) SI_UNIT ( $, .METRE. ) );
#6046 = ADVANCED_FACE ( 'NONE', ( #3504 ), #3541, .F. ) ;
#6047 = CARTESIAN_POINT ( 'NONE',  ( 0.8029451044665000259, -0.7129367618111791538, -0.2027559055118110243 ) ) ;
#6048 = ORIENTED_EDGE ( 'NONE', *, *, #622, .F. ) ;
#6049 = ORIENTED_EDGE ( 'NONE', *, *, #6870, .T. ) ;
#6050 = DIRECTION ( 'NONE',  ( -1.000000000000000000, 4.111937128241349667E-14, 0.000000000000000000 ) ) ;
#6051 = ORIENTED_EDGE ( 'NONE', *, *, #4687, .F. ) ;
#6052 = FACE_BOUND ( 'NONE', #1873, .T. ) ;
#6053 = CARTESIAN_POINT ( 'NONE',  ( 1.110454395610376732, -0.4370129195105751929, 0.06102362204724651185 ) ) ;
#6054 = CARTESIAN_POINT ( 'NONE',  ( 1.129828435559769861, -0.4686522447816141579, -0.06102362204724410405 ) ) ;
#6055 = EDGE_CURVE ( 'NONE', #6, #4427, #6756, .T. ) ;
#6056 = ORIENTED_EDGE ( 'NONE', *, *, #5342, .T. ) ;
#6057 = ORIENTED_EDGE ( 'NONE', *, *, #6438, .F. ) ;
#6058 = CARTESIAN_POINT ( 'NONE',  ( 0.6907403800572066155, -0.5908895177166575419, 0.08070866141732284393 ) ) ;
#6059 = CARTESIAN_POINT ( 'NONE',  ( 0.7636308645013326624, -0.4491572342519299932, 0.04429133858267716994 ) ) ;
#6060 = EDGE_CURVE ( 'NONE', #1200, #5918, #1916, .T. ) ;
#6061 = LINE ( 'NONE', #1864, #2073 ) ;
#6062 = CARTESIAN_POINT ( 'NONE',  ( 1.058850616277521750, -0.5908895177166516577, -0.06299212598425196763 ) ) ;
#6063 = DIRECTION ( 'NONE',  ( 0.000000000000000000, -1.000000000000000000, 0.000000000000000000 ) ) ;
#6064 = CARTESIAN_POINT ( 'NONE',  ( 0.7525088172572126366, -0.6499446358269291846, -0.06496062992125983815 ) ) ;
#6065 = VERTEX_POINT ( 'NONE', #1884 ) ;
#6066 = ORIENTED_EDGE ( 'NONE', *, *, #6845, .F. ) ;
#6067 = DIRECTION ( 'NONE',  ( 0.000000000000000000, -1.000000000000000000, 0.000000000000000000 ) ) ;
#6068 = ORIENTED_EDGE ( 'NONE', *, *, #1388, .F. ) ;
#6069 = DIRECTION ( 'NONE',  ( -7.569702440625950512E-14, -1.000000000000000000, 0.000000000000000000 ) ) ;
#6070 = DIRECTION ( 'NONE',  ( 2.498001805405489884E-12, -1.000000000000000000, 0.000000000000000000 ) ) ;
#6071 = CARTESIAN_POINT ( 'NONE',  ( 0.8647135416666634766, -0.4904958169292921721, -0.06496062992125983815 ) ) ;
#6072 = MECHANICAL_DESIGN_GEOMETRIC_PRESENTATION_REPRESENTATION (  '', ( #3594 ), #454 ) ;
#6073 = EDGE_CURVE ( 'NONE', #3189, #4313, #4061, .T. ) ;
#6074 = EDGE_CURVE ( 'NONE', #21, #6848, #6291, .T. ) ;
#6075 = VECTOR ( 'NONE', #1039, 39.37007874015748143 ) ;
#6076 = LINE ( 'NONE', #4445, #5083 ) ;
#6077 = LINE ( 'NONE', #1184, #3215 ) ;
#6078 = CARTESIAN_POINT ( 'NONE',  ( 0.9395166912729547848, -0.4904958169292921721, 0.08070866141732284393 ) ) ;
#6079 = LINE ( 'NONE', #5543, #1355 ) ;
#6080 = CARTESIAN_POINT ( 'NONE',  ( 0.8895592776948445524, -0.7129367618111791538, -0.007874015748031495954 ) ) ;
#6081 = VERTEX_POINT ( 'NONE', #2479 ) ;
#6082 = ADVANCED_FACE ( 'NONE', ( #6725 ), #5723, .F. ) ;
#6083 = EDGE_CURVE ( 'NONE', #3411, #4405, #6791, .T. ) ;
#6084 = ORIENTED_EDGE ( 'NONE', *, *, #3834, .T. ) ;
#6085 = DIRECTION ( 'NONE',  ( 0.000000000000000000, 0.000000000000000000, -1.000000000000000000 ) ) ;
#6086 = DIRECTION ( 'NONE',  ( 4.111937128241349667E-14, 1.000000000000000000, 0.000000000000000000 ) ) ;
#6087 = CARTESIAN_POINT ( 'NONE',  ( 1.111851312499168243, -0.4415931166780620032, 0.06102362204724169625 ) ) ;
#6088 = DIRECTION ( 'NONE',  ( -1.000000000000000000, 0.000000000000000000, 0.000000000000000000 ) ) ;
#6089 = ORIENTED_EDGE ( 'NONE', *, *, #2169, .T. ) ;
#6090 = ADVANCED_FACE ( 'NONE', ( #1950 ), #4028, .F. ) ;
#6091 = EDGE_LOOP ( 'NONE', ( #5174, #4020, #964, #2239 ) ) ;
#6092 = LINE ( 'NONE', #808, #2719 ) ;
#6093 = CARTESIAN_POINT ( 'NONE',  ( 0.6992043067002873258, -0.4491572342521136241, 0.06819488097526653358 ) ) ;
#6094 = DIRECTION ( 'NONE',  ( 0.000000000000000000, -1.000000000000000000, 0.000000000000000000 ) ) ;
#6095 = LINE ( 'NONE', #3091, #2382 ) ;
#6096 = DIRECTION ( 'NONE',  ( 0.2777913427738665231, -0.9606414366869109323, 0.000000000000000000 ) ) ;
#6097 = CARTESIAN_POINT ( 'NONE',  ( 1.020225352690281584, -0.5908895177166575419, -0.06496062992125983815 ) ) ;
#6098 = VECTOR ( 'NONE', #3869, 39.37007874015748143 ) ;
#6099 = VECTOR ( 'NONE', #3920, 39.37007874015748143 ) ;
#6100 = PRODUCT ( 'Same_Sky_SLW-116641-3A-RA-S-D', 'Same_Sky_SLW-116641-3A-RA-S-D', '', ( #2186 ) ) ;
#6101 = ORIENTED_EDGE ( 'NONE', *, *, #4492, .T. ) ;
#6102 = ORIENTED_EDGE ( 'NONE', *, *, #6968, .T. ) ;
#6103 = AXIS2_PLACEMENT_3D ( 'NONE', #5235, #4673, #324 ) ;
#6104 = VECTOR ( 'NONE', #5162, 39.37007874015748143 ) ;
#6105 = PLANE ( 'NONE',  #4062 ) ;
#6106 = VERTEX_POINT ( 'NONE', #1462 ) ;
#6107 = EDGE_CURVE ( 'NONE', #5128, #6700, #5758, .T. ) ;
#6108 = ORIENTED_EDGE ( 'NONE', *, *, #50, .T. ) ;
#6109 = DIRECTION ( 'NONE',  ( 0.000000000000000000, 1.000000000000000000, 0.000000000000000000 ) ) ;
#6110 = CYLINDRICAL_SURFACE ( 'NONE', #3659, 0.009842519685041467223 ) ;
#6111 = CARTESIAN_POINT ( 'NONE',  ( 1.129828435559769861, -0.6696296751970117755, -0.08070866141732284393 ) ) ;
#6112 = VECTOR ( 'NONE', #1010, 39.37007874015748143 ) ;
#6113 = AXIS2_PLACEMENT_3D ( 'NONE', #2543, #6558, #4719 ) ;
#6114 = LINE ( 'NONE', #163, #3179 ) ;
#6115 = DIRECTION ( 'NONE',  ( 1.000000000000000000, -4.111937128241349667E-14, 0.000000000000000000 ) ) ;
#6116 = CARTESIAN_POINT ( 'NONE',  ( 0.7144182660761357884, -0.5849840059054763897, 0.06003937007874016185 ) ) ;
#6117 = CARTESIAN_POINT ( 'NONE',  ( 0.7871970729706301295, -0.6302595964568091791, -0.06299212598425196763 ) ) ;
#6118 = CARTESIAN_POINT ( 'NONE',  ( -72.67989785495277033, -0.5357714074765786982, -0.07874015748031495954 ) ) ;
#6119 = EDGE_LOOP ( 'NONE', ( #5586, #684, #2955, #6084 ) ) ;
#6120 = ORIENTED_EDGE ( 'NONE', *, *, #5916, .F. ) ;
#6121 = CARTESIAN_POINT ( 'NONE',  ( 1.110705391767238259, -0.4657805766128355063, -0.08070866141732284393 ) ) ;
#6122 = VERTEX_POINT ( 'NONE', #3077 ) ;
#6123 = FACE_OUTER_BOUND ( 'NONE', #1579, .T. ) ;
#6124 = CARTESIAN_POINT ( 'NONE',  ( 1.100932405479059017, -0.4397664197477189618, 0.07086614173228347746 ) ) ;
#6125 = VECTOR ( 'NONE', #6917, 39.37007874015748143 ) ;
#6126 = CARTESIAN_POINT ( 'NONE',  ( 0.6887718761201948592, -0.4491572342520047112, 0.06496062992125983815 ) ) ;
#6127 = EDGE_CURVE ( 'NONE', #2179, #64, #413, .T. ) ;
#6128 = EDGE_CURVE ( 'NONE', #5890, #542, #2723, .T. ) ;
#6129 = VERTEX_POINT ( 'NONE', #5504 ) ;
#6130 = VECTOR ( 'NONE', #4770, 39.37007874015748143 ) ;
#6131 = ORIENTED_EDGE ( 'NONE', *, *, #568, .F. ) ;
#6132 = CARTESIAN_POINT ( 'NONE',  ( 0.9395166912729547848, -0.5495509350395306747, -0.08070866141732284393 ) ) ;
#6133 = LINE ( 'NONE', #6804, #2180 ) ;
#6134 = DIRECTION ( 'NONE',  ( 0.000000000000000000, 0.000000000000000000, -1.000000000000000000 ) ) ;
#6135 = PLANE ( 'NONE',  #473 ) ;
#6136 =( CONVERSION_BASED_UNIT ( 'INCH', #6667 ) LENGTH_UNIT ( ) NAMED_UNIT ( #5307 ) );
#6137 = VECTOR ( 'NONE', #2134, 39.37007874015748143 ) ;
#6138 = CARTESIAN_POINT ( 'NONE',  ( 0.6897936790880925262, -0.4460186274382417770, 0.06102362204724429140 ) ) ;
#6139 = EDGE_CURVE ( 'NONE', #5048, #5959, #3855, .T. ) ;
#6140 = ORIENTED_EDGE ( 'NONE', *, *, #4144, .T. ) ;
#6141 = VERTEX_POINT ( 'NONE', #2204 ) ;
#6142 = VECTOR ( 'NONE', #4586, 39.37007874015748143 ) ;
#6143 = DIRECTION ( 'NONE',  ( -1.000000000000000000, 0.000000000000000000, 0.000000000000000000 ) ) ;
#6144 = ORIENTED_EDGE ( 'NONE', *, *, #3064, .T. ) ;
#6145 = ORIENTED_EDGE ( 'NONE', *, *, #4282, .T. ) ;
#6146 = FACE_OUTER_BOUND ( 'NONE', #3317, .T. ) ;
#6147 = CARTESIAN_POINT ( 'NONE',  ( 0.7438899863564528703, -0.6302595964568091791, -0.07874015748031495954 ) ) ;
#6148 = DIRECTION ( 'NONE',  ( 1.000000000000000000, -5.286776307738859121E-14, 0.000000000000000000 ) ) ;
#6149 = EDGE_CURVE ( 'NONE', #2275, #6742, #3785, .T. ) ;
#6150 = CIRCLE ( 'NONE', #1866, 0.01181102362204594289 ) ;
#6151 = CARTESIAN_POINT ( 'NONE',  ( 0.7262292896981831225, -0.5849840059054763897, -0.03051181102362205202 ) ) ;
#6152 = AXIS2_PLACEMENT_3D ( 'NONE', #2929, #268, #2409 ) ;
#6153 = CARTESIAN_POINT ( 'NONE',  ( 0.7911899196194488448, -0.4491572342519299932, -0.03937007874015747977 ) ) ;
#6154 = CYLINDRICAL_SURFACE ( 'NONE', #2302, 0.007874015748030628592 ) ;
#6155 = LINE ( 'NONE', #3331, #4674 ) ;
#6156 = EDGE_LOOP ( 'NONE', ( #2763, #699, #2259, #6512 ) ) ;
#6157 = AXIS2_PLACEMENT_3D ( 'NONE', #4585, #6752, #337 ) ;
#6158 = VERTEX_POINT ( 'NONE', #2860 ) ;
#6159 = DIRECTION ( 'NONE',  ( 1.000000000000000000, 0.000000000000000000, 0.000000000000000000 ) ) ;
#6160 = ORIENTED_EDGE ( 'NONE', *, *, #6264, .T. ) ;
#6161 = CARTESIAN_POINT ( 'NONE',  ( 1.113292150758975252, -0.4465755289119313631, 0.06102362204724379874 ) ) ;
#6162 = DIRECTION ( 'NONE',  ( 1.000000000000000000, 0.000000000000000000, 0.000000000000000000 ) ) ;
#6163 = ORIENTED_EDGE ( 'NONE', *, *, #2895, .F. ) ;
#6164 = ORIENTED_EDGE ( 'NONE', *, *, #5517, .T. ) ;
#6165 = EDGE_CURVE ( 'NONE', #2190, #5998, #4414, .T. ) ;
#6166 = LINE ( 'NONE', #249, #2274 ) ;
#6167 = ADVANCED_FACE ( 'NONE', ( #4970 ), #5935, .T. ) ;
#6168 = CARTESIAN_POINT ( 'NONE',  ( 0.9900088172572442113, -33.39667614831810738, 0.01968503937007873988 ) ) ;
#6169 = LINE ( 'NONE', #1341, #168 ) ;
#6170 = LINE ( 'NONE', #4041, #1251 ) ;
#6171 = CARTESIAN_POINT ( 'NONE',  ( 0.6993156692201026869, -0.4487721276764166656, 0.06102362204721729216 ) ) ;
#6172 = EDGE_LOOP ( 'NONE', ( #1758, #2402, #3042, #6387 ) ) ;
#6173 = VERTEX_POINT ( 'NONE', #1116 ) ;
#6174 = ADVANCED_FACE ( 'NONE', ( #3395 ), #164, .F. ) ;
#6175 = LINE ( 'NONE', #5605, #593 ) ;
#6176 = ORIENTED_EDGE ( 'NONE', *, *, #5168, .T. ) ;
#6177 = ORIENTED_EDGE ( 'NONE', *, *, #1696, .F. ) ;
#6178 = LINE ( 'NONE', #1420, #2879 ) ;
#6179 = CARTESIAN_POINT ( 'NONE',  ( 0.9152056676509450206, -0.5101808562992157237, 0.06003937007874016185 ) ) ;
#6180 = DIRECTION ( 'NONE',  ( 0.000000000000000000, 0.000000000000000000, -1.000000000000000000 ) ) ;
#6181 = ORIENTED_EDGE ( 'NONE', *, *, #3246, .T. ) ;
#6182 = EDGE_CURVE ( 'NONE', #2638, #4000, #6077, .T. ) ;
#6183 = DIRECTION ( 'NONE',  ( 0.000000000000000000, 0.000000000000000000, -1.000000000000000000 ) ) ;
#6184 = DIRECTION ( 'NONE',  ( 0.000000000000000000, 0.000000000000000000, -1.000000000000000000 ) ) ;
#6185 = LINE ( 'NONE', #5218, #6022 ) ;
#6186 = DIRECTION ( 'NONE',  ( 0.000000000000000000, 0.000000000000000000, 1.000000000000000000 ) ) ;
#6187 = DIRECTION ( 'NONE',  ( -1.000000000000000000, 0.000000000000000000, 0.000000000000000000 ) ) ;
#6188 = VERTEX_POINT ( 'NONE', #4904 ) ;
#6189 = EDGE_CURVE ( 'NONE', #3645, #2190, #4899, .T. ) ;
#6190 = ORIENTED_EDGE ( 'NONE', *, *, #5202, .T. ) ;
#6191 = CARTESIAN_POINT ( 'NONE',  ( 0.8647135416666634766, -0.4904958169292921721, 0.08070866141732284393 ) ) ;
#6192 = ORIENTED_EDGE ( 'NONE', *, *, #745, .T. ) ;
#6193 = DIRECTION ( 'NONE',  ( 0.000000000000000000, 0.000000000000000000, -1.000000000000000000 ) ) ;
#6194 = PRESENTATION_STYLE_ASSIGNMENT (( #981 ) ) ;
#6195 = ORIENTED_EDGE ( 'NONE', *, *, #1707, .F. ) ;
#6196 = ORIENTED_EDGE ( 'NONE', *, *, #2496, .F. ) ;
#6197 = DIRECTION ( 'NONE',  ( 0.000000000000000000, 0.000000000000000000, -1.000000000000000000 ) ) ;
#6198 = CARTESIAN_POINT ( 'NONE',  ( 0.6887718761201948592, -0.4334092027560654259, 0.06102362204724410405 ) ) ;
#6199 = CARTESIAN_POINT ( 'NONE',  ( 0.6981329345725629798, -0.4528621900221267982, 0.08070866141732284393 ) ) ;
#6200 = LINE ( 'NONE', #6738, #1706 ) ;
#6201 =( BOUNDED_SURFACE ( )  B_SPLINE_SURFACE ( 3, 2, ( 
 ( #1297, #6586, #4560, #6694, #175 ),
 ( #136, #1754, #3902, #243, #2940 ),
 ( #3445, #6053, #3969, #5592, #6124 ),
 ( #6087, #5088, #278, #1260, #6731 ),
 ( #4457, #5515, #4490, #1854, #1228 ),
 ( #701, #6657, #4526, #1823, #4979 ),
 ( #2873, #2316, #773, #4003, #2907 ),
 ( #5053, #3407, #1889, #5550, #6015 ),
 ( #5020, #670, #211, #1194, #2386 ),
 ( #6161, #1335, #3478, #3337, #2801 ),
 ( #315, #2586, #4696, #5158, #347 ),
 ( #907, #1369, #5800, #876, #6835 ),
 ( #940, #2484, #4107, #839, #5226 ),
 ( #5660, #3610, #5696, #2455, #3045 ) ),
 .UNSPECIFIED., .F., .F., .T. ) 
 B_SPLINE_SURFACE_WITH_KNOTS ( ( 4, 2, 2, 2, 2, 2, 4 ),
 ( 3, 2, 3 ),
 ( 0.001170749749504811955, 0.001413979062732928114, 0.001535593719346985001, 0.001565997383500499981, 0.001581199215577259965, 0.001596401047654014962, 0.001657208375961045140 ),
 ( -0.01000000000000000021, 0.000000000000000000, 1.000000000000000000 ),
 .UNSPECIFIED. ) 
 GEOMETRIC_REPRESENTATION_ITEM ( )  RATIONAL_B_SPLINE_SURFACE ( (
 ( 1.000000000000000000, 1.000000000000000000, 1.000000000000000000, 0.7071067811865480168, 1.000000000000000000),
 ( 1.000000000000000000, 1.000000000000000000, 1.000000000000000000, 0.7071067811865480168, 1.000000000000000000),
 ( 1.000000000000000000, 1.000000000000000000, 1.000000000000000000, 0.7071067811865480168, 1.000000000000000000),
 ( 1.000000000000000000, 1.000000000000000000, 1.000000000000000000, 0.7071067811865480168, 1.000000000000000000),
 ( 1.000000000000000000, 1.000000000000000000, 1.000000000000000000, 0.7071067811865040520, 1.000000000000000000),
 ( 1.000000000000000000, 1.000000000000000000, 1.000000000000000000, 0.7071067811865040520, 1.000000000000000000),
 ( 1.000000000000000000, 1.000000000000000000, 1.000000000000000000, 0.7071067811862470354, 1.000000000000000000),
 ( 1.000000000000000000, 1.000000000000000000, 1.000000000000000000, 0.7071067811862470354, 1.000000000000000000),
 ( 1.000000000000000000, 1.000000000000000000, 1.000000000000000000, 0.7071067811865480168, 1.000000000000000000),
 ( 1.000000000000000000, 1.000000000000000000, 1.000000000000000000, 0.7071067811865480168, 1.000000000000000000),
 ( 1.000000000000000000, 1.000000000000000000, 1.000000000000000000, 0.7071067811865480168, 1.000000000000000000),
 ( 1.000000000000000000, 1.000000000000000000, 1.000000000000000000, 0.7071067811865480168, 1.000000000000000000),
 ( 1.000000000000000000, 1.000000000000000000, 1.000000000000000000, 0.7071067811863079866, 1.000000000000000000),
 ( 1.000000000000000000, 1.000000000000000000, 1.000000000000000000, 0.7071067811863079866, 1.000000000000000000) ) ) 
 REPRESENTATION_ITEM ( '' )  SURFACE ( )  );
#6202 = CARTESIAN_POINT ( 'NONE',  ( 0.7005909997709938164, -0.4443618557079946907, 0.06102362204758464415 ) ) ;
#6203 = VERTEX_POINT ( 'NONE', #3289 ) ;
#6204 = VERTEX_POINT ( 'NONE', #6507 ) ;
#6205 = DIRECTION ( 'NONE',  ( 0.000000000000000000, 0.000000000000000000, -1.000000000000000000 ) ) ;
#6206 = ORIENTED_EDGE ( 'NONE', *, *, #4099, .F. ) ;
#6207 = ORIENTED_EDGE ( 'NONE', *, *, #4154, .T. ) ;
#6208 = AXIS2_PLACEMENT_3D ( 'NONE', #5347, #1027, #501 ) ;
#6209 = LINE ( 'NONE', #858, #5703 ) ;
#6210 = CARTESIAN_POINT ( 'NONE',  ( 0.9486702345800788194, -0.5731729822834260579, -0.06003937007874016185 ) ) ;
#6211 = DIRECTION ( 'NONE',  ( 0.000000000000000000, 0.000000000000000000, 1.000000000000000000 ) ) ;
#6212 = EDGE_CURVE ( 'NONE', #468, #463, #1674, .T. ) ;
#6213 = ADVANCED_FACE ( 'NONE', ( #5541 ), #2305, .T. ) ;
#6214 = ORIENTED_EDGE ( 'NONE', *, *, #3137, .T. ) ;
#6215 = VECTOR ( 'NONE', #4182, 39.37007874015748143 ) ;
#6216 = AXIS2_PLACEMENT_3D ( 'NONE', #2574, #6398, #2014 ) ;
#6217 = LINE ( 'NONE', #5612, #2616 ) ;
#6218 = CARTESIAN_POINT ( 'NONE',  ( 0.6967984039807050278, -0.4334092027560249583, -0.06102362204724143951 ) ) ;
#6219 = DIRECTION ( 'NONE',  ( 1.000000000000000000, -8.110221191910629847E-14, 0.000000000000000000 ) ) ;
#6220 = DIRECTION ( 'NONE',  ( -0.000000000000000000, 1.000000000000000000, 0.000000000000000000 ) ) ;
#6221 = CIRCLE ( 'NONE', #5416, 0.007874015748039371598 ) ;
#6222 = CARTESIAN_POINT ( 'NONE',  ( 0.7144182660761357884, -0.5849840059054763897, 0.06003937007874016185 ) ) ;
#6223 = ADVANCED_FACE ( 'NONE', ( #1778 ), #590, .F. ) ;
#6224 = ORIENTED_EDGE ( 'NONE', *, *, #657, .T. ) ;
#6225 = AXIS2_PLACEMENT_3D ( 'NONE', #3073, #4618, #1843 ) ;
#6226 = ORIENTED_EDGE ( 'NONE', *, *, #5732, .T. ) ;
#6227 = DIRECTION ( 'NONE',  ( 1.000000000000000000, 0.000000000000000000, 0.000000000000000000 ) ) ;
#6228 = ORIENTED_EDGE ( 'NONE', *, *, #3852, .T. ) ;
#6229 = DIRECTION ( 'NONE',  ( -1.000000000000000000, 1.009293658750049953E-13, 0.000000000000000000 ) ) ;
#6230 = DIRECTION ( 'NONE',  ( -7.569702440625950512E-14, -1.000000000000000000, 0.000000000000000000 ) ) ;
#6231 = EDGE_CURVE ( 'NONE', #4565, #2150, #3924, .T. ) ;
#6232 = ORIENTED_EDGE ( 'NONE', *, *, #2002, .T. ) ;
#6233 = AXIS2_PLACEMENT_3D ( 'NONE', #3734, #959, #5889 ) ;
#6234 = VERTEX_POINT ( 'NONE', #727 ) ;
#6235 = CLOSED_SHELL ( 'NONE', ( #1944, #6351, #2028, #2548, #4730, #4225, #6167, #6755, #769, #3357, #2072, #5419, #3578, #1788, #3960, #2583, #5015, #4998, #762, #49, #2794, #5860, #4098, #2020, #55, #4967, #4813, #273, #6930, #1086, #4822, #6799, #6933, #782, #5667, #228, #2903, #4824, #915, #2600, #3038, #5097, #743, #3746, #934, #120, #3815, #1605, #673, #2727, #5619, #3365, #6038, #2283, #966, #5965, #6082, #3505, #1563 ) ) ;
#6236 = LINE ( 'NONE', #1409, #4517 ) ;
#6237 = CARTESIAN_POINT ( 'NONE',  ( 0.6415277816318543103, -0.6971887303151181881, 0.007874015748031495954 ) ) ;
#6238 = CARTESIAN_POINT ( 'NONE',  ( 1.112111900126696806, -0.4686522447816535153, 0.08070866141732284393 ) ) ;
#6239 = LINE ( 'NONE', #990, #1931 ) ;
#6240 = CIRCLE ( 'NONE', #6465, 0.007874015748021887320 ) ;
#6241 = ORIENTED_EDGE ( 'NONE', *, *, #6403, .F. ) ;
#6242 = EDGE_LOOP ( 'NONE', ( #378, #2334, #2806, #5775 ) ) ;
#6243 = CARTESIAN_POINT ( 'NONE',  ( 0.7525088172572126366, -0.6420706200788995899, 0.06496062992125983815 ) ) ;
#6244 = ORIENTED_EDGE ( 'NONE', *, *, #2895, .T. ) ;
#6245 = AXIS2_PLACEMENT_3D ( 'NONE', #2825, #2861, #796 ) ;
#6246 = ORIENTED_EDGE ( 'NONE', *, *, #5204, .T. ) ;
#6247 = LINE ( 'NONE', #4613, #1767 ) ;
#6248 = DIRECTION ( 'NONE',  ( 1.000000000000000000, 0.000000000000000000, 0.000000000000000000 ) ) ;
#6249 = CARTESIAN_POINT ( 'NONE',  ( 1.112111900126696806, -0.4686522447816535153, 0.08070866141732284393 ) ) ;
#6250 = ORIENTED_EDGE ( 'NONE', *, *, #6690, .T. ) ;
#6251 = VECTOR ( 'NONE', #1454, 39.37007874015748143 ) ;
#6252 = EDGE_CURVE ( 'NONE', #3898, #5745, #4935, .T. ) ;
#6253 = EDGE_CURVE ( 'NONE', #6141, #3792, #6491, .T. ) ;
#6254 = CARTESIAN_POINT ( 'NONE',  ( 1.099808486158855070, -0.4334092027560607630, -0.06667024000524289506 ) ) ;
#6255 = ADVANCED_FACE ( 'NONE', ( #6043 ), #1148, .F. ) ;
#6256 = DIRECTION ( 'NONE',  ( 1.000000000000000000, 0.000000000000000000, 0.000000000000000000 ) ) ;
#6257 = PLANE ( 'NONE',  #2086 ) ;
#6258 = AXIS2_PLACEMENT_3D ( 'NONE', #4886, #5861, #2611 ) ;
#6259 = CARTESIAN_POINT ( 'NONE',  ( 0.7754418881233877681, -0.4904958169290952741, 0.01968503937007873988 ) ) ;
#6260 = CARTESIAN_POINT ( 'NONE',  ( 0.8089064550524862618, -0.4334092027560654259, -0.04527559055118110520 ) ) ;
#6261 = ORIENTED_EDGE ( 'NONE', *, *, #5214, .F. ) ;
#6262 = AXIS2_PLACEMENT_3D ( 'NONE', #6334, #1833, #751 ) ;
#6263 = EDGE_LOOP ( 'NONE', ( #6655, #1398, #2434, #1364 ) ) ;
#6264 = EDGE_CURVE ( 'NONE', #3071, #4382, #3954, .T. ) ;
#6265 = CARTESIAN_POINT ( 'NONE',  ( 1.109339850267643701, -0.4334092027560654259, -0.06102362204724410405 ) ) ;
#6266 = ORIENTED_EDGE ( 'NONE', *, *, #2140, .F. ) ;
#6267 = CARTESIAN_POINT ( 'NONE',  ( 0.9900088172572442113, -0.5731729822834260579, -0.03051181102362205202 ) ) ;
#6268 = PLANE ( 'NONE',  #5644 ) ;
#6269 = EDGE_LOOP ( 'NONE', ( #6352, #4326, #4566, #6310, #6698, #631, #2531, #3730, #3784, #4530, #4528, #1835, #4836, #3770, #5203, #536, #2573, #2833, #5374, #3801 ) ) ;
#6270 = ORIENTED_EDGE ( 'NONE', *, *, #2549, .T. ) ;
#6271 = DIRECTION ( 'NONE',  ( 0.000000000000000000, 0.000000000000000000, -1.000000000000000000 ) ) ;
#6272 = VECTOR ( 'NONE', #1940, 39.37007874015748143 ) ;
#6273 = DIRECTION ( 'NONE',  ( 1.000000000000000000, 0.000000000000000000, 0.000000000000000000 ) ) ;
#6274 = CARTESIAN_POINT ( 'NONE',  ( 0.9152056676509450206, -0.5298658956692529065, 0.04429133858267716994 ) ) ;
#6275 = LINE ( 'NONE', #5739, #6784 ) ;
#6276 = EDGE_CURVE ( 'NONE', #1553, #4649, #764, .T. ) ;
#6277 = ORIENTED_EDGE ( 'NONE', *, *, #4269, .F. ) ;
#6278 = VERTEX_POINT ( 'NONE', #3433 ) ;
#6279 = ADVANCED_FACE ( 'NONE', ( #3572 ), #373, .F. ) ;
#6280 = DIRECTION ( 'NONE',  ( 0.000000000000000000, 1.000000000000000000, 0.000000000000000000 ) ) ;
#6281 = LINE ( 'NONE', #5172, #1505 ) ;
#6282 = ORIENTED_EDGE ( 'NONE', *, *, #6344, .T. ) ;
#6283 = FACE_OUTER_BOUND ( 'NONE', #2620, .T. ) ;
#6284 = LINE ( 'NONE', #3029, #2648 ) ;
#6285 = DIRECTION ( 'NONE',  ( 0.000000000000000000, 1.000000000000000000, 0.000000000000000000 ) ) ;
#6286 = ORIENTED_EDGE ( 'NONE', *, *, #3021, .F. ) ;
#6287 = DIRECTION ( 'NONE',  ( 0.000000000000000000, -1.000000000000000000, 0.000000000000000000 ) ) ;
#6288 = DIRECTION ( 'NONE',  ( 1.000000000000000000, -2.774828755419889813E-13, 0.000000000000000000 ) ) ;
#6289 = CARTESIAN_POINT ( 'NONE',  ( 0.9939458251312244252, -0.4491572342517292094, 0.04527559055118110520 ) ) ;
#6290 = CARTESIAN_POINT ( 'NONE',  ( 0.7892214156824370885, -0.5298658956692529065, -0.04429133858267716994 ) ) ;
#6291 = LINE ( 'NONE', #832, #5008 ) ;
#6292 = EDGE_CURVE ( 'NONE', #1789, #3898, #6722, .T. ) ;
#6293 = ORIENTED_EDGE ( 'NONE', *, *, #14, .F. ) ;
#6294 = ADVANCED_FACE ( 'NONE', ( #4025 ), #1427, .T. ) ;
#6295 = DIRECTION ( 'NONE',  ( -0.000000000000000000, 1.000000000000000000, 0.000000000000000000 ) ) ;
#6296 = EDGE_LOOP ( 'NONE', ( #4559, #5919, #6311, #6164, #2356, #1435, #3948, #6733, #2173, #6051, #6181, #5092 ) ) ;
#6297 = PLANE ( 'NONE',  #3544 ) ;
#6298 = CARTESIAN_POINT ( 'NONE',  ( 0.7754418881233877681, -0.5534879429133489070, 0.01968503937007873988 ) ) ;
#6299 = EDGE_CURVE ( 'NONE', #5595, #5305, #1286, .T. ) ;
#6300 = VECTOR ( 'NONE', #4133, 39.37007874015748143 ) ;
#6301 = EDGE_CURVE ( 'NONE', #1331, #6620, #1326, .T. ) ;
#6302 = ORIENTED_EDGE ( 'NONE', *, *, #1085, .T. ) ;
#6303 = ORIENTED_EDGE ( 'NONE', *, *, #5732, .F. ) ;
#6304 = CARTESIAN_POINT ( 'NONE',  ( 0.7871970729706301295, -0.6302595964568091791, 0.06299212598425196763 ) ) ;
#6305 = DIRECTION ( 'NONE',  ( 1.000000000000000000, 0.000000000000000000, 0.000000000000000000 ) ) ;
#6306 = DIRECTION ( 'NONE',  ( 0.000000000000000000, -1.000000000000000000, 0.000000000000000000 ) ) ;
#6307 = DIRECTION ( 'NONE',  ( -1.000000000000000000, 0.000000000000000000, 0.000000000000000000 ) ) ;
#6308 = EDGE_CURVE ( 'NONE', #2250, #3523, #5707, .T. ) ;
#6309 = ORIENTED_EDGE ( 'NONE', *, *, #2886, .T. ) ;
#6310 = ORIENTED_EDGE ( 'NONE', *, *, #5553, .F. ) ;
#6311 = ORIENTED_EDGE ( 'NONE', *, *, #4598, .T. ) ;
#6312 = LINE ( 'NONE', #6879, #5071 ) ;
#6313 = CARTESIAN_POINT ( 'NONE',  ( 0.9013703013170828449, -0.7877399114174391537, 0.07874015748031495954 ) ) ;
#6314 = ORIENTED_EDGE ( 'NONE', *, *, #3576, .T. ) ;
#6315 = CARTESIAN_POINT ( 'NONE',  ( 0.7840048802493366775, -0.5908895177166575419, -0.08070866141732284393 ) ) ;
#6316 = LINE ( 'NONE', #2083, #5804 ) ;
#6317 = CARTESIAN_POINT ( 'NONE',  ( 1.020225352690281584, -0.5908895177166575419, 0.08070866141732284393 ) ) ;
#6318 = ORIENTED_EDGE ( 'NONE', *, *, #2372, .T. ) ;
#6319 = EDGE_CURVE ( 'NONE', #3997, #4908, #1811, .T. ) ;
#6320 = CARTESIAN_POINT ( 'NONE',  ( 0.6691985142999252734, -0.6696296751970117755, 0.08070866141732284393 ) ) ;
#6321 = FACE_OUTER_BOUND ( 'NONE', #5052, .T. ) ;
#6322 = LINE ( 'NONE', #1567, #4009 ) ;
#6323 = PLANE ( 'NONE',  #177 ) ;
#6324 = CARTESIAN_POINT ( 'NONE',  ( 1.043102584781460562, -0.5357714074804725835, -0.007874015748031495954 ) ) ;
#6325 = VECTOR ( 'NONE', #1161, 39.37007874015748143 ) ;
#6326 = VECTOR ( 'NONE', #2007, 39.37007874015748143 ) ;
#6327 = ORIENTED_EDGE ( 'NONE', *, *, #5832, .T. ) ;
#6328 = AXIS2_PLACEMENT_3D ( 'NONE', #452, #2690, #522 ) ;
#6329 = VECTOR ( 'NONE', #6412, 39.37007874015748143 ) ;
#6330 = DIRECTION ( 'NONE',  ( 0.000000000000000000, -1.000000000000000000, 0.000000000000000000 ) ) ;
#6331 = ORIENTED_EDGE ( 'NONE', *, *, #2303, .T. ) ;
#6332 = CARTESIAN_POINT ( 'NONE',  ( 0.9131813249389370002, -0.6971887303151181881, 0.007874015748031495954 ) ) ;
#6333 = LINE ( 'NONE', #6732, #6673 ) ;
#6334 = CARTESIAN_POINT ( 'NONE',  ( -72.67989785495451827, -0.6971887303151181881, -0.07874015748031495954 ) ) ;
#6335 = VECTOR ( 'NONE', #1457, 39.37007874015748143 ) ;
#6336 = VERTEX_POINT ( 'NONE', #1392 ) ;
#6337 = ORIENTED_EDGE ( 'NONE', *, *, #4708, .T. ) ;
#6338 = CARTESIAN_POINT ( 'NONE',  ( 0.7144182660761357884, -0.5731729822834260579, 0.03051181102362205202 ) ) ;
#6339 = LINE ( 'NONE', #5267, #6921 ) ;
#6340 = DIRECTION ( 'NONE',  ( 0.000000000000000000, 1.000000000000000000, 0.000000000000000000 ) ) ;
#6341 = LINE ( 'NONE', #3658, #1263 ) ;
#6342 = EDGE_CURVE ( 'NONE', #6961, #1320, #233, .T. ) ;
#6343 = EDGE_CURVE ( 'NONE', #5376, #1609, #4514, .T. ) ;
#6344 = EDGE_CURVE ( 'NONE', #4335, #379, #3469, .T. ) ;
#6345 = ORIENTED_EDGE ( 'NONE', *, *, #2796, .T. ) ;
#6346 = ORIENTED_EDGE ( 'NONE', *, *, #6863, .F. ) ;
#6347 = AXIS2_PLACEMENT_3D ( 'NONE', #2957, #5141, #329 ) ;
#6348 = ORIENTED_EDGE ( 'NONE', *, *, #138, .F. ) ;
#6349 = FACE_OUTER_BOUND ( 'NONE', #194, .T. ) ;
#6350 = DIRECTION ( 'NONE',  ( 0.000000000000000000, -1.000000000000000000, 0.000000000000000000 ) ) ;
#6351 = ADVANCED_FACE ( 'NONE', ( #6787 ), #5613, .F. ) ;
#6352 = ORIENTED_EDGE ( 'NONE', *, *, #3798, .F. ) ;
#6353 = CARTESIAN_POINT ( 'NONE',  ( 0.8895592776948445524, -0.6302595964568091791, 0.07874015748031495954 ) ) ;
#6354 = DIRECTION ( 'NONE',  ( 0.000000000000000000, 0.000000000000000000, -1.000000000000000000 ) ) ;
#6355 = AXIS2_PLACEMENT_3D ( 'NONE', #250, #5737, #5628 ) ;
#6356 = LINE ( 'NONE', #2012, #5578 ) ;
#6357 = ORIENTED_EDGE ( 'NONE', *, *, #496, .F. ) ;
#6358 = CIRCLE ( 'NONE', #3649, 0.007874015748030628592 ) ;
#6359 = CARTESIAN_POINT ( 'NONE',  ( 0.6415277816318543103, -0.6302595964568091791, -0.007874015748031495954 ) ) ;
#6360 = LINE ( 'NONE', #4688, #1022 ) ;
#6361 = DIRECTION ( 'NONE',  ( 1.000000000000000000, 0.000000000000000000, 0.000000000000000000 ) ) ;
#6362 = CARTESIAN_POINT ( 'NONE',  ( 0.7009798176638314393, -0.4430172688826675143, 0.07978898819716158386 ) ) ;
#6363 = FACE_OUTER_BOUND ( 'NONE', #1905, .T. ) ;
#6364 = EDGE_CURVE ( 'NONE', #2074, #2813, #1947, .T. ) ;
#6365 = AXIS2_PLACEMENT_3D ( 'NONE', #6436, #4348, #6937 ) ;
#6366 = VERTEX_POINT ( 'NONE', #2966 ) ;
#6367 = VECTOR ( 'NONE', #2017, 39.37007874015748143 ) ;
#6368 = CARTESIAN_POINT ( 'NONE',  ( 0.6730238446241337824, -0.4529042132855922165, -0.07677165354330708902 ) ) ;
#6369 = VERTEX_POINT ( 'NONE', #5112 ) ;
#6370 = LINE ( 'NONE', #3252, #3086 ) ;
#6371 = CARTESIAN_POINT ( 'NONE',  ( 1.112111900126696806, -0.4686522447816929282, 0.06496062992125983815 ) ) ;
#6372 = CARTESIAN_POINT ( 'NONE',  ( 0.6898605369694074119, -0.4460379609168078630, 0.06102362204724410405 ) ) ;
#6373 = VECTOR ( 'NONE', #962, 39.37007874015748143 ) ;
#6374 = ORIENTED_EDGE ( 'NONE', *, *, #550, .F. ) ;
#6375 = AXIS2_PLACEMENT_3D ( 'NONE', #4265, #5925, #2538 ) ;
#6376 = VERTEX_POINT ( 'NONE', #2447 ) ;
#6377 = CARTESIAN_POINT ( 'NONE',  ( 1.112111900126696806, -0.4686522447816535153, 0.06496062992125983815 ) ) ;
#6378 = CARTESIAN_POINT ( 'NONE',  ( 1.028099368438311068, -0.6420706200788995899, 0.08070866141732284393 ) ) ;
#6379 = CARTESIAN_POINT ( 'NONE',  ( 0.5963080298556693304, -33.39667614831810738, -0.01968503937007873988 ) ) ;
#6380 = CARTESIAN_POINT ( 'NONE',  ( 0.7036598350379291711, -0.4337493928038155255, -0.06886617709796381825 ) ) ;
#6381 = AXIS2_PLACEMENT_3D ( 'NONE', #6047, #1713, #3926 ) ;
#6382 = ORIENTED_EDGE ( 'NONE', *, *, #1345, .T. ) ;
#6383 = EDGE_CURVE ( 'NONE', #5724, #4302, #4568, .T. ) ;
#6384 = ORIENTED_EDGE ( 'NONE', *, *, #2227, .F. ) ;
#6385 = EDGE_CURVE ( 'NONE', #368, #1689, #2476, .T. ) ;
#6386 = CIRCLE ( 'NONE', #5468, 0.007874015748039371598 ) ;
#6387 = ORIENTED_EDGE ( 'NONE', *, *, #237, .F. ) ;
#6388 = LINE ( 'NONE', #1554, #6550 ) ;
#6389 = CARTESIAN_POINT ( 'NONE',  ( 0.7144182660761357884, -0.4491572342519299932, 0.06003937007874016185 ) ) ;
#6390 = ORIENTED_EDGE ( 'NONE', *, *, #6308, .F. ) ;
#6391 = B_SPLINE_CURVE_WITH_KNOTS ( 'NONE', 3,
 ( #6377, #1547, #3694, #5842, #5300 ),
 .UNSPECIFIED., .F., .F.,
 ( 4, 1, 4 ),
 ( 0.000000000000000000, 0.2444525632780235325, 0.5383471374239879870 ),
 .UNSPECIFIED. ) ;
#6392 = LINE ( 'NONE', #4644, #537 ) ;
#6393 = LINE ( 'NONE', #6959, #410 ) ;
#6394 = FACE_OUTER_BOUND ( 'NONE', #1921, .T. ) ;
#6395 = ORIENTED_EDGE ( 'NONE', *, *, #464, .T. ) ;
#6396 = EDGE_CURVE ( 'NONE', #2636, #3443, #2544, .T. ) ;
#6397 = EDGE_LOOP ( 'NONE', ( #694, #6493, #2722, #2425 ) ) ;
#6398 = DIRECTION ( 'NONE',  ( -1.000000000000000000, -2.220446049250555015E-12, 0.000000000000000000 ) ) ;
#6399 = DIRECTION ( 'NONE',  ( 0.000000000000000000, 0.000000000000000000, -1.000000000000000000 ) ) ;
#6400 = DIRECTION ( 'NONE',  ( 0.000000000000000000, 1.000000000000000000, 0.000000000000000000 ) ) ;
#6401 = CARTESIAN_POINT ( 'NONE',  ( 1.103647973359628942, -0.4491572342516052530, 0.07086614173228347746 ) ) ;
#6402 = CARTESIAN_POINT ( 'NONE',  ( 0.9131813249389370002, -0.6302595964568091791, 0.07874015748031495954 ) ) ;
#6403 = EDGE_CURVE ( 'NONE', #5695, #2680, #1005, .T. ) ;
#6404 = DIRECTION ( 'NONE',  ( 0.000000000000000000, 1.000000000000000000, 0.000000000000000000 ) ) ;
#6405 = ORIENTED_EDGE ( 'NONE', *, *, #3262, .T. ) ;
#6406 = LINE ( 'NONE', #22, #1850 ) ;
#6407 = CARTESIAN_POINT ( 'NONE',  ( 1.099365738687328786, -0.4343486661829126239, 0.08070866141733053223 ) ) ;
#6408 = DIRECTION ( 'NONE',  ( -4.111937128241349667E-14, -1.000000000000000000, 0.000000000000000000 ) ) ;
#6409 = VERTEX_POINT ( 'NONE', #2576 ) ;
#6410 = EDGE_LOOP ( 'NONE', ( #2366, #1442, #2481, #6855, #2332, #5907, #4223, #297 ) ) ;
#6411 = ADVANCED_FACE ( 'NONE', ( #3074 ), #442, .F. ) ;
#6412 = DIRECTION ( 'NONE',  ( 0.000000000000000000, 1.000000000000000000, 0.000000000000000000 ) ) ;
#6413 = CARTESIAN_POINT ( 'NONE',  ( 0.7037582087355590543, -0.4334092027560654259, -0.07086614173228347746 ) ) ;
#6414 = CARTESIAN_POINT ( 'NONE',  ( 0.9289851952100020016, -0.4904958169290952741, 0.03051181102362205202 ) ) ;
#6415 = PLANE ( 'NONE',  #4297 ) ;
#6416 = EDGE_LOOP ( 'NONE', ( #223, #1066, #2990, #2935, #1953 ) ) ;
#6417 = ORIENTED_EDGE ( 'NONE', *, *, #4562, .F. ) ;
#6418 = EDGE_LOOP ( 'NONE', ( #3129, #3882, #5124, #4788 ) ) ;
#6419 = VECTOR ( 'NONE', #5866, 39.37007874015748143 ) ;
#6420 = LINE ( 'NONE', #4329, #5759 ) ;
#6421 = CARTESIAN_POINT ( 'NONE',  ( 0.9604254194271298894, -0.5357714074804330595, 0.007874015748031495954 ) ) ;
#6422 = ORIENTED_EDGE ( 'NONE', *, *, #622, .T. ) ;
#6423 = DIRECTION ( 'NONE',  ( 0.000000000000000000, 0.000000000000000000, 1.000000000000000000 ) ) ;
#6424 = DIRECTION ( 'NONE',  ( 0.000000000000000000, 0.000000000000000000, -1.000000000000000000 ) ) ;
#6425 = CYLINDRICAL_SURFACE ( 'NONE', #6602, 0.01574803149606299191 ) ;
#6426 = ORIENTED_EDGE ( 'NONE', *, *, #1694, .T. ) ;
#6427 = VERTEX_POINT ( 'NONE', #3141 ) ;
#6428 = CARTESIAN_POINT ( 'NONE',  ( 1.103647973297753992, -0.4491572342520874228, -0.06496062992125983815 ) ) ;
#6429 = CYLINDRICAL_SURFACE ( 'NONE', #5587, 0.007874015748030628592 ) ;
#6430 = DIRECTION ( 'NONE',  ( 0.000000000000000000, 0.000000000000000000, -1.000000000000000000 ) ) ;
#6431 = FACE_OUTER_BOUND ( 'NONE', #4074, .T. ) ;
#6432 = ADVANCED_FACE ( 'NONE', ( #5358 ), #6429, .T. ) ;
#6433 = EDGE_CURVE ( 'NONE', #3493, #3022, #5252, .T. ) ;
#6434 = LINE ( 'NONE', #3249, #376 ) ;
#6435 = ORIENTED_EDGE ( 'NONE', *, *, #1943, .F. ) ;
#6436 = CARTESIAN_POINT ( 'NONE',  ( 1.020225352690281584, -0.5908895177166575419, 0.08070866141732284393 ) ) ;
#6437 = CARTESIAN_POINT ( 'NONE',  ( 1.102220561760944850, -0.4442210448957070734, 0.06496062992125983815 ) ) ;
#6438 = EDGE_CURVE ( 'NONE', #4284, #611, #6858, .T. ) ;
#6439 = VECTOR ( 'NONE', #5920, 39.37007874015748143 ) ;
#6440 = DIRECTION ( 'NONE',  ( 0.000000000000000000, -1.000000000000000000, 0.000000000000000000 ) ) ;
#6441 = EDGE_LOOP ( 'NONE', ( #3699, #6708, #503, #3459, #1254, #5659, #6601, #5196 ) ) ;
#6442 = VECTOR ( 'NONE', #5261, 39.37007874015748854 ) ;
#6443 = VECTOR ( 'NONE', #1226, 39.37007874015748143 ) ;
#6444 = ORIENTED_EDGE ( 'NONE', *, *, #3895, .F. ) ;
#6445 = PLANE ( 'NONE',  #5877 ) ;
#6446 = DIRECTION ( 'NONE',  ( 0.000000000000000000, -1.000000000000000000, 0.000000000000000000 ) ) ;
#6447 = DIRECTION ( 'NONE',  ( 0.000000000000000000, 0.000000000000000000, 1.000000000000000000 ) ) ;
#6448 = CARTESIAN_POINT ( 'NONE',  ( 0.9631387385170552262, -0.5495509350395306747, 0.08070866141732284393 ) ) ;
#6449 = VECTOR ( 'NONE', #5503, 39.37007874015748143 ) ;
#6450 = ORIENTED_EDGE ( 'NONE', *, *, #1734, .F. ) ;
#6451 = VERTEX_POINT ( 'NONE', #4754 ) ;
#6452 = ORIENTED_EDGE ( 'NONE', *, *, #5742, .F. ) ;
#6453 = CARTESIAN_POINT ( 'NONE',  ( 0.6887718761202302753, -0.5908895177166516577, 0.07874015748031495954 ) ) ;
#6454 = CARTESIAN_POINT ( 'NONE',  ( 0.9152056676509450206, -0.5101808562992157237, -0.04429133858267716994 ) ) ;
#6455 = ORIENTED_EDGE ( 'NONE', *, *, #488, .F. ) ;
#6456 = LINE ( 'NONE', #2676, #4797 ) ;
#6457 = CYLINDRICAL_SURFACE ( 'NONE', #73, 0.007874015748039371598 ) ;
#6458 = CARTESIAN_POINT ( 'NONE',  ( 0.8915836204068524617, -0.4491572342519299932, 0.03937007874015747977 ) ) ;
#6459 = AXIS2_PLACEMENT_3D ( 'NONE', #6811, #296, #6776 ) ;
#6460 = VERTEX_POINT ( 'NONE', #3210 ) ;
#6461 = VERTEX_POINT ( 'NONE', #4720 ) ;
#6462 = FACE_OUTER_BOUND ( 'NONE', #3736, .T. ) ;
#6463 = LINE ( 'NONE', #548, #5341 ) ;
#6464 = PLANE ( 'NONE',  #5387 ) ;
#6465 = AXIS2_PLACEMENT_3D ( 'NONE', #210, #4489, #1822 ) ;
#6466 = EDGE_CURVE ( 'NONE', #2418, #6634, #1985, .T. ) ;
#6467 = EDGE_CURVE ( 'NONE', #820, #6850, #1531, .T. ) ;
#6468 = LINE ( 'NONE', #3748, #2396 ) ;
#6469 = ORIENTED_EDGE ( 'NONE', *, *, #2094, .F. ) ;
#6470 = DIRECTION ( 'NONE',  ( -1.000000000000000000, 0.000000000000000000, 0.000000000000000000 ) ) ;
#6471 = DIRECTION ( 'NONE',  ( -1.000000000000000000, 0.000000000000000000, 0.000000000000000000 ) ) ;
#6472 = VECTOR ( 'NONE', #6229, 39.37007874015748143 ) ;
#6473 = CARTESIAN_POINT ( 'NONE',  ( 1.100793150224137928, -0.4392848555392920851, 0.08070866141733053223 ) ) ;
#6474 = CARTESIAN_POINT ( 'NONE',  ( 0.6980338035141886444, -0.4526857864950711297, 0.06102362204724390976 ) ) ;
#6475 = ORIENTED_EDGE ( 'NONE', *, *, #871, .F. ) ;
#6476 = AXIS2_PLACEMENT_3D ( 'NONE', #6210, #822, #3599 ) ;
#6477 = EDGE_CURVE ( 'NONE', #6028, #708, #476, .T. ) ;
#6478 = ORIENTED_EDGE ( 'NONE', *, *, #5832, .F. ) ;
#6479 = FACE_OUTER_BOUND ( 'NONE', #735, .T. ) ;
#6480 = ORIENTED_EDGE ( 'NONE', *, *, #5650, .F. ) ;
#6481 = CARTESIAN_POINT ( 'NONE',  ( 0.6887718761202302753, -0.5908895177166516577, 0.07874015748031495954 ) ) ;
#6482 = DIRECTION ( 'NONE',  ( 0.000000000000000000, 0.000000000000000000, -1.000000000000000000 ) ) ;
#6483 = CARTESIAN_POINT ( 'NONE',  ( 0.7017090529716014657, -0.4334092027560646487, 0.06496062992124294888 ) ) ;
#6484 = AXIS2_PLACEMENT_3D ( 'NONE', #577, #2045, #4194 ) ;
#6485 = AXIS2_PLACEMENT_3D ( 'NONE', #1877, #860, #5177 ) ;
#6486 = ORIENTED_EDGE ( 'NONE', *, *, #6182, .F. ) ;
#6487 = ORIENTED_EDGE ( 'NONE', *, *, #1983, .F. ) ;
#6488 = ORIENTED_EDGE ( 'NONE', *, *, #4900, .T. ) ;
#6489 = EDGE_CURVE ( 'NONE', #6204, #5519, #3176, .T. ) ;
#6490 = PLANE ( 'NONE',  #5526 ) ;
#6491 = CIRCLE ( 'NONE', #4789, 0.01181102362204594289 ) ;
#6492 = CARTESIAN_POINT ( 'NONE',  ( 0.9395166912729547848, -0.4904958169292921721, -0.06496062992125983815 ) ) ;
#6493 = ORIENTED_EDGE ( 'NONE', *, *, #3330, .F. ) ;
#6494 = CARTESIAN_POINT ( 'NONE',  ( 0.9604254194271298894, -0.5908895177166516577, 0.007874015748031495954 ) ) ;
#6495 = LINE ( 'NONE', #1565, #6940 ) ;
#6496 = DIRECTION ( 'NONE',  ( 1.000000000000000000, 0.000000000000000000, 0.000000000000000000 ) ) ;
#6497 = ORIENTED_EDGE ( 'NONE', *, *, #4798, .F. ) ;
#6498 = VECTOR ( 'NONE', #5426, 39.37007874015748143 ) ;
#6499 = EDGE_CURVE ( 'NONE', #4790, #1302, #6386, .T. ) ;
#6500 = VERTEX_POINT ( 'NONE', #4689 ) ;
#6501 = ORIENTED_EDGE ( 'NONE', *, *, #3921, .T. ) ;
#6502 = CARTESIAN_POINT ( 'NONE',  ( 0.8895592776948445524, -0.7129367618111791538, -0.2027559055118110243 ) ) ;
#6503 = CARTESIAN_POINT ( 'NONE',  ( 0.8128434629265374189, -0.3152989665353965187, 0.03937007874015747977 ) ) ;
#6504 = DIRECTION ( 'NONE',  ( -1.000000000000000000, 0.000000000000000000, 0.000000000000000000 ) ) ;
#6505 = LINE ( 'NONE', #4969, #2497 ) ;
#6506 = EDGE_LOOP ( 'NONE', ( #465, #1656, #5336, #3489 ) ) ;
#6507 = CARTESIAN_POINT ( 'NONE',  ( 0.9486702345800788194, -0.5731729822834260579, -0.01968503937007873988 ) ) ;
#6508 = CARTESIAN_POINT ( 'NONE',  ( 0.6887718761201948592, -0.4529042132855922165, 0.06102362204724410405 ) ) ;
#6509 = FACE_OUTER_BOUND ( 'NONE', #4700, .T. ) ;
#6510 = CARTESIAN_POINT ( 'NONE',  ( 0.6986864590552421816, -0.4508614804162614509, 0.07086614173228347746 ) ) ;
#6511 = EDGE_CURVE ( 'NONE', #2552, #2389, #931, .T. ) ;
#6512 = ORIENTED_EDGE ( 'NONE', *, *, #50, .F. ) ;
#6513 = ORIENTED_EDGE ( 'NONE', *, *, #5448, .T. ) ;
#6514 = CARTESIAN_POINT ( 'NONE',  ( 0.9131813249391299570, -0.6971887303151181881, 0.007874015748031495954 ) ) ;
#6515 = VERTEX_POINT ( 'NONE', #6928 ) ;
#6516 = DIRECTION ( 'NONE',  ( 1.000000000000000000, 0.000000000000000000, 0.000000000000000000 ) ) ;
#6517 = CARTESIAN_POINT ( 'NONE',  ( 0.6953288815396890810, -0.4590917141166149240, -0.08070866141732284393 ) ) ;
#6518 = CARTESIAN_POINT ( 'NONE',  ( 0.5963080298556693304, -0.5180548720472071267, 0.01968503937007873988 ) ) ;
#6519 = ADVANCED_FACE ( 'NONE', ( #3603 ), #6965, .F. ) ;
#6520 = EDGE_CURVE ( 'NONE', #5727, #4327, #2090, .T. ) ;
#6521 = ORIENTED_EDGE ( 'NONE', *, *, #3012, .F. ) ;
#6522 = ORIENTED_EDGE ( 'NONE', *, *, #1517, .T. ) ;
#6523 = ORIENTED_EDGE ( 'NONE', *, *, #4174, .T. ) ;
#6524 = DIRECTION ( 'NONE',  ( 0.000000000000000000, -1.000000000000000000, 0.000000000000000000 ) ) ;
#6525 = LINE ( 'NONE', #710, #2511 ) ;
#6526 = CARTESIAN_POINT ( 'NONE',  ( 0.8647135416666634766, -0.5495509350395306747, -0.06496062992125983815 ) ) ;
#6527 = ORIENTED_EDGE ( 'NONE', *, *, #371, .F. ) ;
#6528 = DIRECTION ( 'NONE',  ( 1.000000000000000000, 0.000000000000000000, 0.000000000000000000 ) ) ;
#6529 = CARTESIAN_POINT ( 'NONE',  ( 0.9395166912729547848, -0.5495509350395306747, -0.06496062992125983815 ) ) ;
#6530 = EDGE_CURVE ( 'NONE', #2179, #242, #6322, .T. ) ;
#6531 = ORIENTED_EDGE ( 'NONE', *, *, #4352, .F. ) ;
#6532 = VERTEX_POINT ( 'NONE', #1037 ) ;
#6533 = VECTOR ( 'NONE', #5831, 39.37007874015748143 ) ;
#6534 = ORIENTED_EDGE ( 'NONE', *, *, #5309, .T. ) ;
#6535 = CARTESIAN_POINT ( 'NONE',  ( 0.6907403800572066155, -0.4686522447816141579, 0.06496062992125983815 ) ) ;
#6536 = FACE_OUTER_BOUND ( 'NONE', #2112, .T. ) ;
#6537 = LINE ( 'NONE', #2263, #2915 ) ;
#6538 = ADVANCED_FACE ( 'NONE', ( #1494, #2128, #3640 ), #4273, .T. ) ;
#6539 = FACE_OUTER_BOUND ( 'NONE', #132, .T. ) ;
#6540 = DIRECTION ( 'NONE',  ( 0.000000000000000000, 0.000000000000000000, -1.000000000000000000 ) ) ;
#6541 = CARTESIAN_POINT ( 'NONE',  ( 0.6907403800572066155, -0.4686522447816141579, 0.08070866141732284393 ) ) ;
#6542 = DIRECTION ( 'NONE',  ( 0.000000000000000000, -1.000000000000000000, 0.000000000000000000 ) ) ;
#6543 = ORIENTED_EDGE ( 'NONE', *, *, #2113, .T. ) ;
#6544 = ORIENTED_EDGE ( 'NONE', *, *, #6962, .F. ) ;
#6545 = DIRECTION ( 'NONE',  ( -0.7071067811865474617, 0.7071067811865474617, 0.000000000000000000 ) ) ;
#6546 = ORIENTED_EDGE ( 'NONE', *, *, #4798, .T. ) ;
#6547 = CARTESIAN_POINT ( 'NONE',  ( 0.6952443799662597623, -0.4594564280026795511, -0.06496062992125983815 ) ) ;
#6548 = CARTESIAN_POINT ( 'NONE',  ( 0.7761308645013051954, -0.6499446358269291846, 0.08070866141732284393 ) ) ;
#6549 = AXIS2_PLACEMENT_3D ( 'NONE', #5706, #6875, #1966 ) ;
#6550 = VECTOR ( 'NONE', #4780, 39.37007874015748143 ) ;
#6551 = ORIENTED_EDGE ( 'NONE', *, *, #956, .T. ) ;
#6552 = ORIENTED_EDGE ( 'NONE', *, *, #6826, .T. ) ;
#6553 = ADVANCED_FACE ( 'NONE', ( #5895 ), #2749, .F. ) ;
#6554 = ADVANCED_FACE ( 'NONE', ( #1771 ), #3812, .F. ) ;
#6555 = DIRECTION ( 'NONE',  ( 0.000000000000000000, 1.000000000000000000, 0.000000000000000000 ) ) ;
#6556 = CARTESIAN_POINT ( 'NONE',  ( 1.058850616277521750, -1.063330462598543358, 0.07874015748031495954 ) ) ;
#6557 = DIRECTION ( 'NONE',  ( 0.000000000000000000, 0.000000000000000000, -1.000000000000000000 ) ) ;
#6558 = DIRECTION ( 'NONE',  ( 0.000000000000000000, 0.000000000000000000, 1.000000000000000000 ) ) ;
#6559 = VECTOR ( 'NONE', #5193, 39.37007874015748143 ) ;
#6560 = AXIS2_PLACEMENT_3D ( 'NONE', #2349, #208, #6012 ) ;
#6561 = DIRECTION ( 'NONE',  ( -1.000000000000000000, 0.000000000000000000, 0.000000000000000000 ) ) ;
#6562 = LINE ( 'NONE', #6097, #2432 ) ;
#6563 = ORIENTED_EDGE ( 'NONE', *, *, #3534, .F. ) ;
#6564 = ORIENTED_EDGE ( 'NONE', *, *, #6342, .T. ) ;
#6565 = AXIS2_PLACEMENT_3D ( 'NONE', #1777, #3923, #3287 ) ;
#6566 = ADVANCED_FACE ( 'NONE', ( #51 ), #2785, .F. ) ;
#6567 = ORIENTED_EDGE ( 'NONE', *, *, #6299, .F. ) ;
#6568 = DIRECTION ( 'NONE',  ( -7.569702440625950512E-14, -1.000000000000000000, 0.000000000000000000 ) ) ;
#6569 = CARTESIAN_POINT ( 'NONE',  ( 0.8580632147027226209, -0.5357714074804330595, -0.007874015748031495954 ) ) ;
#6570 = CARTESIAN_POINT ( 'NONE',  ( 0.7636308645013326624, -0.5298658956692529065, -0.04429133858267716994 ) ) ;
#6571 = AXIS2_PLACEMENT_3D ( 'NONE', #6421, #5818, #6350 ) ;
#6572 = EDGE_CURVE ( 'NONE', #1200, #262, #1243, .T. ) ;
#6573 = FACE_OUTER_BOUND ( 'NONE', #6296, .T. ) ;
#6574 = DIRECTION ( 'NONE',  ( -1.000000000000000000, -2.220446049250555015E-12, 0.000000000000000000 ) ) ;
#6575 = DIRECTION ( 'NONE',  ( 0.000000000000000000, 0.000000000000000000, -1.000000000000000000 ) ) ;
#6576 = LINE ( 'NONE', #1221, #3024 ) ;
#6577 = DIRECTION ( 'NONE',  ( 0.000000000000000000, 0.000000000000000000, -1.000000000000000000 ) ) ;
#6578 = VECTOR ( 'NONE', #1548, 39.37007874015748143 ) ;
#6579 = ORIENTED_EDGE ( 'NONE', *, *, #4090, .F. ) ;
#6580 = EDGE_CURVE ( 'NONE', #6500, #1789, #1178, .T. ) ;
#6581 = AXIS2_PLACEMENT_3D ( 'NONE', #6481, #174, #70 ) ;
#6582 = VERTEX_POINT ( 'NONE', #6502 ) ;
#6583 = DIRECTION ( 'NONE',  ( -0.7071067811865475727, -0.7071067811865475727, 0.000000000000000000 ) ) ;
#6584 = ORIENTED_EDGE ( 'NONE', *, *, #6511, .F. ) ;
#6585 = CARTESIAN_POINT ( 'NONE',  ( 1.015543529663344602, -0.6302595964568091791, -0.07874015748031495954 ) ) ;
#6586 = CARTESIAN_POINT ( 'NONE',  ( 1.108680983602701176, -0.4308802119791869667, 0.06102362204724410405 ) ) ;
#6587 = CARTESIAN_POINT ( 'NONE',  ( 1.103114811650846017, -0.4334092027560750293, -0.06243531564423648178 ) ) ;
#6588 = VECTOR ( 'NONE', #3719, 39.37007874015748143 ) ;
#6589 = ORIENTED_EDGE ( 'NONE', *, *, #274, .T. ) ;
#6590 = VERTEX_POINT ( 'NONE', #6605 ) ;
#6591 = DIRECTION ( 'NONE',  ( -4.111937128241349667E-14, -1.000000000000000000, 0.000000000000000000 ) ) ;
#6592 = CARTESIAN_POINT ( 'NONE',  ( 0.8410914944225630352, -0.5495509350395306747, -0.08070866141732284393 ) ) ;
#6593 = VECTOR ( 'NONE', #4897, 39.37007874015748143 ) ;
#6594 = DIRECTION ( 'NONE',  ( 0.000000000000000000, 0.000000000000000000, -1.000000000000000000 ) ) ;
#6595 = DIRECTION ( 'NONE',  ( 0.000000000000000000, -1.000000000000000000, 0.000000000000000000 ) ) ;
#6596 = FILL_AREA_STYLE_COLOUR ( '', #638 ) ;
#6597 = CARTESIAN_POINT ( 'NONE',  ( 1.114080404063698904, -0.4334092027560654259, 0.08070866141732284393 ) ) ;
#6598 = ADVANCED_FACE ( 'NONE', ( #6462 ), #3280, .F. ) ;
#6599 = ORIENTED_EDGE ( 'NONE', *, *, #629, .F. ) ;
#6600 = ADVANCED_FACE ( 'NONE', ( #547 ), #3393, .F. ) ;
#6601 = ORIENTED_EDGE ( 'NONE', *, *, #3060, .F. ) ;
#6602 = AXIS2_PLACEMENT_3D ( 'NONE', #1106, #4232, #1559 ) ;
#6603 = DIRECTION ( 'NONE',  ( 0.000000000000000000, 0.000000000000000000, -1.000000000000000000 ) ) ;
#6604 = ORIENTED_EDGE ( 'NONE', *, *, #1395, .F. ) ;
#6605 = CARTESIAN_POINT ( 'NONE',  ( 0.7636308645013326624, -0.5298658956692529065, 0.04429133858267716994 ) ) ;
#6606 = DIRECTION ( 'NONE',  ( 0.000000000000000000, 0.000000000000000000, 1.000000000000000000 ) ) ;
#6607 = LINE ( 'NONE', #1773, #6099 ) ;
#6608 = VECTOR ( 'NONE', #3501, 39.37007874015748143 ) ;
#6609 = EDGE_CURVE ( 'NONE', #5885, #363, #2299, .T. ) ;
#6610 = EDGE_CURVE ( 'NONE', #2557, #3565, #1633, .T. ) ;
#6611 = B_SPLINE_CURVE_WITH_KNOTS ( 'NONE', 3,
 ( #1897, #6199, #5668, #847, #4950 ),
 .UNSPECIFIED., .F., .F.,
 ( 4, 1, 4 ),
 ( 0.000000000000000000, 0.2938945741444615178, 0.5383471374219870320 ),
 .UNSPECIFIED. ) ;
#6612 = AXIS2_PLACEMENT_3D ( 'NONE', #5037, #3464, #788 ) ;
#6613 = CARTESIAN_POINT ( 'NONE',  ( 0.7911340808444526917, -0.6971887303151181881, -0.2027559055118110243 ) ) ;
#6614 = DIRECTION ( 'NONE',  ( 0.000000000000000000, 0.000000000000000000, -1.000000000000000000 ) ) ;
#6615 = PLANE ( 'NONE',  #1413 ) ;
#6616 = CARTESIAN_POINT ( 'NONE',  ( 0.6952443799662597623, -0.4594564280026795511, -0.08070866141732284393 ) ) ;
#6617 = CARTESIAN_POINT ( 'NONE',  ( 0.6907403800572066155, -0.4686522447816141579, 0.06496062992125983815 ) ) ;
#6618 = EDGE_CURVE ( 'NONE', #5885, #4252, #584, .T. ) ;
#6619 = ORIENTED_EDGE ( 'NONE', *, *, #1732, .F. ) ;
#6620 = VERTEX_POINT ( 'NONE', #3847 ) ;
#6621 = CARTESIAN_POINT ( 'NONE',  ( 1.112111900126696806, -0.4686522447816535153, -0.08070866141732284393 ) ) ;
#6622 = ORIENTED_EDGE ( 'NONE', *, *, #4014, .F. ) ;
#6623 = CARTESIAN_POINT ( 'NONE',  ( 0.7636308645013326624, -0.5849840059054763897, 0.04429133858267716994 ) ) ;
#6624 = DIRECTION ( 'NONE',  ( 0.000000000000000000, 0.000000000000000000, 1.000000000000000000 ) ) ;
#6625 = DIRECTION ( 'NONE',  ( -1.000000000000000000, 0.000000000000000000, 0.000000000000000000 ) ) ;
#6626 = EDGE_LOOP ( 'NONE', ( #4910, #5760, #1733, #4007 ) ) ;
#6627 = ORIENTED_EDGE ( 'NONE', *, *, #1071, .T. ) ;
#6628 = CARTESIAN_POINT ( 'NONE',  ( 0.8895592776948445524, -0.7877399114174391537, -0.2027559055118110243 ) ) ;
#6629 = CARTESIAN_POINT ( 'NONE',  ( 0.7754418881233877681, -0.5534879429133489070, 0.03051181102362205202 ) ) ;
#6630 = FACE_OUTER_BOUND ( 'NONE', #4030, .T. ) ;
#6631 = DIRECTION ( 'NONE',  ( 0.000000000000000000, 1.000000000000000000, 0.000000000000000000 ) ) ;
#6632 = DIRECTION ( 'NONE',  ( -0.7071067811865474617, 0.7071067811865474617, 0.000000000000000000 ) ) ;
#6633 = DIRECTION ( 'NONE',  ( 0.000000000000000000, 0.000000000000000000, -1.000000000000000000 ) ) ;
#6634 = VERTEX_POINT ( 'NONE', #122 ) ;
#6635 = ORIENTED_EDGE ( 'NONE', *, *, #5789, .T. ) ;
#6636 = CARTESIAN_POINT ( 'NONE',  ( 0.9289851952100020016, -0.5180548720472071267, 0.01968503937007873988 ) ) ;
#6637 = ORIENTED_EDGE ( 'NONE', *, *, #6344, .F. ) ;
#6638 = ORIENTED_EDGE ( 'NONE', *, *, #6385, .F. ) ;
#6639 = DIRECTION ( 'NONE',  ( 1.850371707708115196E-13, 1.000000000000000000, 0.000000000000000000 ) ) ;
#6640 = LINE ( 'NONE', #91, #3551 ) ;
#6641 = DIRECTION ( 'NONE',  ( 1.000000000000000000, 2.498001805405489884E-12, 0.000000000000000000 ) ) ;
#6642 = VECTOR ( 'NONE', #3814, 39.37007874015748143 ) ;
#6643 = EDGE_CURVE ( 'NONE', #4252, #456, #5999, .T. ) ;
#6644 = AXIS2_PLACEMENT_3D ( 'NONE', #4199, #4791, #407 ) ;
#6645 = EDGE_CURVE ( 'NONE', #5498, #5142, #1111, .T. ) ;
#6646 = CARTESIAN_POINT ( 'NONE',  ( 1.015543529663344602, -1.063330462598543358, 0.07874015748031495954 ) ) ;
#6647 = CARTESIAN_POINT ( 'NONE',  ( 0.6997374685330158828, -0.4334092027560249583, -0.06243531564423603075 ) ) ;
#6648 = CARTESIAN_POINT ( 'NONE',  ( 0.9152056676509450206, -0.5101808562992157237, -0.06003937007874016185 ) ) ;
#6649 = DIRECTION ( 'NONE',  ( 0.000000000000000000, 0.000000000000000000, 1.000000000000000000 ) ) ;
#6650 = DIRECTION ( 'NONE',  ( 0.000000000000000000, 1.000000000000000000, 0.000000000000000000 ) ) ;
#6651 = ORIENTED_EDGE ( 'NONE', *, *, #2927, .T. ) ;
#6652 = ORIENTED_EDGE ( 'NONE', *, *, #1918, .T. ) ;
#6653 = ADVANCED_FACE ( 'NONE', ( #1213 ), #5499, .F. ) ;
#6654 = CARTESIAN_POINT ( 'NONE',  ( 0.7840048802493366775, -0.6420706200788995899, 0.08070866141732284393 ) ) ;
#6655 = ORIENTED_EDGE ( 'NONE', *, *, #6301, .F. ) ;
#6656 = DIRECTION ( 'NONE',  ( 1.000000000000000000, 0.000000000000000000, 0.000000000000000000 ) ) ;
#6657 = CARTESIAN_POINT ( 'NONE',  ( 1.112781998872376832, -0.4450620981431270273, 0.06102362204724411099 ) ) ;
#6658 = FACE_BOUND ( 'NONE', #650, .T. ) ;
#6659 =( BOUNDED_CURVE ( )  B_SPLINE_CURVE ( 3, ( #4094, #3500, #304, #3991 ),
 .UNSPECIFIED., .F., .T. ) 
 B_SPLINE_CURVE_WITH_KNOTS ( ( 4, 4 ),
 ( 8.673617379886349793E-16, 1.570796326794895004 ),
 .UNSPECIFIED. ) 
 CURVE ( )  GEOMETRIC_REPRESENTATION_ITEM ( )  RATIONAL_B_SPLINE_CURVE ( ( 1.000000000000000000, 0.8047378541243649375, 0.8047378541243649375, 1.000000000000000000 ) ) 
 REPRESENTATION_ITEM ( '' )  );
#6660 = ORIENTED_EDGE ( 'NONE', *, *, #793, .F. ) ;
#6661 = VERTEX_POINT ( 'NONE', #5143 ) ;
#6662 = LINE ( 'NONE', #6628, #6098 ) ;
#6663 = DIRECTION ( 'NONE',  ( 0.000000000000000000, 0.000000000000000000, -1.000000000000000000 ) ) ;
#6664 = CARTESIAN_POINT ( 'NONE',  ( 0.7636308645013326624, -0.4491572342519299932, 0.04429133858267716994 ) ) ;
#6665 = DIRECTION ( 'NONE',  ( -1.000000000000000000, 0.000000000000000000, 0.000000000000000000 ) ) ;
#6666 = EDGE_CURVE ( 'NONE', #3448, #6500, #195, .T. ) ;
#6667 = LENGTH_MEASURE_WITH_UNIT ( LENGTH_MEASURE( 0.02539999999999999897 ), #1171 );
#6668 = CARTESIAN_POINT ( 'NONE',  ( 0.6992680684134933156, -0.4489369878383595025, 0.06102362204724403466 ) ) ;
#6669 = VECTOR ( 'NONE', #811, 39.37007874015748143 ) ;
#6670 = AXIS2_PLACEMENT_3D ( 'NONE', #3352, #5102, #3916 ) ;
#6671 = VERTEX_POINT ( 'NONE', #298 ) ;
#6672 = EDGE_LOOP ( 'NONE', ( #2057, #5643, #3477, #2042 ) ) ;
#6673 = VECTOR ( 'NONE', #2422, 39.37007874015748143 ) ;
#6674 = VECTOR ( 'NONE', #4948, 39.37007874015748143 ) ;
#6675 = DIRECTION ( 'NONE',  ( 0.000000000000000000, -1.000000000000000000, 0.000000000000000000 ) ) ;
#6676 = ORIENTED_EDGE ( 'NONE', *, *, #3684, .F. ) ;
#6677 = ORIENTED_EDGE ( 'NONE', *, *, #4476, .T. ) ;
#6678 = LINE ( 'NONE', #2440, #2104 ) ;
#6679 = LINE ( 'NONE', #2924, #293 ) ;
#6680 = DIRECTION ( 'NONE',  ( -1.000000000000000000, 0.000000000000000000, 0.000000000000000000 ) ) ;
#6681 = AXIS2_PLACEMENT_3D ( 'NONE', #6646, #624, #1285 ) ;
#6682 = DIRECTION ( 'NONE',  ( 2.523234146875349864E-14, 1.000000000000000000, 0.000000000000000000 ) ) ;
#6683 = DIRECTION ( 'NONE',  ( 0.000000000000000000, -1.000000000000000000, 0.000000000000000000 ) ) ;
#6684 = CARTESIAN_POINT ( 'NONE',  ( -72.67989785495295507, -0.5357714074767354617, -0.07874015748031495954 ) ) ;
#6685 = CARTESIAN_POINT ( 'NONE',  ( 0.6907403800572066155, -0.5908895177166575419, -0.08070866141732284393 ) ) ;
#6686 = PLANE ( 'NONE',  #417 ) ;
#6687 = EDGE_CURVE ( 'NONE', #1892, #423, #4544, .T. ) ;
#6688 = EDGE_CURVE ( 'NONE', #6881, #2250, #2368, .T. ) ;
#6689 = VERTEX_POINT ( 'NONE', #5638 ) ;
#6690 = EDGE_CURVE ( 'NONE', #3209, #4161, #4021, .T. ) ;
#6691 = ORIENTED_EDGE ( 'NONE', *, *, #2646, .T. ) ;
#6692 = CARTESIAN_POINT ( 'NONE',  ( 1.101537183259347463, -0.4418578263033632880, 0.07086614173228347746 ) ) ;
#6693 = ORIENTED_EDGE ( 'NONE', *, *, #1686, .T. ) ;
#6694 = CARTESIAN_POINT ( 'NONE',  ( 1.099158993470363832, -0.4336337122174150904, 0.06102362204724390976 ) ) ;
#6695 = AXIS2_PLACEMENT_3D ( 'NONE', #1581, #5338, #5772 ) ;
#6696 = PLANE ( 'NONE',  #255 ) ;
#6697 = EDGE_CURVE ( 'NONE', #3255, #1993, #6678, .T. ) ;
#6698 = ORIENTED_EDGE ( 'NONE', *, *, #4564, .F. ) ;
#6699 = VECTOR ( 'NONE', #2800, 39.37007874015748143 ) ;
#6700 = VERTEX_POINT ( 'NONE', #2959 ) ;
#6701 = DIRECTION ( 'NONE',  ( 1.000000000000000000, 0.000000000000000000, 0.000000000000000000 ) ) ;
#6702 = LINE ( 'NONE', #1410, #1952 ) ;
#6703 = FACE_OUTER_BOUND ( 'NONE', #4361, .T. ) ;
#6704 = DIRECTION ( 'NONE',  ( -0.7071067811865474617, -0.7071067811865474617, 0.000000000000000000 ) ) ;
#6705 = AXIS2_PLACEMENT_3D ( 'NONE', #4913, #2632, #4358 ) ;
#6706 = CARTESIAN_POINT ( 'NONE',  ( 0.6900709248597507450, -0.4450598726624960255, 0.06102362204724374323 ) ) ;
#6707 = ORIENTED_EDGE ( 'NONE', *, *, #4919, .T. ) ;
#6708 = ORIENTED_EDGE ( 'NONE', *, *, #3558, .T. ) ;
#6709 = EDGE_CURVE ( 'NONE', #4939, #6906, #6178, .T. ) ;
#6710 = VECTOR ( 'NONE', #759, 39.37007874015748143 ) ;
#6711 = PLANE ( 'NONE',  #5185 ) ;
#6712 = CARTESIAN_POINT ( 'NONE',  ( 0.6907403800572066155, -0.5908895177166575419, 0.08070866141732284393 ) ) ;
#6713 = VERTEX_POINT ( 'NONE', #1352 ) ;
#6714 = DIRECTION ( 'NONE',  ( 1.000000000000000000, 0.000000000000000000, 4.928191693115478900E-17 ) ) ;
#6715 = DIRECTION ( 'NONE',  ( 0.000000000000000000, 0.000000000000000000, -1.000000000000000000 ) ) ;
#6716 = DIRECTION ( 'NONE',  ( 0.000000000000000000, 0.000000000000000000, 1.000000000000000000 ) ) ;
#6717 = AXIS2_PLACEMENT_3D ( 'NONE', #2743, #2847, #6528 ) ;
#6718 = ADVANCED_FACE ( 'NONE', ( #6748 ), #1906, .T. ) ;
#6719 = AXIS2_PLACEMENT_3D ( 'NONE', #3135, #437, #6922 ) ;
#6720 = CARTESIAN_POINT ( 'NONE',  ( 0.8647135416666634766, -0.5495509350395306747, -0.08070866141732284393 ) ) ;
#6721 = VECTOR ( 'NONE', #95, 39.37007874015748143 ) ;
#6722 = LINE ( 'NONE', #4549, #1088 ) ;
#6723 = CARTESIAN_POINT ( 'NONE',  ( 1.101867955219758111, -0.4430016820064948679, 0.07978490691219826403 ) ) ;
#6724 = CARTESIAN_POINT ( 'NONE',  ( 0.8410914944225630352, -0.4904958169292921721, 0.06496062992125983815 ) ) ;
#6725 = FACE_OUTER_BOUND ( 'NONE', #3353, .T. ) ;
#6726 = ORIENTED_EDGE ( 'NONE', *, *, #3497, .T. ) ;
#6727 = AXIS2_PLACEMENT_3D ( 'NONE', #5829, #5217, #6889 ) ;
#6728 = ORIENTED_EDGE ( 'NONE', *, *, #3460, .T. ) ;
#6729 = DIRECTION ( 'NONE',  ( 0.000000000000000000, -1.000000000000000000, 0.000000000000000000 ) ) ;
#6730 = ORIENTED_EDGE ( 'NONE', *, *, #3535, .T. ) ;
#6731 = CARTESIAN_POINT ( 'NONE',  ( 1.102262464485358251, -0.4443659503953543144, 0.07086614173228347746 ) ) ;
#6732 = CARTESIAN_POINT ( 'NONE',  ( 1.059595431430434997, -0.6420706200788995899, 0.08070866141732284393 ) ) ;
#6733 = ORIENTED_EDGE ( 'NONE', *, *, #3120, .F. ) ;
#6734 = EDGE_LOOP ( 'NONE', ( #2983, #3633, #2541, #1223, #4984, #1716, #6405 ) ) ;
#6735 = CARTESIAN_POINT ( 'NONE',  ( 0.7144182660761357884, -0.4491572342519299932, 0.06003937007874016185 ) ) ;
#6736 = CARTESIAN_POINT ( 'NONE',  ( 0.9152056676509450206, -0.5298658956692529065, -0.06003937007874016185 ) ) ;
#6737 = CARTESIAN_POINT ( 'NONE',  ( 0.9446773879310689237, -0.5357714074804330595, 0.007874015748031495954 ) ) ;
#6738 = CARTESIAN_POINT ( 'NONE',  ( 0.6887718761202302753, -0.5908895177166516577, -0.07874015748031495954 ) ) ;
#6739 = EDGE_CURVE ( 'NONE', #6008, #546, #3986, .T. ) ;
#6740 = EDGE_CURVE ( 'NONE', #5603, #731, #6247, .T. ) ;
#6741 = CARTESIAN_POINT ( 'NONE',  ( 0.7028089659437930514, -0.4366918175021783366, 0.06102362204725915451 ) ) ;
#6742 = VERTEX_POINT ( 'NONE', #2923 ) ;
#6743 = ORIENTED_EDGE ( 'NONE', *, *, #439, .T. ) ;
#6744 = DIRECTION ( 'NONE',  ( 1.000000000000000000, -5.046468293751270233E-14, 0.000000000000000000 ) ) ;
#6745 = PLANE ( 'NONE',  #6571 ) ;
#6746 = EDGE_CURVE ( 'NONE', #4557, #1011, #6209, .T. ) ;
#6747 = ORIENTED_EDGE ( 'NONE', *, *, #6231, .T. ) ;
#6748 = FACE_OUTER_BOUND ( 'NONE', #3421, .T. ) ;
#6749 = FACE_OUTER_BOUND ( 'NONE', #3552, .T. ) ;
#6750 = DIRECTION ( 'NONE',  ( -1.000000000000000000, 0.000000000000000000, 0.000000000000000000 ) ) ;
#6751 = ORIENTED_EDGE ( 'NONE', *, *, #353, .F. ) ;
#6752 = DIRECTION ( 'NONE',  ( 0.000000000000000000, 0.000000000000000000, 1.000000000000000000 ) ) ;
#6753 = CARTESIAN_POINT ( 'NONE',  ( 1.011606521789521596, -0.7877399114174391537, 0.007874015748031495954 ) ) ;
#6754 = DIRECTION ( 'NONE',  ( 0.000000000000000000, 0.000000000000000000, -1.000000000000000000 ) ) ;
#6755 = ADVANCED_FACE ( 'NONE', ( #6146 ), #1805, .T. ) ;
#6756 = LINE ( 'NONE', #2450, #1648 ) ;
#6757 = ORIENTED_EDGE ( 'NONE', *, *, #353, .T. ) ;
#6758 = VECTOR ( 'NONE', #1883, 39.37007874015748143 ) ;
#6759 = ORIENTED_EDGE ( 'NONE', *, *, #1043, .F. ) ;
#6760 = LINE ( 'NONE', #5726, #6904 ) ;
#6761 = ORIENTED_EDGE ( 'NONE', *, *, #2355, .T. ) ;
#6762 = LINE ( 'NONE', #3011, #4879 ) ;
#6763 = CARTESIAN_POINT ( 'NONE',  ( 0.6887718761201948592, -0.4491572342521267802, -0.06102362204724410405 ) ) ;
#6764 = VECTOR ( 'NONE', #1566, 39.37007874015748143 ) ;
#6765 = ORIENTED_EDGE ( 'NONE', *, *, #3330, .T. ) ;
#6766 = ORIENTED_EDGE ( 'NONE', *, *, #3584, .F. ) ;
#6767 = LINE ( 'NONE', #6338, #597 ) ;
#6768 = FACE_OUTER_BOUND ( 'NONE', #5370, .T. ) ;
#6769 = LINE ( 'NONE', #6238, #843 ) ;
#6770 = DIRECTION ( 'NONE',  ( 0.000000000000000000, 0.000000000000000000, 1.000000000000000000 ) ) ;
#6771 = ORIENTED_EDGE ( 'NONE', *, *, #3014, .T. ) ;
#6772 = EDGE_CURVE ( 'NONE', #2638, #6204, #3427, .T. ) ;
#6773 = ORIENTED_EDGE ( 'NONE', *, *, #4617, .F. ) ;
#6774 = EDGE_CURVE ( 'NONE', #2105, #2783, #3528, .T. ) ;
#6775 = LINE ( 'NONE', #4083, #133 ) ;
#6776 = DIRECTION ( 'NONE',  ( 1.000000000000000000, 0.000000000000000000, 0.000000000000000000 ) ) ;
#6777 = ORIENTED_EDGE ( 'NONE', *, *, #325, .T. ) ;
#6778 = CIRCLE ( 'NONE', #3729, 0.01181102362204724046 ) ;
#6779 = DIRECTION ( 'NONE',  ( 0.000000000000000000, 0.000000000000000000, 1.000000000000000000 ) ) ;
#6780 = DIRECTION ( 'NONE',  ( -1.000000000000000000, -2.498001805405489884E-12, 0.000000000000000000 ) ) ;
#6781 = LINE ( 'NONE', #1977, #5692 ) ;
#6782 = ORIENTED_EDGE ( 'NONE', *, *, #984, .T. ) ;
#6783 = EDGE_CURVE ( 'NONE', #1956, #3008, #331, .T. ) ;
#6784 = VECTOR ( 'NONE', #914, 39.37007874015748143 ) ;
#6785 = VECTOR ( 'NONE', #1090, 39.37007874015748143 ) ;
#6786 = LINE ( 'NONE', #6720, #3629 ) ;
#6787 = FACE_OUTER_BOUND ( 'NONE', #4212, .T. ) ;
#6788 = CARTESIAN_POINT ( 'NONE',  ( 0.8423151832068446199, -0.5357714074804330595, -0.007874015748031495954 ) ) ;
#6789 = DIRECTION ( 'NONE',  ( 0.000000000000000000, 0.000000000000000000, -1.000000000000000000 ) ) ;
#6790 = CIRCLE ( 'NONE', #713, 0.01574803149606125718 ) ;
#6791 = LINE ( 'NONE', #3606, #4234 ) ;
#6792 = EDGE_LOOP ( 'NONE', ( #6730, #3202, #3383, #2742 ) ) ;
#6793 = EDGE_CURVE ( 'NONE', #4858, #5272, #2470, .T. ) ;
#6794 = ORIENTED_EDGE ( 'NONE', *, *, #6740, .F. ) ;
#6795 = FACE_OUTER_BOUND ( 'NONE', #2454, .T. ) ;
#6796 = ORIENTED_EDGE ( 'NONE', *, *, #849, .F. ) ;
#6797 = DIRECTION ( 'NONE',  ( 0.000000000000000000, -1.000000000000000000, 0.000000000000000000 ) ) ;
#6798 = CARTESIAN_POINT ( 'NONE',  ( 0.8207174786745669026, -0.4452202263779543312, 0.03051181102362205202 ) ) ;
#6799 = ADVANCED_FACE ( 'NONE', ( #2855 ), #2892, .T. ) ;
#6800 = ORIENTED_EDGE ( 'NONE', *, *, #198, .F. ) ;
#6801 = B_SPLINE_CURVE_WITH_KNOTS ( 'NONE', 3,
 ( #6857, #1169, #6964, #3308, #4163 ),
 .UNSPECIFIED., .F., .F.,
 ( 4, 1, 4 ),
 ( -3.429644862793720198E-13, 0.2938945741443060311, 0.5383471374219870320 ),
 .UNSPECIFIED. ) ;
#6802 = VERTEX_POINT ( 'NONE', #5067 ) ;
#6803 = DIRECTION ( 'NONE',  ( 0.000000000000000000, 1.000000000000000000, 0.000000000000000000 ) ) ;
#6804 = CARTESIAN_POINT ( 'NONE',  ( 0.8410914944225630352, -0.4904958169292921721, 0.08070866141732284393 ) ) ;
#6805 = DIRECTION ( 'NONE',  ( 0.000000000000000000, 0.000000000000000000, 1.000000000000000000 ) ) ;
#6806 = CARTESIAN_POINT ( 'NONE',  ( 0.6691985142999252734, -0.6696296751970117755, 0.08070866141732284393 ) ) ;
#6807 = VECTOR ( 'NONE', #779, 39.37007874015748143 ) ;
#6808 = ORIENTED_EDGE ( 'NONE', *, *, #4773, .F. ) ;
#6809 = EDGE_LOOP ( 'NONE', ( #4488, #393, #4383, #5875 ) ) ;
#6810 = CARTESIAN_POINT ( 'NONE',  ( 0.9900088172572442113, -0.5731729822834260579, -0.01968503937007873988 ) ) ;
#6811 = CARTESIAN_POINT ( 'NONE',  ( 0.7761308645013051954, -0.6420706200788995899, 0.06496062992125983815 ) ) ;
#6812 = AXIS2_PLACEMENT_3D ( 'NONE', #3192, #1582, #2666 ) ;
#6813 = ORIENTED_EDGE ( 'NONE', *, *, #5905, .F. ) ;
#6814 = CARTESIAN_POINT ( 'NONE',  ( 0.9131813249391299570, -0.6971887303151181881, -0.007874015748031495954 ) ) ;
#6815 = DIRECTION ( 'NONE',  ( 0.000000000000000000, -1.000000000000000000, 0.000000000000000000 ) ) ;
#6816 = DIRECTION ( 'NONE',  ( 0.000000000000000000, 0.000000000000000000, -1.000000000000000000 ) ) ;
#6817 = EDGE_CURVE ( 'NONE', #6912, #4633, #2403, .T. ) ;
#6818 = EDGE_CURVE ( 'NONE', #1199, #4918, #1975, .T. ) ;
#6819 = ORIENTED_EDGE ( 'NONE', *, *, #4657, .F. ) ;
#6820 = AXIS2_PLACEMENT_3D ( 'NONE', #3567, #4645, #925 ) ;
#6821 = CARTESIAN_POINT ( 'NONE',  ( 0.7446348015091733830, -0.6420706200788995899, -0.06496062992125983815 ) ) ;
#6822 = DIRECTION ( 'NONE',  ( 0.000000000000000000, 0.000000000000000000, -1.000000000000000000 ) ) ;
#6823 = CARTESIAN_POINT ( 'NONE',  ( 1.100373453069356522, -0.4378334838956537967, 0.07633703926766806369 ) ) ;
#6824 = VECTOR ( 'NONE', #2011, 39.37007874015748143 ) ;
#6825 = CARTESIAN_POINT ( 'NONE',  ( 0.8647135416666634766, -0.4904958169292921721, 0.08070866141732284393 ) ) ;
#6826 = EDGE_CURVE ( 'NONE', #2258, #1437, #6392, .T. ) ;
#6827 = EDGE_CURVE ( 'NONE', #3301, #5048, #983, .T. ) ;
#6828 = VECTOR ( 'NONE', #3239, 39.37007874015748143 ) ;
#6829 = DIRECTION ( 'NONE',  ( -0.9606414366868625265, -0.2777913427740336672, 0.000000000000000000 ) ) ;
#6830 = ORIENTED_EDGE ( 'NONE', *, *, #3154, .T. ) ;
#6831 = AXIS2_PLACEMENT_3D ( 'NONE', #4377, #626, #4447 ) ;
#6832 = ORIENTED_EDGE ( 'NONE', *, *, #1655, .F. ) ;
#6833 = DIRECTION ( 'NONE',  ( 0.000000000000000000, 0.000000000000000000, -1.000000000000000000 ) ) ;
#6834 = ORIENTED_EDGE ( 'NONE', *, *, #5166, .F. ) ;
#6835 = CARTESIAN_POINT ( 'NONE',  ( 1.104166144375122061, -0.4508624127466157594, 0.07086614173228347746 ) ) ;
#6836 = DIRECTION ( 'NONE',  ( 1.000000000000000000, 0.000000000000000000, 4.928191693115478900E-17 ) ) ;
#6837 = EDGE_CURVE ( 'NONE', #1514, #542, #1030, .T. ) ;
#6838 = VECTOR ( 'NONE', #2996, 39.37007874015748143 ) ;
#6839 = ORIENTED_EDGE ( 'NONE', *, *, #5296, .T. ) ;
#6840 = ORIENTED_EDGE ( 'NONE', *, *, #2609, .T. ) ;
#6841 = CARTESIAN_POINT ( 'NONE',  ( 0.7525088172572126366, -0.6499446358269291846, 0.08070866141732284393 ) ) ;
#6842 = DIRECTION ( 'NONE',  ( -1.000000000000000000, 0.000000000000000000, 0.000000000000000000 ) ) ;
#6843 = DIRECTION ( 'NONE',  ( 1.000000000000000000, 0.000000000000000000, 0.000000000000000000 ) ) ;
#6844 = DIRECTION ( 'NONE',  ( 0.000000000000000000, 1.000000000000000000, 0.000000000000000000 ) ) ;
#6845 = EDGE_CURVE ( 'NONE', #5327, #5000, #924, .T. ) ;
#6846 = ORIENTED_EDGE ( 'NONE', *, *, #5508, .F. ) ;
#6847 = VERTEX_POINT ( 'NONE', #399 ) ;
#6848 = VERTEX_POINT ( 'NONE', #365 ) ;
#6849 = CARTESIAN_POINT ( 'NONE',  ( 0.8410914944225630352, -0.5495509350395306747, 0.08070866141732284393 ) ) ;
#6850 = VERTEX_POINT ( 'NONE', #469 ) ;
#6851 = EDGE_LOOP ( 'NONE', ( #2840, #3264, #4461, #579 ) ) ;
#6852 = DIRECTION ( 'NONE',  ( 0.000000000000000000, -1.000000000000000000, 0.000000000000000000 ) ) ;
#6853 = LINE ( 'NONE', #894, #1749 ) ;
#6854 = DIRECTION ( 'NONE',  ( 1.000000000000000000, 0.000000000000000000, 0.000000000000000000 ) ) ;
#6855 = ORIENTED_EDGE ( 'NONE', *, *, #5554, .F. ) ;
#6856 = CARTESIAN_POINT ( 'NONE',  ( 0.8895592776948445524, -0.6971887303151181881, -0.2027559055118110243 ) ) ;
#6857 = CARTESIAN_POINT ( 'NONE',  ( 0.6992043068859487009, -0.4491572342520874228, 0.06496062992125983815 ) ) ;
#6858 = LINE ( 'NONE', #4200, #2331 ) ;
#6859 = DIRECTION ( 'NONE',  ( 1.000000000000000000, 0.000000000000000000, 0.000000000000000000 ) ) ;
#6860 = CARTESIAN_POINT ( 'NONE',  ( 1.101143227212167730, -0.4334092027560646487, 0.06496062992129637836 ) ) ;
#6861 = ORIENTED_EDGE ( 'NONE', *, *, #100, .T. ) ;
#6862 = EDGE_CURVE ( 'NONE', #2713, #4706, #4230, .T. ) ;
#6863 = EDGE_CURVE ( 'NONE', #6848, #4565, #3669, .T. ) ;
#6864 = CARTESIAN_POINT ( 'NONE',  ( 0.7525088172572126366, -0.6499446358269291846, -0.08070866141732284393 ) ) ;
#6865 = EDGE_LOOP ( 'NONE', ( #5853, #560, #2603, #5622 ) ) ;
#6866 = CARTESIAN_POINT ( 'NONE',  ( 1.058850616277521750, -0.5908895177166516577, 0.06299212598425196763 ) ) ;
#6867 = CARTESIAN_POINT ( 'NONE',  ( 0.7005909997705965786, -0.4443618557079921372, 0.07086614173228347746 ) ) ;
#6868 = AXIS2_PLACEMENT_3D ( 'NONE', #1180, #6504, #1704 ) ;
#6869 = ORIENTED_EDGE ( 'NONE', *, *, #4072, .F. ) ;
#6870 = EDGE_CURVE ( 'NONE', #1516, #2398, #406, .T. ) ;
#6871 = ORIENTED_EDGE ( 'NONE', *, *, #3852, .F. ) ;
#6872 = LINE ( 'NONE', #6735, #1264 ) ;
#6873 = DIRECTION ( 'NONE',  ( 0.000000000000000000, 0.000000000000000000, -1.000000000000000000 ) ) ;
#6874 = DIRECTION ( 'NONE',  ( 0.000000000000000000, 1.000000000000000000, 0.000000000000000000 ) ) ;
#6875 = DIRECTION ( 'NONE',  ( 0.000000000000000000, 0.000000000000000000, -1.000000000000000000 ) ) ;
#6876 = ORIENTED_EDGE ( 'NONE', *, *, #1262, .T. ) ;
#6877 = ORIENTED_EDGE ( 'NONE', *, *, #3186, .F. ) ;
#6878 = ORIENTED_EDGE ( 'NONE', *, *, #6149, .T. ) ;
#6879 = CARTESIAN_POINT ( 'NONE',  ( 0.7892214156824370885, -0.5101808562992157237, 0.06003937007874016185 ) ) ;
#6880 = LINE ( 'NONE', #2674, #1507 ) ;
#6881 = VERTEX_POINT ( 'NONE', #5278 ) ;
#6882 = CARTESIAN_POINT ( 'NONE',  ( 1.058850616277521750, -0.5908895177166516577, -0.06299212598425196763 ) ) ;
#6883 = PLANE ( 'NONE',  #6484 ) ;
#6884 = LINE ( 'NONE', #5353, #3999 ) ;
#6885 = ORIENTED_EDGE ( 'NONE', *, *, #5040, .F. ) ;
#6886 = VECTOR ( 'NONE', #5599, 39.37007874015748143 ) ;
#6887 = CARTESIAN_POINT ( 'NONE',  ( 0.6887718761201948592, -0.4686522447816141579, -0.06102362204724410405 ) ) ;
#6888 = CARTESIAN_POINT ( 'NONE',  ( 0.9152056676509450206, -0.5298658956692529065, -0.04429133858267716994 ) ) ;
#6889 = DIRECTION ( 'NONE',  ( 0.000000000000000000, 0.000000000000000000, -1.000000000000000000 ) ) ;
#6890 = LINE ( 'NONE', #6503, #3435 ) ;
#6891 = DIRECTION ( 'NONE',  ( 0.000000000000000000, 0.000000000000000000, 1.000000000000000000 ) ) ;
#6892 = VECTOR ( 'NONE', #3338, 39.37007874015748143 ) ;
#6893 = AXIS2_PLACEMENT_3D ( 'NONE', #3423, #6067, #4999 ) ;
#6894 = ORIENTED_EDGE ( 'NONE', *, *, #2462, .T. ) ;
#6895 = AXIS2_PLACEMENT_3D ( 'NONE', #556, #1611, #5872 ) ;
#6896 = VECTOR ( 'NONE', #4285, 39.37007874015748143 ) ;
#6897 = CARTESIAN_POINT ( 'NONE',  ( 0.8647135416666634766, -0.4904958169292921721, 0.06496062992125983815 ) ) ;
#6898 = VERTEX_POINT ( 'NONE', #3169 ) ;
#6899 = LINE ( 'NONE', #6866, #6472 ) ;
#6900 = FACE_OUTER_BOUND ( 'NONE', #640, .T. ) ;
#6901 = CARTESIAN_POINT ( 'NONE',  ( 0.6906254164032541443, -0.4431423631116700457, 0.06102362204724524897 ) ) ;
#6902 = EDGE_CURVE ( 'NONE', #3279, #5890, #3566, .T. ) ;
#6903 = EDGE_CURVE ( 'NONE', #1673, #5717, #3634, .T. ) ;
#6904 = VECTOR ( 'NONE', #6227, 39.37007874015748143 ) ;
#6905 = VERTEX_POINT ( 'NONE', #6882 ) ;
#6906 = VERTEX_POINT ( 'NONE', #4713 ) ;
#6907 = CARTESIAN_POINT ( 'NONE',  ( 0.6887718761201948592, -0.4491572342521267802, 0.08070866141732284393 ) ) ;
#6908 = CARTESIAN_POINT ( 'NONE',  ( 0.7636308645013326624, -0.4491572342519299932, 0.06003937007874016185 ) ) ;
#6909 = DIRECTION ( 'NONE',  ( 0.000000000000000000, 0.000000000000000000, 1.000000000000000000 ) ) ;
#6910 = CARTESIAN_POINT ( 'NONE',  ( 0.7557568487533014023, -0.5731729822834260579, -0.03051181102362205202 ) ) ;
#6911 = EDGE_CURVE ( 'NONE', #6802, #6336, #5784, .T. ) ;
#6912 = VERTEX_POINT ( 'NONE', #2501 ) ;
#6913 = ORIENTED_EDGE ( 'NONE', *, *, #541, .T. ) ;
#6914 = VECTOR ( 'NONE', #5065, 39.37007874015748143 ) ;
#6915 = VERTEX_POINT ( 'NONE', #2120 ) ;
#6916 = CARTESIAN_POINT ( 'NONE',  ( 0.9395166912729547848, -0.4904958169292921721, 0.08070866141732284393 ) ) ;
#6917 = DIRECTION ( 'NONE',  ( 0.000000000000000000, 1.000000000000000000, 0.000000000000000000 ) ) ;
#6918 = ORIENTED_EDGE ( 'NONE', *, *, #6827, .T. ) ;
#6919 = DIRECTION ( 'NONE',  ( 1.000000000000000000, 0.000000000000000000, 0.000000000000000000 ) ) ;
#6920 = DIRECTION ( 'NONE',  ( 2.523234146875349864E-14, 1.000000000000000000, 0.000000000000000000 ) ) ;
#6921 = VECTOR ( 'NONE', #6305, 39.37007874015748143 ) ;
#6922 = DIRECTION ( 'NONE',  ( 0.000000000000000000, -1.000000000000000000, 0.000000000000000000 ) ) ;
#6923 = ADVANCED_FACE ( 'NONE', ( #4125 ), #4263, .F. ) ;
#6924 = VERTEX_POINT ( 'NONE', #1523 ) ;
#6925 = AXIS2_PLACEMENT_3D ( 'NONE', #5844, #2987, #6306 ) ;
#6926 = LINE ( 'NONE', #4394, #2383 ) ;
#6927 = CARTESIAN_POINT ( 'NONE',  ( 1.104719345611147929, -0.4528621900221267982, -0.06496062992125983815 ) ) ;
#6928 = CARTESIAN_POINT ( 'NONE',  ( 0.7525088172572126366, -0.6499446358269291846, -0.08070866141732284393 ) ) ;
#6929 = DIRECTION ( 'NONE',  ( -1.000000000000000000, 0.000000000000000000, 0.000000000000000000 ) ) ;
#6930 = ADVANCED_FACE ( 'NONE', ( #6283 ), #5820, .F. ) ;
#6931 = FACE_OUTER_BOUND ( 'NONE', #6506, .T. ) ;
#6932 = VECTOR ( 'NONE', #3182, 39.37007874015748143 ) ;
#6933 = ADVANCED_FACE ( 'NONE', ( #2082 ), #5314, .F. ) ;
#6934 = VECTOR ( 'NONE', #2054, 39.37007874015748143 ) ;
#6935 = CARTESIAN_POINT ( 'NONE',  ( 0.8974891322178701891, -0.5219918799212220906, -0.03051181102362205202 ) ) ;
#6936 = ORIENTED_EDGE ( 'NONE', *, *, #3229, .F. ) ;
#6937 = DIRECTION ( 'NONE',  ( 0.000000000000000000, 1.000000000000000000, 0.000000000000000000 ) ) ;
#6938 = CARTESIAN_POINT ( 'NONE',  ( 0.9131813249389370002, -0.7129367618111791538, 0.007874015748031495954 ) ) ;
#6939 = CARTESIAN_POINT ( 'NONE',  ( 0.9446773879310689237, -0.5357714074804330595, -0.007874015748031495954 ) ) ;
#6940 = VECTOR ( 'NONE', #4237, 39.37007874015748143 ) ;
#6941 = ORIENTED_EDGE ( 'NONE', *, *, #1434, .T. ) ;
#6942 = AXIS2_PLACEMENT_3D ( 'NONE', #507, #6960, #2645 ) ;
#6943 = ORIENTED_EDGE ( 'NONE', *, *, #4306, .F. ) ;
#6944 = LINE ( 'NONE', #1018, #6785 ) ;
#6945 = CARTESIAN_POINT ( 'NONE',  ( 0.6415277816318543103, -0.6302595964568091791, -0.007874015748031495954 ) ) ;
#6946 = LINE ( 'NONE', #6548, #2079 ) ;
#6947 = DIRECTION ( 'NONE',  ( 1.000000000000000000, 0.000000000000000000, 0.000000000000000000 ) ) ;
#6948 = AXIS2_PLACEMENT_3D ( 'NONE', #2759, #6540, #3251 ) ;
#6949 = ORIENTED_EDGE ( 'NONE', *, *, #6165, .F. ) ;
#6950 = EDGE_LOOP ( 'NONE', ( #3172, #1415, #896, #1390 ) ) ;
#6951 = VECTOR ( 'NONE', #4652, 39.37007874015748143 ) ;
#6952 = ORIENTED_EDGE ( 'NONE', *, *, #881, .F. ) ;
#6953 = EDGE_CURVE ( 'NONE', #1016, #1440, #4785, .T. ) ;
#6954 = EDGE_CURVE ( 'NONE', #6, #3979, #4684, .T. ) ;
#6955 = CARTESIAN_POINT ( 'NONE',  ( 1.113968726513744123, -0.6302595964568091791, 0.07874015748031495954 ) ) ;
#6956 = LINE ( 'NONE', #6492, #5099 ) ;
#6957 = VERTEX_POINT ( 'NONE', #4888 ) ;
#6958 = CARTESIAN_POINT ( 'NONE',  ( 1.020225352690281584, -0.5908895177166575419, 0.08070866141732284393 ) ) ;
#6959 = CARTESIAN_POINT ( 'NONE',  ( 0.7892214156824370885, -0.5101808562992157237, 0.04429133858267716994 ) ) ;
#6960 = DIRECTION ( 'NONE',  ( -0.000000000000000000, 1.000000000000000000, 0.000000000000000000 ) ) ;
#6961 = VERTEX_POINT ( 'NONE', #7 ) ;
#6962 = EDGE_CURVE ( 'NONE', #3422, #2390, #1592, .T. ) ;
#6963 = ORIENTED_EDGE ( 'NONE', *, *, #5479, .T. ) ;
#6964 = CARTESIAN_POINT ( 'NONE',  ( 0.6952443799662597623, -0.4594564280026795511, 0.06496062992125983815 ) ) ;
#6965 = PLANE ( 'NONE',  #1099 ) ;
#6966 = DIRECTION ( 'NONE',  ( 0.000000000000000000, 1.000000000000000000, 0.000000000000000000 ) ) ;
#6967 = DIRECTION ( 'NONE',  ( 1.000000000000000000, 0.000000000000000000, 0.000000000000000000 ) ) ;
#6968 = EDGE_CURVE ( 'NONE', #1515, #368, #6456, .T. ) ;
#6969 = DIRECTION ( 'NONE',  ( -0.000000000000000000, 1.000000000000000000, 0.000000000000000000 ) ) ;
#6970 = ORIENTED_EDGE ( 'NONE', *, *, #2381, .F. ) ;
#6971 = CARTESIAN_POINT ( 'NONE',  ( 0.9879844745452361909, -0.7877399114174391537, -0.2027559055118110243 ) ) ;
#6972 = DIRECTION ( 'NONE',  ( 1.000000000000000000, -1.850371707708115196E-13, 0.000000000000000000 ) ) ;
#6973 = CARTESIAN_POINT ( 'NONE',  ( 0.6893434065761062657, -0.4477583230812614556, 0.06102362204724410405 ) ) ;
#6974 = EDGE_LOOP ( 'NONE', ( #6337, #3592, #5249, #1239 ) ) ;
#6975 = EDGE_LOOP ( 'NONE', ( #6693, #4893, #2211, #6794 ) ) ;
#6976 = FACE_OUTER_BOUND ( 'NONE', #625, .T. ) ;
#6977 = CARTESIAN_POINT ( 'NONE',  ( 0.7911899196194488448, -0.3152989665353965187, -0.03937007874015747977 ) ) ;
#6978 = DIRECTION ( 'NONE',  ( -1.000000000000000000, 0.000000000000000000, 0.000000000000000000 ) ) ;
#6979 = CARTESIAN_POINT ( 'NONE',  ( 1.112111900126696806, -0.4686522447816535153, 0.06496062992125983815 ) ) ;
#6980 = VECTOR ( 'NONE', #6789, 39.37007874015748143 ) ;
ENDSEC;
END-ISO-10303-21;
